# Blender 4.3.2
# www.blender.org
mtllib krendershowcase:block/teapot.mtl
o MIT_teapot
v -3.000000 1.800000 -0.000000
v -2.991600 1.800000 -0.081000
v -2.991600 1.800000 0.081000
v -2.989450 1.666162 -0.000000
v -2.985000 1.921950 -0.000000
v -2.985000 1.921950 -0.000000
v -2.981175 1.667844 -0.081000
v -2.981175 1.667844 0.081000
v -2.976687 1.920243 -0.081000
v -2.976687 1.920243 0.081000
v -2.968800 1.800000 -0.144000
v -2.968800 1.800000 0.144000
v -2.958713 1.672406 -0.144000
v -2.958713 1.672406 0.144000
v -2.957600 1.534800 -0.000000
v -2.957600 1.534800 -0.000000
v -2.954122 1.915609 -0.144000
v -2.954122 1.915609 0.144000
v -2.949693 1.537790 -0.081000
v -2.949693 1.537790 0.081000
v -2.940000 2.019600 -0.000000
v -2.935200 1.800000 -0.189000
v -2.935200 1.800000 0.189000
v -2.931958 2.016526 0.081000
v -2.931958 2.016526 -0.081000
v -2.928230 1.545907 -0.144000
v -2.928230 1.545907 0.144000
v -2.925611 1.679131 -0.189000
v -2.925611 1.679131 0.189000
v -2.920870 1.908779 -0.189000
v -2.920870 1.908779 0.189000
v -2.910131 2.008181 -0.144000
v -2.910131 2.008181 0.144000
v -2.904150 1.406137 -0.000000
v -2.904150 1.406137 -0.000000
v -2.896846 1.410135 0.081000
v -2.896846 1.410135 -0.081000
v -2.896602 1.557869 -0.189000
v -2.896602 1.557869 0.189000
v -2.894400 1.800000 -0.216000
v -2.894400 1.800000 0.216000
v -2.885416 1.687296 -0.216000
v -2.885416 1.687296 0.216000
v -2.880491 1.900487 -0.216000
v -2.880491 1.900487 0.216000
v -2.877965 1.995883 -0.189000
v -2.877965 1.995883 0.189000
v -2.877022 1.420985 -0.144000
v -2.877022 1.420985 0.144000
v -2.865000 2.095650 -0.000000
v -2.858195 1.572394 0.216000
v -2.858195 1.572394 -0.216000
v -2.857432 2.091511 -0.081000
v -2.857432 2.091511 0.081000
v -2.850000 1.800000 -0.225000
v -2.850000 1.800000 0.225000
v -2.847806 1.436974 0.189000
v -2.847806 1.436974 -0.189000
v -2.841675 1.696181 0.225000
v -2.841675 1.696181 -0.225000
v -2.838906 1.980950 -0.216000
v -2.838906 1.980950 0.216000
v -2.836889 2.080276 -0.144000
v -2.836889 2.080276 0.144000
v -2.836550 1.891463 -0.225000
v -2.836550 1.891463 0.225000
v -2.828800 1.280400 -0.000000
v -2.822326 1.285171 -0.081000
v -2.822326 1.285171 0.081000
v -2.816400 1.588200 -0.225000
v -2.816400 1.588200 0.225000
v -2.812331 1.456390 0.216000
v -2.812331 1.456390 -0.216000
v -2.806615 2.063720 -0.189000
v -2.806615 2.063720 0.189000
v -2.805600 1.800000 -0.216000
v -2.805600 1.800000 0.216000
v -2.804755 1.298122 -0.144000
v -2.804755 1.298122 0.144000
v -2.797934 1.705067 -0.216000
v -2.797934 1.705067 0.216000
v -2.796400 1.964700 0.225000
v -2.796400 1.964700 -0.225000
v -2.792609 1.882438 -0.216000
v -2.792609 1.882438 0.216000
v -2.778861 1.317206 -0.189000
v -2.778861 1.317206 0.189000
v -2.774605 1.604006 0.216000
v -2.774605 1.604006 -0.216000
v -2.773725 1.477519 0.225000
v -2.773725 1.477519 -0.225000
v -2.769854 2.043616 -0.216000
v -2.769854 2.043616 0.216000
v -2.764800 1.800000 -0.189000
v -2.764800 1.800000 0.189000
v -2.760000 2.152800 -0.000000
v -2.760000 2.152800 -0.000000
v -2.757739 1.713232 -0.189000
v -2.757739 1.713232 0.189000
v -2.753894 1.948450 -0.216000
v -2.753894 1.948450 0.216000
v -2.753123 2.147861 -0.081000
v -2.753123 2.147861 0.081000
v -2.752230 1.874146 -0.189000
v -2.752230 1.874146 0.189000
v -2.747418 1.340381 -0.216000
v -2.747418 1.340381 0.216000
v -2.736198 1.618531 -0.189000
v -2.736198 1.618531 0.189000
v -2.735119 1.498648 0.216000
v -2.735119 1.498648 -0.216000
v -2.734458 2.134454 -0.144000
v -2.734458 2.134454 0.144000
v -2.731250 1.157813 -0.000000
v -2.731250 1.157813 -0.000000
v -2.731200 1.800000 -0.144000
v -2.731200 1.800000 0.144000
v -2.729850 2.021737 -0.225000
v -2.729850 2.021737 0.225000
v -2.725825 1.163194 0.081000
v -2.725825 1.163194 -0.081000
v -2.724637 1.719956 -0.144000
v -2.724637 1.719956 0.144000
v -2.718978 1.867316 -0.144000
v -2.718978 1.867316 0.144000
v -2.714835 1.933517 -0.189000
v -2.714835 1.933517 0.189000
v -2.713200 1.365600 -0.225000
v -2.713200 1.365600 0.225000
v -2.711100 1.177800 -0.144000
v -2.711100 1.177800 0.144000
v -2.708400 1.800000 -0.081000
v -2.708400 1.800000 0.081000
v -2.706950 2.114698 -0.189000
v -2.706950 2.114698 0.189000
v -2.704570 1.630493 -0.144000
v -2.704570 1.630493 0.144000
v -2.702175 1.724519 -0.081000
v -2.702175 1.724519 0.081000
v -2.700000 1.800000 -0.000000
v -2.699644 1.518063 0.189000
v -2.699644 1.518063 -0.189000
v -2.696413 1.862682 -0.081000
v -2.696413 1.862682 0.081000
v -2.693900 1.726200 -0.000000
v -2.689846 1.999859 -0.216000
v -2.689846 1.999859 0.216000
v -2.689400 1.199325 -0.189000
v -2.689400 1.199325 0.189000
v -2.688100 1.860975 -0.000000
v -2.688100 1.860975 -0.000000
v -2.683107 1.638610 -0.081000
v -2.683107 1.638610 0.081000
v -2.682669 1.921219 -0.144000
v -2.682669 1.921219 0.144000
v -2.678982 1.390819 -0.216000
v -2.678982 1.390819 0.216000
v -2.675200 1.641600 -0.000000
v -2.675200 1.641600 -0.000000
v -2.673549 2.090707 -0.216000
v -2.673549 2.090707 0.216000
v -2.670428 1.534053 -0.144000
v -2.670428 1.534053 0.144000
v -2.663050 1.225463 -0.216000
v -2.663050 1.225463 0.216000
v -2.660842 1.912874 0.081000
v -2.660842 1.912874 -0.081000
v -2.653085 1.979755 -0.189000
v -2.653085 1.979755 0.189000
v -2.652800 1.909800 -0.000000
v -2.652800 1.909800 -0.000000
v -2.650604 1.544903 0.081000
v -2.650604 1.544903 -0.081000
v -2.647539 1.413994 -0.189000
v -2.647539 1.413994 0.189000
v -2.643300 1.548900 -0.000000
v -2.637200 2.064600 -0.225000
v -2.637200 2.064600 0.225000
v -2.634375 1.253906 0.225000
v -2.634375 1.253906 -0.225000
v -2.625000 2.193750 -0.000000
v -2.622811 1.963199 -0.144000
v -2.622811 1.963199 0.144000
v -2.621645 1.433078 -0.144000
v -2.621645 1.433078 0.144000
v -2.619050 2.188238 -0.081000
v -2.619050 2.188238 0.081000
v -2.611200 1.038600 -0.000000
v -2.611200 1.038600 -0.000000
v -2.607034 1.044497 0.081000
v -2.607034 1.044497 -0.081000
v -2.605700 1.282350 -0.216000
v -2.605700 1.282350 0.216000
v -2.604074 1.446029 -0.081000
v -2.604074 1.446029 0.081000
v -2.602900 2.173275 -0.144000
v -2.602900 2.173275 0.144000
v -2.602268 1.951964 -0.081000
v -2.602268 1.951964 0.081000
v -2.600851 2.038493 -0.216000
v -2.600851 2.038493 0.216000
v -2.597600 1.450800 -0.000000
v -2.595725 1.060502 -0.144000
v -2.595725 1.060502 0.144000
v -2.594700 1.947825 -0.000000
v -2.579350 1.308488 -0.189000
v -2.579350 1.308488 0.189000
v -2.579100 2.151225 -0.189000
v -2.579100 2.151225 0.189000
v -2.579059 1.084090 -0.189000
v -2.579059 1.084090 0.189000
v -2.567450 2.014502 -0.189000
v -2.567450 2.014502 0.189000
v -2.558822 1.112731 0.216000
v -2.558822 1.112731 -0.216000
v -2.557650 1.330013 -0.144000
v -2.557650 1.330013 0.144000
v -2.550200 2.124450 -0.216000
v -2.550200 2.124450 0.216000
v -2.542925 1.344619 0.081000
v -2.542925 1.344619 -0.081000
v -2.539942 1.994746 -0.144000
v -2.539942 1.994746 0.144000
v -2.537500 1.350000 -0.000000
v -2.537500 1.350000 -0.000000
v -2.536800 1.143900 0.225000
v -2.536800 1.143900 -0.225000
v -2.521277 1.981339 -0.081000
v -2.521277 1.981339 0.081000
v -2.518750 2.095312 -0.225000
v -2.518750 2.095312 0.225000
v -2.514778 1.175069 0.216000
v -2.514778 1.175069 -0.216000
v -2.514400 1.976400 -0.000000
v -2.514400 1.976400 -0.000000
v -2.494541 1.203710 -0.189000
v -2.494541 1.203710 0.189000
v -2.487300 2.066175 -0.216000
v -2.487300 2.066175 0.216000
v -2.477875 1.227298 -0.144000
v -2.477875 1.227298 0.144000
v -2.468350 0.922987 -0.000000
v -2.466566 1.243303 0.081000
v -2.466566 1.243303 -0.081000
v -2.465644 0.929375 -0.081000
v -2.465644 0.929375 0.081000
v -2.462400 1.249200 -0.000000
v -2.462400 1.249200 -0.000000
v -2.460000 2.221200 -0.000000
v -2.460000 2.221200 -0.000000
v -2.458400 2.039400 -0.189000
v -2.458400 2.039400 0.189000
v -2.458298 0.946711 -0.144000
v -2.458298 0.946711 0.144000
v -2.455229 2.215303 -0.081000
v -2.455229 2.215303 0.081000
v -2.447474 0.972260 0.189000
v -2.447474 0.972260 -0.189000
v -2.442278 2.199298 -0.144000
v -2.442278 2.199298 0.144000
v -2.434600 2.017350 -0.144000
v -2.434600 2.017350 0.144000
v -2.434329 1.003283 -0.216000
v -2.434329 1.003283 0.216000
v -2.423194 2.175710 -0.189000
v -2.423194 2.175710 0.189000
v -2.420025 1.037044 -0.225000
v -2.420025 1.037044 0.225000
v -2.418450 2.002387 -0.081000
v -2.418450 2.002388 0.081000
v -2.412500 1.996875 -0.000000
v -2.412500 1.996875 -0.000000
v -2.405721 1.070804 -0.216000
v -2.405721 1.070804 0.216000
v -2.400019 2.147069 -0.216000
v -2.400019 2.147069 0.216000
v -2.392576 1.101828 -0.189000
v -2.392576 1.101828 0.189000
v -2.381752 1.127376 -0.144000
v -2.381752 1.127376 0.144000
v -2.374800 2.115900 -0.225000
v -2.374800 2.115900 0.225000
v -2.374406 1.144713 0.081000
v -2.374406 1.144713 -0.081000
v -2.371700 1.151100 -0.000000
v -2.349581 2.084731 -0.216000
v -2.349581 2.084731 0.216000
v -2.326406 2.056090 -0.189000
v -2.326406 2.056090 0.189000
v -2.307322 2.032502 -0.144000
v -2.307322 2.032502 0.144000
v -2.302400 0.811200 -0.000000
v -2.302400 0.811200 -0.000000
v -2.301347 0.818122 0.081000
v -2.301347 0.818122 -0.081000
v -2.298490 0.836909 0.144000
v -2.298490 0.836909 -0.144000
v -2.294371 2.016497 -0.081000
v -2.294371 2.016497 0.081000
v -2.294278 0.864595 0.189000
v -2.294278 0.864595 -0.189000
v -2.289600 2.010600 -0.000000
v -2.289600 2.010600 -0.000000
v -2.289165 0.898214 0.216000
v -2.289165 0.898214 -0.216000
v -2.283600 0.934800 0.225000
v -2.283600 0.934800 -0.225000
v -2.278035 0.971386 0.216000
v -2.278035 0.971386 -0.216000
v -2.272922 1.005005 0.189000
v -2.272922 1.005005 -0.189000
v -2.268710 1.032691 -0.144000
v -2.268710 1.032691 0.144000
v -2.265853 1.051478 0.081000
v -2.265853 1.051478 -0.081000
v -2.265000 2.237850 -0.000000
v -2.264800 1.058400 -0.000000
v -2.264800 1.058400 -0.000000
v -2.261676 2.231720 -0.081000
v -2.261676 2.231720 0.081000
v -2.252655 2.215082 -0.144000
v -2.252655 2.215082 0.144000
v -2.239361 2.190562 -0.189000
v -2.239361 2.190562 0.189000
v -2.223218 2.160788 -0.216000
v -2.223218 2.160788 0.216000
v -2.205650 2.128387 0.225000
v -2.205650 2.128388 -0.225000
v -2.188082 2.095987 -0.216000
v -2.188082 2.095987 0.216000
v -2.171939 2.066213 -0.189000
v -2.171939 2.066213 0.189000
v -2.158645 2.041693 -0.144000
v -2.158645 2.041693 0.144000
v -2.149624 2.025055 -0.081000
v -2.149624 2.025055 0.081000
v -2.146300 2.018925 -0.000000
v -2.141100 0.973800 -0.000000
v -2.141100 0.973800 -0.000000
v -2.140315 0.966231 0.081000
v -2.140315 0.966231 -0.081000
v -2.138183 0.945685 0.144000
v -2.138183 0.945685 -0.144000
v -2.135041 0.915407 0.189000
v -2.135041 0.915407 -0.189000
v -2.131226 0.878641 0.216000
v -2.131226 0.878641 -0.216000
v -2.127075 0.838631 0.225000
v -2.127075 0.838631 -0.225000
v -2.122924 0.798621 0.216000
v -2.122924 0.798621 -0.216000
v -2.119109 0.761855 0.189000
v -2.119109 0.761855 -0.189000
v -2.115967 0.731578 0.144000
v -2.115967 0.731578 -0.144000
v -2.113835 0.711032 0.081000
v -2.113835 0.711032 -0.081000
v -2.113050 0.703463 -0.000000
v -2.113050 0.703463 -0.000000
v -2.040000 2.246400 -0.000000
v -2.040000 2.246400 -0.000000
v -2.038410 2.240150 -0.081000
v -2.038410 2.240150 0.081000
v -2.034093 2.223187 -0.144000
v -2.034093 2.223187 0.144000
v -2.027731 2.198189 -0.189000
v -2.027731 2.198189 0.189000
v -2.020006 2.167834 0.216000
v -2.020006 2.167834 -0.216000
v -2.011600 2.134800 0.225000
v -2.011600 2.134800 -0.225000
v -2.003194 2.101766 0.216000
v -2.003194 2.101766 -0.216000
v -2.000000 0.900000 -0.000000
v -2.000000 0.900000 -0.000000
v -2.000000 0.900000 -0.000000
v -1.997200 0.891600 0.081000
v -1.997200 0.891600 -0.081000
v -1.995469 2.071411 -0.189000
v -1.995469 2.071411 0.189000
v -1.992750 1.037175 -0.000000
v -1.992750 1.037175 -0.000000
v -1.989600 0.868800 0.144000
v -1.989600 0.868800 -0.144000
v -1.989107 2.046413 0.144000
v -1.989107 2.046413 -0.144000
v -1.986000 0.771675 -0.000000
v -1.986000 0.771675 -0.000000
v -1.984790 2.029450 -0.081000
v -1.984790 2.029450 0.081000
v -1.983200 2.023200 -0.000000
v -1.983200 2.023200 -0.000000
v -1.978400 0.835200 0.189000
v -1.978400 0.835200 -0.189000
v -1.974240 0.900000 -0.328160
v -1.974240 0.900000 -0.328160
v -1.974240 0.900000 0.328160
v -1.972000 1.178400 -0.000000
v -1.972000 1.178400 -0.000000
v -1.967083 1.037175 -0.326970
v -1.967083 1.037175 0.326970
v -1.964800 0.794400 0.216000
v -1.964800 0.794400 -0.216000
v -1.960420 0.771675 -0.325863
v -1.960420 0.771675 0.325863
v -1.950000 0.750000 -0.225000
v -1.950000 0.750000 0.225000
v -1.948000 0.656400 -0.000000
v -1.948000 0.656400 -0.000000
v -1.946601 1.178400 -0.323566
v -1.946601 1.178400 0.323566
v -1.939250 1.323225 -0.000000
v -1.939250 1.323225 -0.000000
v -1.935200 0.705600 0.216000
v -1.935200 0.705600 -0.216000
v -1.922910 0.656400 -0.319628
v -1.922910 0.656400 0.319628
v -1.921600 0.664800 0.189000
v -1.921600 0.664800 -0.189000
v -1.914272 1.323225 -0.318192
v -1.914272 1.323225 0.318192
v -1.910400 0.631200 0.144000
v -1.910400 0.631200 -0.144000
v -1.902800 0.608400 0.081000
v -1.902800 0.608400 -0.081000
v -1.900000 0.600000 -0.000000
v -1.900000 0.600000 -0.000000
v -1.899520 0.900000 -0.638080
v -1.899520 0.900000 -0.638080
v -1.899520 0.900000 0.638080
v -1.899520 0.900000 0.638080
v -1.896000 1.471200 -0.000000
v -1.896000 1.471200 -0.000000
v -1.892634 1.037175 -0.635767
v -1.892634 1.037175 0.635767
v -1.892000 0.553725 -0.000000
v -1.892000 0.553725 -0.000000
v -1.886223 0.771675 -0.633613
v -1.886223 0.771675 0.633613
v -1.872927 1.178400 -0.629147
v -1.872927 1.178400 0.629147
v -1.871580 1.471200 -0.311096
v -1.871580 1.471200 0.311096
v -1.867631 0.553725 -0.310439
v -1.867631 0.553725 0.310439
v -1.850132 0.656400 -0.621490
v -1.850132 0.656400 0.621490
v -1.843750 1.621875 -0.000000
v -1.843750 1.621875 -0.000000
v -1.841822 1.323225 -0.618698
v -1.841822 1.323225 0.618698
v -1.824000 0.463200 -0.000000
v -1.824000 0.463200 -0.000000
v -1.820003 1.621875 -0.302522
v -1.820003 1.621875 0.302523
v -1.800900 2.024775 -0.000000
v -1.800745 1.471200 -0.604900
v -1.800745 1.471200 0.604900
v -1.800507 0.463200 -0.299282
v -1.800507 0.463200 0.299282
v -1.800455 2.031069 -0.081000
v -1.800455 2.031069 0.081000
v -1.799246 2.048152 -0.144000
v -1.799246 2.048152 0.144000
v -1.797466 2.073326 -0.189000
v -1.797466 2.073326 0.189000
v -1.796946 0.553725 -0.603624
v -1.796946 0.553725 0.603624
v -1.795303 2.103896 -0.216000
v -1.795303 2.103896 0.216000
v -1.792950 2.137163 -0.225000
v -1.792950 2.137163 0.225000
v -1.790597 2.170429 -0.216000
v -1.790597 2.170429 0.216000
v -1.788434 2.200999 -0.189000
v -1.788434 2.200999 0.189000
v -1.786654 2.226173 -0.144000
v -1.786654 2.226173 0.144000
v -1.785445 2.243256 -0.081000
v -1.785445 2.243256 0.081000
v -1.785000 2.249550 -0.000000
v -1.784000 1.774800 -0.000000
v -1.784000 1.774800 -0.000000
v -1.779680 0.900000 -0.925920
v -1.779680 0.900000 -0.925920
v -1.779680 0.900000 0.925920
v -1.779680 0.900000 0.925920
v -1.773229 1.037175 -0.922564
v -1.773229 1.037175 0.922564
v -1.767222 0.771675 -0.919439
v -1.767222 0.771675 0.919439
v -1.761022 1.774800 -0.292719
v -1.761022 1.774800 0.292719
v -1.754764 1.178400 -0.912957
v -1.754764 1.178400 0.912957
v -1.751120 1.621875 -0.588230
v -1.751120 1.621875 0.588230
v -1.750000 0.384375 -0.000000
v -1.750000 0.384375 -0.000000
v -1.733408 0.656400 -0.901846
v -1.733408 0.656400 0.901846
v -1.732362 0.463200 -0.581929
v -1.732362 0.463200 0.581929
v -1.727460 0.384375 -0.287140
v -1.727460 0.384375 0.287140
v -1.725622 1.323225 -0.897795
v -1.725622 1.323225 0.897795
v -1.718250 1.929525 -0.000000
v -1.718250 1.929525 -0.000000
v -1.696119 1.929525 -0.281930
v -1.696119 1.929525 0.281930
v -1.694372 1.774800 -0.569167
v -1.694372 1.774800 0.569167
v -1.687137 1.471200 -0.877772
v -1.687137 1.471200 0.877772
v -1.683577 0.553725 -0.875920
v -1.683577 0.553725 0.875920
v -1.676000 0.316800 -0.000000
v -1.676000 0.316800 -0.000000
v -1.662080 0.384375 -0.558320
v -1.662080 0.384375 0.558320
v -1.654413 0.316800 -0.274998
v -1.654413 0.316800 0.274998
v -1.648000 2.085600 -0.000000
v -1.648000 2.085600 -0.000000
v -1.640643 1.621875 -0.853583
v -1.640643 1.621875 0.853583
v -1.631925 1.929525 -0.548190
v -1.631925 1.929525 0.548190
v -1.626774 2.085600 -0.270404
v -1.626774 2.085600 0.270404
v -1.623068 0.463200 -0.844439
v -1.623068 0.463200 0.844439
v -1.618560 0.900000 -1.187840
v -1.618560 0.900000 -1.187840
v -1.618560 0.900000 1.187840
v -1.618560 0.900000 1.187840
v -1.612693 1.037175 -1.183534
v -1.612693 1.037175 1.183534
v -1.608000 0.260025 -0.000000
v -1.608000 0.260025 -0.000000
v -1.607230 0.771675 -1.179525
v -1.607230 0.771675 1.179525
v -1.600000 2.025000 -0.000000
v -1.597200 2.031300 -0.081000
v -1.597200 2.031300 0.081000
v -1.595900 1.178400 -1.171210
v -1.595900 1.178400 1.171210
v -1.591798 0.316800 -0.534711
v -1.591798 0.316800 0.534711
v -1.589600 2.048400 -0.144000
v -1.589600 2.048400 0.144000
v -1.587475 1.774800 -0.825921
v -1.587475 1.774800 0.825921
v -1.587289 0.260025 0.263841
v -1.587289 0.260025 -0.263841
v -1.578400 2.073600 -0.189000
v -1.578400 2.073600 0.189000
v -1.576477 0.656400 -1.156956
v -1.576477 0.656400 1.156956
v -1.574750 2.242575 -0.000000
v -1.574750 2.242575 -0.000000
v -1.569396 1.323225 -1.151759
v -1.569396 1.323225 1.151759
v -1.565204 2.085600 -0.525778
v -1.565204 2.085600 0.525778
v -1.564800 2.104200 -0.216000
v -1.564800 2.104200 0.216000
v -1.557220 0.384375 -0.810180
v -1.557220 0.384375 0.810180
v -1.554467 2.242575 -0.258385
v -1.554467 2.242575 0.258385
v -1.552000 0.213600 -0.000000
v -1.552000 0.213600 -0.000000
v -1.550000 2.137500 -0.225000
v -1.550000 2.137500 0.225000
v -1.535200 2.170800 -0.216000
v -1.535200 2.170800 0.216000
v -1.534395 1.471200 -1.126072
v -1.534395 1.471200 1.126072
v -1.532010 0.213600 0.254652
v -1.532010 0.213600 -0.254652
v -1.531158 0.553725 -1.123697
v -1.531158 0.553725 1.123697
v -1.528968 1.929525 -0.795481
v -1.528968 1.929525 0.795481
v -1.527214 0.260025 -0.513016
v -1.527214 0.260025 0.513016
v -1.521600 2.201400 -0.189000
v -1.521600 2.201400 0.189000
v -1.514000 0.177075 -0.000000
v -1.514000 0.177075 -0.000000
v -1.510400 2.226600 -0.144000
v -1.510400 2.226600 0.144000
v -1.502800 2.243700 -0.081000
v -1.502800 2.243700 0.081000
v -1.500000 2.400000 -0.000000
v -1.500000 0.150000 -0.000000
v -1.500000 2.250000 -0.000000
v -1.500000 2.400000 -0.000000
v -1.500000 0.150000 -0.000000
v -1.496475 0.127575 -0.000000
v -1.496475 0.127575 -0.000000
v -1.495635 2.242575 -0.502408
v -1.495635 2.242575 0.502408
v -1.494500 0.177075 0.248417
v -1.494500 0.177075 -0.248417
v -1.492110 1.621875 -1.095040
v -1.492110 1.621875 1.095040
v -1.491372 0.316800 -0.775921
v -1.491372 0.316800 0.775921
v -1.480800 0.105600 -0.000000
v -1.480800 0.105600 -0.000000
v -1.480680 2.400000 -0.246120
v -1.480680 0.150000 0.246120
v -1.480680 2.400000 0.246120
v -1.480680 0.150000 -0.246120
v -1.480680 0.150000 -0.246120
v -1.480680 0.150000 0.246120
v -1.480325 2.435437 -0.000000
v -1.480325 2.435437 -0.000000
v -1.477200 0.127575 0.245542
v -1.477200 0.127575 -0.245542
v -1.476127 0.463200 -1.083310
v -1.476127 0.463200 1.083310
v -1.474028 0.213600 0.495150
v -1.474028 0.213600 -0.495150
v -1.466456 2.085600 -0.762958
v -1.466456 2.085600 0.762958
v -1.461727 0.105600 -0.242970
v -1.461727 0.105600 0.242970
v -1.461258 2.435437 -0.242892
v -1.461258 2.435437 0.242892
v -1.459600 2.463000 -0.000000
v -1.459600 2.463000 -0.000000
v -1.445325 0.084525 -0.000000
v -1.445325 0.084525 -0.000000
v -1.443756 1.774800 -1.059553
v -1.443756 1.774800 1.059553
v -1.440800 2.463000 -0.239491
v -1.440800 2.463000 0.239491
v -1.439025 2.482687 -0.000000
v -1.437937 0.177075 0.483027
v -1.437937 0.177075 -0.483027
v -1.430863 0.260025 0.744440
v -1.430863 0.260025 -0.744440
v -1.426709 0.084525 -0.237149
v -1.426709 0.084525 0.237149
v -1.424640 2.400000 -0.478560
v -1.424640 0.150000 -0.478560
v -1.424640 0.150000 -0.478560
v -1.424640 0.150000 0.478560
v -1.424640 0.150000 0.478560
v -1.424640 2.400000 0.478560
v -1.421292 0.127575 0.477435
v -1.421292 0.127575 -0.477435
v -1.420490 2.482687 -0.236115
v -1.420490 2.482687 0.236115
v -1.420000 0.900000 -1.420000
v -1.420000 0.900000 -1.420000
v -1.420000 0.900000 1.420000
v -1.420000 0.900000 1.420000
v -1.419800 2.494500 -0.000000
v -1.419800 2.494500 -0.000000
v -1.416240 0.384375 -1.039360
v -1.416240 0.384375 1.039360
v -1.414853 1.037175 -1.414853
v -1.414853 1.037175 1.414853
v -1.410060 0.771675 -1.410060
v -1.410060 0.771675 1.410060
v -1.406405 0.105600 -0.472434
v -1.406405 0.105600 0.472434
v -1.405953 2.435437 -0.472283
v -1.405953 2.435437 0.472283
v -1.403125 2.498438 -0.000000
v -1.403125 2.498438 -0.000000
v -1.401513 2.494500 -0.232961
v -1.401513 2.494500 0.232961
v -1.401276 2.242575 -0.729046
v -1.401276 2.242575 0.729046
v -1.400120 1.178400 -1.400120
v -1.400120 1.178400 1.400120
v -1.400000 2.400000 -0.000000
v -1.400000 2.400000 -0.000000
v -1.390545 1.929525 -1.020503
v -1.390545 1.929525 1.020503
v -1.390200 2.494500 -0.000000
v -1.390200 2.494500 -0.000000
v -1.386270 2.463000 -0.465671
v -1.386270 2.463000 0.465671
v -1.385925 2.435437 -0.000000
v -1.385925 2.435437 -0.000000
v -1.385053 2.498438 -0.230225
v -1.385053 2.498438 0.230225
v -1.383080 0.656400 -1.383080
v -1.383080 0.656400 1.383080
v -1.382400 0.064800 -0.000000
v -1.382400 0.064800 -0.000000
v -1.382225 2.482687 -0.000000
v -1.382225 2.482687 -0.000000
v -1.381968 2.400000 -0.229712
v -1.381968 2.400000 0.229712
v -1.381032 0.213600 0.718514
v -1.381032 0.213600 -0.718514
v -1.380400 2.463000 -0.000000
v -1.380400 2.463000 -0.000000
v -1.376868 1.323225 -1.376867
v -1.376867 1.323225 1.376868
v -1.372712 0.084525 -0.461116
v -1.372712 0.084525 0.461116
v -1.372294 2.494500 -0.228104
v -1.372294 2.494500 0.228104
v -1.368074 2.435437 -0.227403
v -1.368074 2.435437 0.227403
v -1.366728 2.482687 -0.459107
v -1.366728 2.482687 0.459107
v -1.364595 0.064800 -0.226824
v -1.364595 0.064800 0.226824
v -1.364422 2.482687 -0.226795
v -1.364422 2.482687 0.226795
v -1.362620 2.463000 -0.226496
v -1.362620 2.463000 0.226496
v -1.356353 0.316800 -0.995410
v -1.356353 0.316800 0.995410
v -1.348469 2.494500 -0.452973
v -1.348469 2.494500 0.452973
v -1.347218 0.177075 0.700921
v -1.347218 0.177075 -0.700921
v -1.346160 1.471200 -1.346160
v -1.346160 1.471200 1.346160
v -1.343320 0.553725 -1.343320
v -1.343320 0.553725 1.343320
v -1.334760 2.400000 -0.694440
v -1.334760 0.150000 -0.694440
v -1.334760 0.150000 0.694440
v -1.334760 0.150000 0.694440
v -1.334760 2.400000 0.694440
v -1.334760 0.150000 -0.694440
v -1.333693 2.085600 -0.978780
v -1.333693 2.085600 0.978780
v -1.332632 2.498438 -0.447653
v -1.332632 2.498438 0.447653
v -1.331623 0.127575 0.692808
v -1.331623 0.127575 -0.692808
v -1.329664 2.400000 -0.446656
v -1.329664 2.400000 0.446656
v -1.320356 2.494500 -0.443529
v -1.320356 2.494500 0.443529
v -1.317675 0.105600 -0.685551
v -1.317675 0.105600 0.685551
v -1.317252 2.435437 -0.685331
v -1.317252 2.435437 0.685331
v -1.316296 2.435437 -0.442166
v -1.316296 2.435437 0.442166
v -1.312948 0.064800 0.441041
v -1.312948 0.064800 -0.441041
v -1.312782 2.482687 -0.440985
v -1.312782 2.482687 0.440985
v -1.311049 2.463000 -0.440403
v -1.311049 2.463000 0.440403
v -1.309063 1.621875 -1.309063
v -1.309063 1.621875 1.309063
v -1.301322 0.260025 0.955023
v -1.301322 0.260025 -0.955023
v -1.300000 2.400000 -0.000000
v -1.300000 2.400000 -0.000000
v -1.298810 2.463000 -0.675736
v -1.298810 2.463000 0.675736
v -1.295040 0.463200 -1.295040
v -1.295040 0.463200 1.295040
v -1.286108 0.084525 -0.669128
v -1.286108 0.084525 0.669128
v -1.284375 0.046875 -0.000000
v -1.284375 0.046875 -0.000000
v -1.283256 2.400000 -0.213304
v -1.283256 2.400000 0.213304
v -1.280502 2.482687 -0.666211
v -1.280502 2.482687 0.666211
v -1.274600 2.440800 -0.000000
v -1.274600 2.440800 -0.000000
v -1.274414 2.242575 -0.935276
v -1.274414 2.242575 0.935276
v -1.267832 0.046875 -0.210740
v -1.267832 0.046875 0.210740
v -1.266640 1.774800 -1.266640
v -1.266640 1.774800 1.266640
v -1.263395 2.494500 -0.657311
v -1.263395 2.494500 0.657311
v -1.258183 2.440800 0.209136
v -1.258183 2.440800 -0.209136
v -1.256003 0.213600 0.921764
v -1.256003 0.213600 -0.921764
v -1.248557 2.498438 -0.649591
v -1.248557 2.498438 0.649591
v -1.245776 2.400000 -0.648144
v -1.245776 2.400000 0.648144
v -1.242500 0.384375 -1.242500
v -1.242500 0.384375 1.242500
v -1.237056 2.494500 -0.643607
v -1.237056 2.494500 0.643607
v -1.234688 2.400000 -0.414752
v -1.234688 2.400000 0.414752
v -1.233252 2.435437 -0.641628
v -1.233252 2.435437 0.641628
v -1.230115 0.064800 -0.639996
v -1.230115 0.064800 0.639996
v -1.229959 2.482687 -0.639915
v -1.229959 2.482687 0.639915
v -1.228335 2.463000 -0.639070
v -1.228335 2.463000 0.639070
v -1.225250 0.177075 0.899195
v -1.225250 0.177075 -0.899195
v -1.219958 1.929525 1.219958
v -1.219958 1.929525 -1.219958
v -1.219848 0.046875 -0.409767
v -1.219848 0.046875 0.409767
v -1.213920 2.400000 -0.890880
v -1.213920 0.150000 -0.890880
v -1.213920 0.150000 -0.890880
v -1.213920 0.150000 0.890880
v -1.213920 0.150000 0.890880
v -1.213920 2.400000 0.890880
v -1.211067 0.127575 0.888786
v -1.211067 0.127575 -0.888786
v -1.210564 2.440800 0.406648
v -1.210564 2.440800 -0.406648
v -1.204800 2.474400 -0.000000
v -1.204800 2.474400 -0.000000
v -1.198382 0.105600 -0.879477
v -1.198382 0.105600 0.879477
v -1.197997 2.435437 -0.879195
v -1.197997 2.435437 0.879195
v -1.189960 0.316800 -1.189960
v -1.189960 0.316800 1.189960
v -1.189282 2.474400 -0.197684
v -1.189282 2.474400 0.197684
v -1.187840 0.900000 -1.618560
v -1.187840 0.900000 -1.618560
v -1.187840 0.900000 1.618560
v -1.187840 0.900000 1.618560
v -1.183534 1.037175 -1.612693
v -1.183534 1.037175 1.612693
v -1.181225 2.463000 -0.866886
v -1.181225 2.463000 0.866886
v -1.179525 0.771675 -1.607230
v -1.179525 0.771675 1.607230
v -1.171210 1.178400 -1.595900
v -1.171210 1.178400 1.595900
v -1.170080 2.085600 -1.170080
v -1.170080 2.085600 1.170080
v -1.169673 0.084525 -0.858407
v -1.169673 0.084525 0.858407
v -1.164574 2.482687 -0.854666
v -1.164574 2.482687 0.854666
v -1.156956 0.656400 -1.576477
v -1.156956 0.656400 1.576477
v -1.156792 2.400000 -0.601848
v -1.156792 2.400000 0.601848
v -1.151759 1.323225 -1.569396
v -1.151759 1.323225 1.569396
v -1.149016 2.494500 -0.843248
v -1.149016 2.494500 0.843248
v -1.144271 2.474400 -0.384379
v -1.144271 2.474400 0.384379
v -1.143600 0.031200 -0.000000
v -1.143600 0.031200 -0.000000
v -1.142888 0.046875 -0.594614
v -1.142888 0.046875 0.594614
v -1.141680 0.260025 1.141680
v -1.141680 0.260025 -1.141680
v -1.135521 2.498438 -0.833344
v -1.135521 2.498438 0.833344
v -1.134190 2.440800 0.590089
v -1.134190 2.440800 -0.590089
v -1.132992 2.400000 -0.831488
v -1.132992 2.400000 0.831488
v -1.128870 0.031200 -0.187642
v -1.128870 0.031200 0.187642
v -1.126072 1.471200 -1.534395
v -1.126072 1.471200 1.534395
v -1.125061 2.494500 -0.825668
v -1.125061 2.494500 0.825668
v -1.123697 0.553725 -1.531158
v -1.123697 0.553725 1.531158
v -1.121601 2.435437 -0.823129
v -1.121601 2.435437 0.823129
v -1.118749 0.064800 -0.821035
v -1.118749 0.064800 0.821035
v -1.118607 2.482687 -0.820931
v -1.118607 2.482687 0.820931
v -1.118073 2.242575 -1.118073
v -1.118073 2.242575 1.118073
v -1.117130 2.463000 -0.819847
v -1.117130 2.463000 0.819847
v -1.101920 0.213600 1.101920
v -1.101920 0.213600 -1.101920
v -1.100200 2.502600 -0.000000
v -1.100200 2.502600 -0.000000
v -1.095040 1.621875 -1.492110
v -1.095040 1.621875 1.492110
v -1.086146 0.031200 0.364854
v -1.086146 0.031200 -0.364854
v -1.086029 2.502600 0.180521
v -1.086029 2.502600 -0.180521
v -1.083310 0.463200 -1.476127
v -1.083310 0.463200 1.476127
v -1.074940 0.177075 -1.074940
v -1.074940 0.177075 1.074940
v -1.072079 2.474400 -0.557774
v -1.072079 2.474400 0.557774
v -1.065000 2.400000 -1.065000
v -1.065000 0.150000 -1.065000
v -1.065000 0.150000 1.065000
v -1.065000 2.400000 1.065000
v -1.062497 0.127575 1.062497
v -1.062497 0.127575 -1.062497
v -1.059553 1.774800 -1.443756
v -1.059553 1.774800 1.443756
v -1.052064 2.400000 -0.772096
v -1.052064 2.400000 0.772096
v -1.051368 0.105600 -1.051368
v -1.051368 0.105600 1.051368
v -1.051031 2.435437 -1.051031
v -1.051031 2.435437 1.051031
v -1.044926 2.502600 -0.351008
v -1.044926 2.502600 0.351008
v -1.039419 0.046875 -0.762816
v -1.039419 0.046875 0.762816
v -1.039360 0.384375 -1.416240
v -1.039360 0.384375 1.416240
v -1.036316 2.463000 -1.036316
v -1.036316 2.463000 1.036316
v -1.031508 2.440800 0.757010
v -1.031508 2.440800 -0.757010
v -1.026181 0.084525 -1.026181
v -1.026181 0.084525 1.026181
v -1.021708 2.482687 -1.021708
v -1.021708 2.482687 1.021708
v -1.020503 1.929525 -1.390545
v -1.020503 1.929525 1.390545
v -1.017621 0.031200 0.529441
v -1.017621 0.031200 -0.529441
v -1.008058 2.494500 -1.008058
v -1.008058 2.494500 1.008058
v -0.996219 2.498438 -0.996219
v -0.996219 2.498438 0.996219
v -0.995410 0.316800 -1.356353
v -0.995410 0.316800 1.356353
v -0.994000 2.400000 -0.994000
v -0.994000 2.400000 0.994000
v -0.987042 2.494500 -0.987042
v -0.987042 2.494500 0.987042
v -0.984007 2.435437 -0.984007
v -0.984007 2.435437 0.984007
v -0.981504 0.064800 0.981504
v -0.981504 0.064800 -0.981504
v -0.981380 2.482687 -0.981380
v -0.981380 2.482687 0.981380
v -0.980084 2.463000 -0.980084
v -0.980084 2.463000 0.980084
v -0.979002 2.502600 0.509349
v -0.979002 2.502600 -0.509349
v -0.978780 2.085600 -1.333693
v -0.978780 2.085600 1.333693
v -0.975021 2.474400 -0.715555
v -0.975021 2.474400 0.715555
v -0.970400 2.527200 -0.000000
v -0.970400 2.527200 -0.000000
v -0.957901 2.527200 -0.159223
v -0.957901 2.527200 0.159223
v -0.955023 0.260025 1.301322
v -0.955023 0.260025 -1.301322
v -0.952425 0.018225 -0.000000
v -0.952425 0.018225 -0.000000
v -0.940158 0.018225 0.156274
v -0.940158 0.018225 -0.156274
v -0.935276 2.242575 -1.274414
v -0.935276 2.242575 1.274414
v -0.925920 0.900000 -1.779680
v -0.925920 0.900000 1.779680
v -0.925920 0.900000 1.779680
v -0.925920 0.900000 -1.779680
v -0.925493 0.031200 0.679207
v -0.925493 0.031200 -0.679207
v -0.923000 2.400000 -0.923000
v -0.923000 2.400000 0.923000
v -0.922564 1.037175 1.773229
v -0.922564 1.037175 -1.773229
v -0.921764 0.213600 1.256003
v -0.921764 0.213600 -1.256003
v -0.921647 2.527200 -0.309596
v -0.921647 2.527200 0.309596
v -0.919439 0.771675 -1.767222
v -0.919439 0.771675 1.767222
v -0.912957 1.178400 -1.754764
v -0.912957 1.178400 1.754764
v -0.911906 0.046875 -0.911906
v -0.911906 0.046875 0.911906
v -0.904966 2.440800 0.904966
v -0.904966 2.440800 -0.904966
v -0.904575 0.018225 0.303862
v -0.904575 0.018225 -0.303862
v -0.901846 0.656400 -1.733408
v -0.901846 0.656400 1.733408
v -0.899195 0.177075 1.225250
v -0.899195 0.177075 -1.225250
v -0.897795 1.323225 -1.725622
v -0.897795 1.323225 1.725622
v -0.890880 0.150000 -1.213920
v -0.890880 0.150000 1.213920
v -0.890880 2.400000 -1.213920
v -0.890880 0.150000 -1.213920
v -0.890880 0.150000 1.213920
v -0.890880 2.400000 1.213920
v -0.890370 2.502600 -0.653431
v -0.890370 2.502600 0.653431
v -0.888786 0.127575 1.211067
v -0.888786 0.127575 -1.211067
v -0.879477 0.105600 -1.198382
v -0.879477 0.105600 1.198382
v -0.879195 2.435437 -1.197997
v -0.879195 2.435437 1.197997
v -0.877772 1.471200 -1.687137
v -0.877772 1.471200 1.687137
v -0.875920 0.553725 -1.683577
v -0.875920 0.553725 1.683577
v -0.866886 2.463000 -1.181225
v -0.866886 2.463000 1.181225
v -0.863501 2.527200 -0.449256
v -0.863501 2.527200 0.449256
v -0.858407 0.084525 -1.169673
v -0.858407 0.084525 1.169673
v -0.855408 2.474400 -0.855408
v -0.855408 2.474400 0.855408
v -0.854666 2.482687 -1.164574
v -0.854666 2.482687 1.164574
v -0.853583 1.621875 -1.640643
v -0.853583 1.621875 1.640643
v -0.847506 0.018225 -0.440935
v -0.847506 0.018225 0.440935
v -0.844439 0.463200 1.623068
v -0.844439 0.463200 -1.623068
v -0.843248 2.494500 -1.149016
v -0.843248 2.494500 1.149016
v -0.833344 2.498438 -1.135521
v -0.833344 2.498438 1.135521
v -0.831488 2.400000 -1.132992
v -0.831488 2.400000 1.132992
v -0.825921 1.774800 1.587475
v -0.825921 1.774800 -1.587475
v -0.825668 2.494500 -1.125061
v -0.825668 2.494500 1.125061
v -0.825000 2.550000 -0.000000
v -0.825000 2.550000 -0.000000
v -0.823129 2.435437 -1.121601
v -0.823129 2.435437 1.121601
v -0.821035 0.064800 1.118749
v -0.821035 0.064800 -1.118749
v -0.820931 2.482687 1.118607
v -0.820931 2.482687 -1.118607
v -0.819847 2.463000 -1.117130
v -0.819847 2.463000 1.117130
v -0.814374 2.550000 -0.135366
v -0.814374 2.550000 0.135366
v -0.811956 0.031200 0.811956
v -0.811956 0.031200 -0.811956
v -0.810180 0.384375 1.557220
v -0.810180 0.384375 -1.557220
v -0.795481 1.929525 1.528968
v -0.795481 1.929525 -1.528968
v -0.785325 2.527200 -0.576340
v -0.785325 2.527200 0.576340
v -0.783552 2.550000 -0.263208
v -0.783552 2.550000 0.263208
v -0.781142 2.502600 -0.781142
v -0.781142 2.502600 0.781142
v -0.775921 0.316800 -1.491372
v -0.775921 0.316800 1.491372
v -0.772096 2.400000 -1.052064
v -0.772096 2.400000 1.052064
v -0.770779 0.018225 0.565664
v -0.770779 0.018225 -0.565664
v -0.762958 2.085600 -1.466456
v -0.762958 2.085600 1.466456
v -0.762816 0.046875 -1.039419
v -0.762816 0.046875 1.039419
v -0.757010 2.440800 1.031508
v -0.757010 2.440800 -1.031508
v -0.744440 0.260025 1.430863
v -0.744440 0.260025 -1.430863
v -0.734118 2.550000 -0.381942
v -0.734118 2.550000 0.381942
v -0.729046 2.242575 -1.401276
v -0.729046 2.242575 1.401276
v -0.718514 0.213600 1.381032
v -0.718514 0.213600 -1.381032
v -0.715555 2.474400 -0.975021
v -0.715555 2.474400 0.975021
v -0.703200 0.008400 -0.000000
v -0.700921 0.177075 1.347218
v -0.700921 0.177075 -1.347218
v -0.694440 0.150000 -1.334760
v -0.694440 0.150000 1.334760
v -0.694440 2.400000 1.334760
v -0.694440 0.150000 1.334760
v -0.694440 2.400000 -1.334760
v -0.694440 0.150000 -1.334760
v -0.694143 0.008400 -0.115381
v -0.694143 0.008400 0.115381
v -0.692808 0.127575 1.331623
v -0.692808 0.127575 -1.331623
v -0.688984 2.527200 -0.688984
v -0.688984 2.527200 0.688984
v -0.685551 0.105600 -1.317675
v -0.685551 0.105600 1.317675
v -0.685331 2.435437 -1.317252
v -0.685331 2.435437 1.317252
v -0.679207 0.031200 -0.925493
v -0.679207 0.031200 0.925493
v -0.676222 0.018225 0.676222
v -0.676222 0.018225 -0.676222
v -0.675736 2.463000 -1.298810
v -0.675736 2.463000 1.298810
v -0.673600 2.572800 -0.000000
v -0.673600 2.572800 -0.000000
v -0.669128 0.084525 -1.286108
v -0.669128 0.084525 1.286108
v -0.667871 0.008400 -0.224349
v -0.667871 0.008400 0.224349
v -0.667656 2.550000 -0.489984
v -0.667656 2.550000 0.489984
v -0.666211 2.482687 1.280502
v -0.666211 2.482687 -1.280502
v -0.664924 2.572800 -0.110524
v -0.664924 2.572800 0.110524
v -0.657311 2.494500 -1.263395
v -0.657311 2.494500 1.263395
v -0.653431 2.502600 -0.890370
v -0.653431 2.502600 0.890370
v -0.649591 2.498438 -1.248557
v -0.649591 2.498438 1.248557
v -0.648144 2.400000 -1.245776
v -0.648144 2.400000 1.245776
v -0.643607 2.494500 -1.237056
v -0.643607 2.494500 1.237056
v -0.641628 2.435437 -1.233252
v -0.641628 2.435437 1.233252
v -0.639996 0.064800 -1.230115
v -0.639996 0.064800 1.230115
v -0.639915 2.482687 1.229959
v -0.639915 2.482687 -1.229959
v -0.639758 2.572800 -0.214905
v -0.639758 2.572800 0.214905
v -0.639070 2.463000 -1.228335
v -0.639070 2.463000 1.228335
v -0.638080 0.900000 -1.899520
v -0.638080 0.900000 -1.899520
v -0.638080 0.900000 1.899520
v -0.638080 0.900000 1.899520
v -0.635767 1.037175 -1.892634
v -0.635767 1.037175 1.892634
v -0.633613 0.771675 -1.886223
v -0.633613 0.771675 1.886223
v -0.629147 1.178400 -1.872927
v -0.629147 1.178400 1.872927
v -0.625735 0.008400 0.325553
v -0.625735 0.008400 -0.325553
v -0.621490 0.656400 -1.850132
v -0.621490 0.656400 1.850132
v -0.618698 1.323225 -1.841822
v -0.618698 1.323225 1.841822
v -0.604900 1.471200 -1.800745
v -0.604900 1.471200 1.800745
v -0.603624 0.553725 -1.796946
v -0.603624 0.553725 1.796946
v -0.601848 2.400000 -1.156792
v -0.601848 2.400000 1.156792
v -0.599396 2.572800 -0.311850
v -0.599396 2.572800 0.311850
v -0.594614 0.046875 -1.142888
v -0.594614 0.046875 1.142888
v -0.590089 2.440800 1.134190
v -0.590089 2.440800 -1.134190
v -0.588230 1.621875 -1.751120
v -0.588230 1.621875 1.751120
v -0.585750 2.550000 -0.585750
v -0.585750 2.550000 0.585750
v -0.581929 0.463200 -1.732362
v -0.581929 0.463200 1.732362
v -0.576340 2.527200 -0.785325
v -0.576340 2.527200 0.785325
v -0.569167 1.774800 -1.694372
v -0.569167 1.774800 1.694372
v -0.569086 0.008400 -0.417645
v -0.569086 0.008400 0.417645
v -0.565664 0.018225 0.770779
v -0.565664 0.018225 -0.770779
v -0.558320 0.384375 -1.662080
v -0.558320 0.384375 1.662080
v -0.557774 2.474400 -1.072079
v -0.557774 2.474400 1.072079
v -0.548190 1.929525 -1.631925
v -0.548190 1.929525 1.631925
v -0.545131 2.572800 -0.400065
v -0.545131 2.572800 0.400065
v -0.534711 0.316800 -1.591798
v -0.534711 0.316800 1.591798
v -0.529441 0.031200 -1.017621
v -0.529441 0.031200 1.017621
v -0.525800 2.597400 -0.000000
v -0.525800 2.597400 -0.000000
v -0.525778 2.085600 -1.565204
v -0.525778 2.085600 1.565204
v -0.519028 2.597400 0.086273
v -0.519028 2.597400 -0.086273
v -0.513016 0.260025 -1.527214
v -0.513016 0.260025 1.527214
v -0.509349 2.502600 0.979002
v -0.509349 2.502600 -0.979002
v -0.502408 2.242575 -1.495635
v -0.502408 2.242575 1.495635
v -0.499384 2.597400 -0.167751
v -0.499384 2.597400 0.167751
v -0.499272 0.008400 -0.499272
v -0.499272 0.008400 0.499272
v -0.495150 0.213600 -1.474028
v -0.495150 0.213600 1.474028
v -0.489984 2.550000 -0.667656
v -0.489984 2.550000 0.667656
v -0.483027 0.177075 -1.437937
v -0.483027 0.177075 1.437937
v -0.478560 0.150000 1.424640
v -0.478560 2.400000 -1.424640
v -0.478560 0.150000 -1.424640
v -0.478560 0.150000 -1.424640
v -0.478560 0.150000 1.424640
v -0.478560 2.400000 1.424640
v -0.478256 2.572800 -0.478256
v -0.478256 2.572800 0.478256
v -0.477435 0.127575 1.421292
v -0.477435 0.127575 -1.421292
v -0.472434 0.105600 1.406405
v -0.472434 0.105600 -1.406405
v -0.472283 2.435437 -1.405953
v -0.472283 2.435437 1.405953
v -0.467878 2.597400 -0.243424
v -0.467878 2.597400 0.243424
v -0.465671 2.463000 -1.386270
v -0.465671 2.463000 1.386270
v -0.461116 0.084525 1.372712
v -0.461116 0.084525 -1.372712
v -0.459107 2.482687 -1.366728
v -0.459107 2.482687 1.366728
v -0.452973 2.494500 -1.348469
v -0.452973 2.494500 1.348469
v -0.449256 2.527200 -0.863501
v -0.449256 2.527200 0.863501
v -0.447653 2.498438 -1.332632
v -0.447653 2.498438 1.332632
v -0.446656 2.400000 -1.329664
v -0.446656 2.400000 1.329664
v -0.443529 2.494500 -1.320356
v -0.443529 2.494500 1.320356
v -0.442166 2.435437 -1.316296
v -0.442166 2.435437 1.316296
v -0.441041 0.064800 1.312948
v -0.441041 0.064800 -1.312948
v -0.440985 2.482687 -1.312782
v -0.440985 2.482687 1.312782
v -0.440935 0.018225 0.847506
v -0.440935 0.018225 -0.847506
v -0.440403 2.463000 -1.311049
v -0.440403 2.463000 1.311049
v -0.425519 2.597400 0.312283
v -0.425519 2.597400 -0.312283
v -0.417645 0.008400 -0.569086
v -0.417645 0.008400 0.569086
v -0.414752 2.400000 -1.234688
v -0.414752 2.400000 1.234688
v -0.409767 0.046875 1.219848
v -0.409767 0.046875 -1.219848
v -0.406648 2.440800 -1.210564
v -0.406648 2.440800 1.210564
v -0.400065 2.572800 -0.545131
v -0.400065 2.572800 0.545131
v -0.391200 2.625600 -0.000000
v -0.391200 2.625600 -0.000000
v -0.388275 0.002175 -0.000000
v -0.388275 0.002175 -0.000000
v -0.386161 2.625600 -0.064188
v -0.386161 2.625600 0.064188
v -0.384379 2.474400 -1.144271
v -0.384379 2.474400 1.144271
v -0.383274 0.002175 -0.063708
v -0.383274 0.002175 0.063708
v -0.381942 2.550000 -0.734118
v -0.381942 2.550000 0.734118
v -0.373318 2.597400 -0.373318
v -0.373318 2.597400 0.373318
v -0.371546 2.625600 -0.124808
v -0.371546 2.625600 0.124808
v -0.368768 0.002175 -0.123875
v -0.368768 0.002175 0.123875
v -0.364854 0.031200 1.086146
v -0.364854 0.031200 -1.086146
v -0.358400 3.034800 -0.000000
v -0.358400 3.034800 -0.000000
v -0.358200 3.081150 -0.000000
v -0.358200 3.081150 -0.000000
v -0.353807 3.034800 -0.059016
v -0.353807 3.034800 0.059016
v -0.353610 3.081150 -0.058988
v -0.353610 3.081150 0.058988
v -0.351008 2.502600 -1.044926
v -0.351008 2.502600 1.044926
v -0.348105 2.625600 -0.181110
v -0.348105 2.625600 0.181110
v -0.345503 0.002175 -0.179756
v -0.345503 0.002175 0.179756
v -0.340477 3.034800 -0.114676
v -0.340477 3.034800 0.114676
v -0.340289 3.081150 -0.114619
v -0.340289 3.081150 0.114619
v -0.328160 0.900000 -1.974240
v -0.328160 0.900000 1.974240
v -0.328160 0.900000 1.974240
v -0.326970 1.037175 -1.967083
v -0.326970 1.037175 1.967083
v -0.325863 0.771675 -1.960420
v -0.325863 0.771675 1.960420
v -0.325553 0.008400 -0.625735
v -0.325553 0.008400 0.625735
v -0.325000 2.981250 -0.000000
v -0.325000 2.981250 -0.000000
v -0.323566 1.178400 -1.946601
v -0.323566 1.178400 1.946601
v -0.320834 2.981250 -0.053508
v -0.320834 2.981250 0.053508
v -0.319628 0.656400 -1.922910
v -0.319628 0.656400 1.922910
v -0.319082 3.034800 -0.166306
v -0.319082 3.034800 0.166306
v -0.318907 3.081150 -0.166221
v -0.318907 3.081150 0.166221
v -0.318192 1.323225 -1.914272
v -0.318192 1.323225 1.914272
v -0.316590 2.625600 -0.232342
v -0.316590 2.625600 0.232342
v -0.314223 0.002175 -0.230604
v -0.314223 0.002175 0.230604
v -0.312283 2.597400 -0.425519
v -0.312283 2.597400 0.425519
v -0.311850 2.572800 -0.599396
v -0.311850 2.572800 0.599396
v -0.311096 1.471200 -1.871580
v -0.311096 1.471200 1.871580
v -0.310439 0.553725 -1.867631
v -0.310439 0.553725 1.867631
v -0.309596 2.527200 -0.921647
v -0.309596 2.527200 0.921647
v -0.308800 3.117600 -0.000000
v -0.308800 3.117600 -0.000000
v -0.308744 2.981250 -0.103976
v -0.308744 2.981250 0.103976
v -0.304843 3.117600 -0.050855
v -0.304843 3.117600 0.050855
v -0.303862 0.018225 0.904575
v -0.303862 0.018225 -0.904575
v -0.302523 1.621875 -1.820003
v -0.302522 1.621875 1.820003
v -0.299282 0.463200 -1.800507
v -0.299282 0.463200 1.800507
v -0.293360 3.117600 -0.098814
v -0.293360 3.117600 0.098814
v -0.292719 1.774800 -1.761022
v -0.292719 1.774800 1.761022
v -0.290295 3.034800 -0.213234
v -0.290295 3.034800 0.213234
v -0.290138 3.081150 -0.213123
v -0.290138 3.081150 0.213123
v -0.289340 2.981250 -0.150793
v -0.289340 2.981250 0.150793
v -0.287140 0.384375 -1.727460
v -0.287140 0.384375 1.727460
v -0.281930 1.929525 1.696119
v -0.281930 1.929525 -1.696119
v -0.279400 2.659200 -0.000000
v -0.277752 2.625600 -0.277752
v -0.277752 2.625600 0.277752
v -0.275801 2.659200 -0.045844
v -0.275801 2.659200 0.045844
v -0.275675 0.002175 -0.275675
v -0.275675 0.002175 0.275675
v -0.274998 0.316800 -1.654413
v -0.274998 0.316800 1.654413
v -0.274928 3.117600 -0.143301
v -0.274928 3.117600 0.143301
v -0.273600 2.923200 -0.000000
v -0.273600 2.923200 -0.000000
v -0.270404 2.085600 -1.626774
v -0.270404 2.085600 1.626774
v -0.270092 2.923200 -0.045032
v -0.270092 2.923200 0.045032
v -0.265363 2.659200 -0.089140
v -0.265363 2.659200 0.089140
v -0.263841 0.260025 1.587289
v -0.263841 0.260025 -1.587289
v -0.263232 2.981250 -0.193348
v -0.263232 2.981250 0.193348
v -0.263208 2.550000 -0.783552
v -0.263208 2.550000 0.783552
v -0.259910 2.923200 -0.087511
v -0.259910 2.923200 0.087511
v -0.258385 2.242575 -1.554467
v -0.258385 2.242575 1.554467
v -0.254788 3.034800 -0.254788
v -0.254788 3.034800 0.254788
v -0.254653 3.081150 -0.254653
v -0.254653 3.081150 0.254653
v -0.254652 0.213600 -1.532010
v -0.254652 0.213600 1.532010
v -0.250127 3.117600 -0.183734
v -0.250127 3.117600 0.183734
v -0.248621 2.659200 0.129351
v -0.248621 2.659200 -0.129351
v -0.248417 0.177075 -1.494500
v -0.248417 0.177075 1.494500
v -0.246120 0.150000 1.480680
v -0.246120 2.400000 -1.480680
v -0.246120 0.150000 -1.480680
v -0.246120 0.150000 -1.480680
v -0.246120 0.150000 1.480680
v -0.246120 2.400000 1.480680
v -0.245542 0.127575 1.477200
v -0.245542 0.127575 -1.477200
v -0.243569 2.923200 -0.126920
v -0.243569 2.923200 0.126920
v -0.243424 2.597400 0.467878
v -0.243424 2.597400 -0.467878
v -0.242970 0.105600 1.461727
v -0.242970 0.105600 -1.461727
v -0.242892 2.435437 -1.461258
v -0.242892 2.435437 1.461258
v -0.239491 2.463000 -1.440800
v -0.239491 2.463000 1.440800
v -0.237149 0.084525 1.426709
v -0.237149 0.084525 -1.426709
v -0.236115 2.482687 -1.420490
v -0.236115 2.482687 1.420490
v -0.232961 2.494500 -1.401513
v -0.232961 2.494500 1.401513
v -0.232342 2.625600 -0.316590
v -0.232342 2.625600 0.316590
v -0.231031 2.981250 -0.231031
v -0.231031 2.981250 0.231031
v -0.230604 0.002175 -0.314223
v -0.230604 0.002175 0.314223
v -0.230225 2.498438 -1.385053
v -0.230225 2.498438 1.385053
v -0.229712 2.400000 -1.381968
v -0.229712 2.400000 1.381968
v -0.228104 2.494500 -1.372294
v -0.228104 2.494500 1.372294
v -0.227403 2.435437 -1.368074
v -0.227403 2.435437 1.368074
v -0.226824 0.064800 1.364595
v -0.226824 0.064800 -1.364595
v -0.226795 2.482687 1.364422
v -0.226795 2.482687 -1.364422
v -0.226496 2.463000 -1.362620
v -0.226496 2.463000 1.362620
v -0.226113 2.659200 -0.165941
v -0.226113 2.659200 0.165941
v -0.224349 0.008400 0.667871
v -0.224349 0.008400 -0.667871
v -0.221585 2.923200 -0.162745
v -0.221585 2.923200 0.162745
v -0.219800 2.863350 -0.000000
v -0.219800 2.863350 -0.000000
v -0.219536 3.117600 -0.219536
v -0.219536 3.117600 0.219536
v -0.216979 2.863350 0.036157
v -0.216979 2.863350 -0.036157
v -0.214905 2.572800 -0.639758
v -0.214905 2.572800 0.639758
v -0.213304 2.400000 -1.283256
v -0.213304 2.400000 1.283256
v -0.213234 3.034800 -0.290295
v -0.213234 3.034800 0.290295
v -0.213123 3.081150 -0.290138
v -0.213123 3.081150 0.290138
v -0.210740 0.046875 -1.267832
v -0.210740 0.046875 1.267832
v -0.209136 2.440800 -1.258183
v -0.209136 2.440800 1.258183
v -0.208794 2.863350 0.070270
v -0.208794 2.863350 -0.070270
v -0.200000 2.700000 -0.000000
v -0.200000 2.700000 -0.000000
v -0.200000 2.700000 -0.000000
v -0.200000 2.700000 -0.000000
v -0.198374 2.659200 -0.198374
v -0.198374 2.659200 0.198374
v -0.197684 2.474400 -1.189282
v -0.197684 2.474400 1.189282
v -0.197424 2.700000 -0.032816
v -0.197424 2.700000 0.032816
v -0.197424 2.700000 0.032816
v -0.197424 2.700000 -0.032816
v -0.195658 2.863350 -0.101925
v -0.195658 2.863350 0.101925
v -0.194600 3.141450 -0.000000
v -0.194600 3.141450 -0.000000
v -0.194472 2.923200 -0.194472
v -0.194472 2.923200 0.194472
v -0.193348 2.981250 -0.263232
v -0.193348 2.981250 0.263232
v -0.192107 3.141450 -0.032048
v -0.192107 3.141450 0.032048
v -0.189952 2.700000 -0.063808
v -0.189952 2.700000 0.063808
v -0.189952 2.700000 0.063808
v -0.189952 2.700000 -0.063808
v -0.187642 0.031200 1.128870
v -0.187642 0.031200 -1.128870
v -0.184870 3.141450 -0.062272
v -0.184870 3.141450 0.062272
v -0.183734 3.117600 -0.250127
v -0.183734 3.117600 0.250127
v -0.181110 2.625600 0.348105
v -0.181110 2.625600 -0.348105
v -0.180521 2.502600 -1.086029
v -0.180521 2.502600 1.086029
v -0.179756 0.002175 -0.345503
v -0.179756 0.002175 0.345503
v -0.179200 2.804400 -0.000000
v -0.179200 2.804400 -0.000000
v -0.177989 2.863350 -0.130707
v -0.177989 2.863350 0.130707
v -0.177968 2.700000 -0.092592
v -0.177968 2.700000 0.092592
v -0.177968 2.700000 0.092592
v -0.177968 2.700000 -0.092592
v -0.176897 2.804400 0.029450
v -0.176897 2.804400 -0.029450
v -0.173255 3.141450 -0.090306
v -0.173255 3.141450 0.090306
v -0.170215 2.804400 0.057246
v -0.170215 2.804400 -0.057246
v -0.167751 2.597400 -0.499384
v -0.167751 2.597400 0.499384
v -0.167400 2.749050 -0.000000
v -0.167400 2.749050 -0.000000
v -0.166306 3.034800 -0.319082
v -0.166306 3.034800 0.319082
v -0.166221 3.081150 0.318907
v -0.166221 3.081150 -0.318907
v -0.165941 2.659200 -0.226113
v -0.165941 2.659200 0.226113
v -0.165245 2.749050 0.027480
v -0.165245 2.749050 -0.027480
v -0.162745 2.923200 -0.221585
v -0.162745 2.923200 0.221585
v -0.161856 2.700000 -0.118784
v -0.161856 2.700000 0.118784
v -0.161856 2.700000 0.118784
v -0.161856 2.700000 -0.118784
v -0.159496 2.804400 0.083047
v -0.159496 2.804400 -0.083047
v -0.159223 2.527200 -0.957901
v -0.159223 2.527200 0.957901
v -0.158995 2.749050 0.053428
v -0.158995 2.749050 -0.053428
v -0.157626 3.141450 -0.115787
v -0.157626 3.141450 0.115787
v -0.156274 0.018225 0.940158
v -0.156274 0.018225 -0.940158
v -0.156200 2.863350 -0.156200
v -0.156200 2.863350 0.156200
v -0.150793 2.981250 -0.289340
v -0.150793 2.981250 0.289340
v -0.148969 2.749050 0.077523
v -0.148969 2.749050 -0.077523
v -0.145078 2.804400 0.106513
v -0.145078 2.804400 -0.106513
v -0.143301 3.117600 -0.274928
v -0.143301 3.117600 0.274928
v -0.142000 2.700000 -0.142000
v -0.142000 2.700000 0.142000
v -0.142000 2.700000 0.142000
v -0.142000 2.700000 -0.142000
v -0.138348 3.141450 -0.138348
v -0.138348 3.141450 0.138348
v -0.135489 2.749050 0.099446
v -0.135489 2.749050 -0.099446
v -0.135366 2.550000 -0.814374
v -0.135366 2.550000 0.814374
v -0.130707 2.863350 -0.177989
v -0.130707 2.863350 0.177989
v -0.129351 2.659200 0.248621
v -0.129351 2.659200 -0.248621
v -0.127304 2.804400 0.127304
v -0.127304 2.804400 -0.127304
v -0.126920 2.923200 -0.243569
v -0.126920 2.923200 0.243569
v -0.124808 2.625600 -0.371546
v -0.124808 2.625600 0.371546
v -0.123875 0.002175 0.368768
v -0.123875 0.002175 -0.368768
v -0.118874 2.749050 0.118874
v -0.118874 2.749050 -0.118874
v -0.118784 2.700000 -0.161856
v -0.118784 2.700000 0.161856
v -0.118784 2.700000 0.161856
v -0.118784 2.700000 -0.161856
v -0.115787 3.141450 -0.157626
v -0.115787 3.141450 0.157626
v -0.115381 0.008400 0.694143
v -0.115381 0.008400 -0.694143
v -0.114676 3.034800 -0.340477
v -0.114676 3.034800 0.340477
v -0.114619 3.081150 -0.340289
v -0.114619 3.081150 0.340289
v -0.110524 2.572800 -0.664924
v -0.110524 2.572800 0.664924
v -0.106513 2.804400 -0.145078
v -0.106513 2.804400 0.145078
v -0.103976 2.981250 -0.308744
v -0.103976 2.981250 0.308744
v -0.101925 2.863350 -0.195658
v -0.101925 2.863350 0.195658
v -0.099446 2.749050 0.135489
v -0.099446 2.749050 -0.135489
v -0.098814 3.117600 -0.293360
v -0.098814 3.117600 0.293360
v -0.092592 2.700000 -0.177968
v -0.092592 2.700000 0.177968
v -0.092592 2.700000 -0.177968
v -0.092592 2.700000 0.177968
v -0.090306 3.141450 -0.173255
v -0.090306 3.141450 0.173255
v -0.089140 2.659200 -0.265363
v -0.089140 2.659200 0.265363
v -0.087511 2.923200 -0.259910
v -0.087511 2.923200 0.259910
v -0.086273 2.597400 -0.519028
v -0.086273 2.597400 0.519028
v -0.083047 2.804400 -0.159496
v -0.083047 2.804400 0.159496
v -0.077523 2.749050 -0.148969
v -0.077523 2.749050 0.148969
v -0.070270 2.863350 -0.208794
v -0.070270 2.863350 0.208794
v -0.064188 2.625600 -0.386161
v -0.064188 2.625600 0.386161
v -0.063808 2.700000 -0.189952
v -0.063808 2.700000 0.189952
v -0.063808 2.700000 -0.189952
v -0.063808 2.700000 0.189952
v -0.063708 0.002175 0.383274
v -0.063708 0.002175 -0.383274
v -0.062272 3.141450 -0.184870
v -0.062272 3.141450 0.184870
v -0.059016 3.034800 -0.353807
v -0.059016 3.034800 0.353807
v -0.058988 3.081150 -0.353610
v -0.058988 3.081150 0.353610
v -0.057246 2.804400 -0.170215
v -0.057246 2.804400 0.170215
v -0.053508 2.981250 -0.320834
v -0.053508 2.981250 0.320834
v -0.053428 2.749050 -0.158995
v -0.053428 2.749050 0.158995
v -0.050855 3.117600 -0.304843
v -0.050855 3.117600 0.304843
v -0.045844 2.659200 -0.275801
v -0.045844 2.659200 0.275801
v -0.045032 2.923200 -0.270092
v -0.045032 2.923200 0.270092
v -0.036157 2.863350 -0.216979
v -0.036157 2.863350 0.216979
v -0.032816 2.700000 -0.197424
v -0.032816 2.700000 0.197424
v -0.032816 2.700000 -0.197424
v -0.032816 2.700000 0.197424
v -0.032048 3.141450 -0.192107
v -0.032048 3.141450 0.192107
v -0.029450 2.804400 -0.176897
v -0.029450 2.804400 0.176897
v -0.027480 2.749050 -0.165245
v -0.027480 2.749050 0.165245
v 0.000000 0.260025 1.608000
v 0.000000 1.929525 1.718250
v 0.000000 2.085600 -1.648000
v 0.000000 0.656400 -1.948000
v 0.000000 0.771675 -1.986000
v 0.000000 2.482687 1.382225
v 0.000000 2.700000 -0.200000
v 0.000000 0.127575 1.496475
v 0.000000 2.474400 -1.204800
v 0.000000 2.749050 -0.167400
v 0.000000 0.018225 0.952425
v 0.000000 0.046875 -1.284375
v 0.000000 0.064800 1.382400
v 0.000000 0.384375 1.750000
v 0.000000 0.463200 1.824000
v 0.000000 0.553725 -1.892000
v 0.000000 1.037175 1.992750
v 0.000000 1.178400 1.972000
v 0.000000 1.323225 -1.939250
v 0.000000 1.621875 -1.843750
v 0.000000 1.774800 1.784000
v 0.000000 2.400000 -1.300000
v 0.000000 2.435437 -1.480325
v 0.000000 2.435437 -1.385925
v 0.000000 2.463000 -1.459600
v 0.000000 2.463000 -1.380400
v 0.000000 2.494500 -1.390200
v 0.000000 2.502600 -1.100200
v 0.000000 2.804400 -0.179200
v 0.000000 2.863350 -0.219800
v 0.000000 2.572800 -0.673600
v 0.000000 0.105600 1.480800
v 0.000000 0.177075 -1.514000
v 0.000000 2.494500 -1.419800
v 0.000000 2.527200 -0.970400
v 0.000000 2.923200 -0.273600
v 0.000000 3.117600 -0.308800
v 0.000000 2.597400 -0.525800
v 0.000000 2.700000 -0.200000
v 0.000000 2.981250 -0.325000
v 0.000000 3.141450 -0.194600
v 0.000000 0.002175 0.388275
v 0.000000 3.081150 -0.358200
v 0.000000 0.000000 0.000000
v 0.000000 0.002175 -0.388275
v 0.000000 0.002175 0.388275
v 0.000000 0.008400 -0.703200
v 0.000000 0.008400 0.703200
v 0.000000 0.018225 -0.952425
v 0.000000 0.018225 0.952425
v 0.000000 0.031200 -1.143600
v 0.000000 0.031200 -1.143600
v 0.000000 0.031200 1.143600
v 0.000000 0.031200 1.143600
v 0.000000 0.046875 -1.284375
v 0.000000 0.046875 1.284375
v 0.000000 0.064800 -1.382400
v 0.000000 0.064800 1.382400
v 0.000000 0.084525 -1.445325
v 0.000000 0.084525 -1.445325
v 0.000000 0.084525 1.445325
v 0.000000 0.084525 1.445325
v 0.000000 0.105600 -1.480800
v 0.000000 0.105600 1.480800
v 0.000000 0.127575 -1.496475
v 0.000000 0.127575 1.496475
v 0.000000 0.150000 -1.500000
v 0.000000 0.150000 -1.500000
v 0.000000 0.150000 1.500000
v 0.000000 0.150000 1.500000
v 0.000000 0.177075 -1.514000
v 0.000000 0.177075 1.514000
v 0.000000 0.213600 -1.552000
v 0.000000 0.213600 -1.552000
v 0.000000 0.213600 1.552000
v 0.000000 0.213600 1.552000
v 0.000000 0.260025 -1.608000
v 0.000000 0.260025 1.608000
v 0.000000 0.316800 -1.676000
v 0.000000 0.316800 -1.676000
v 0.000000 0.316800 1.676000
v 0.000000 0.316800 1.676000
v 0.000000 0.384375 -1.750000
v 0.000000 0.384375 1.750000
v 0.000000 0.463200 -1.824000
v 0.000000 0.463200 1.824000
v 0.000000 0.553725 -1.892000
v 0.000000 0.553725 1.892000
v 0.000000 0.656400 -1.948000
v 0.000000 0.656400 1.948000
v 0.000000 0.771675 -1.986000
v 0.000000 0.771675 1.986000
v 0.000000 0.900000 -2.000000
v 0.000000 0.900000 -2.000000
v 0.000000 0.900000 2.000000
v 0.000000 0.900000 2.000000
v 0.000000 1.037175 -1.992750
v 0.000000 1.037175 1.992750
v 0.000000 1.178400 -1.972000
v 0.000000 1.178400 1.972000
v 0.000000 1.323225 -1.939250
v 0.000000 1.323225 1.939250
v 0.000000 1.471200 -1.896000
v 0.000000 1.471200 -1.896000
v 0.000000 1.471200 1.896000
v 0.000000 1.471200 1.896000
v 0.000000 1.621875 -1.843750
v 0.000000 1.621875 1.843750
v 0.000000 1.774800 -1.784000
v 0.000000 1.774800 1.784000
v 0.000000 1.929525 -1.718250
v 0.000000 1.929525 1.718250
v 0.000000 2.085600 -1.648000
v 0.000000 2.085600 1.648000
v 0.000000 2.242575 -1.574750
v 0.000000 2.242575 -1.574750
v 0.000000 2.242575 1.574750
v 0.000000 2.242575 1.574750
v 0.000000 2.400000 -1.500000
v 0.000000 2.400000 -1.500000
v 0.000000 2.400000 -1.400000
v 0.000000 2.400000 -1.400000
v 0.000000 2.400000 -1.300000
v 0.000000 2.400000 1.300000
v 0.000000 2.400000 1.400000
v 0.000000 2.400000 1.400000
v 0.000000 2.400000 1.500000
v 0.000000 2.400000 1.500000
v 0.000000 2.435437 -1.480325
v 0.000000 2.435437 -1.385925
v 0.000000 2.435437 1.385925
v 0.000000 2.435437 1.480325
v 0.000000 2.440800 -1.274600
v 0.000000 2.440800 -1.274600
v 0.000000 2.440800 1.274600
v 0.000000 2.440800 1.274600
v 0.000000 2.463000 -1.459600
v 0.000000 2.463000 -1.380400
v 0.000000 2.463000 1.380400
v 0.000000 2.463000 1.459600
v 0.000000 2.474400 -1.204800
v 0.000000 2.474400 1.204800
v 0.000000 2.482687 -1.439025
v 0.000000 2.482687 -1.382225
v 0.000000 2.482687 1.382225
v 0.000000 2.482687 1.439025
v 0.000000 2.494500 -1.419800
v 0.000000 2.494500 -1.390200
v 0.000000 2.494500 1.390200
v 0.000000 2.494500 1.419800
v 0.000000 2.498438 -1.403125
v 0.000000 2.498438 -1.403125
v 0.000000 2.498438 1.403125
v 0.000000 2.498438 1.403125
v 0.000000 2.502600 -1.100200
v 0.000000 2.502600 1.100200
v 0.000000 2.527200 -0.970400
v 0.000000 2.527200 0.970400
v 0.000000 2.550000 -0.825000
v 0.000000 2.550000 -0.825000
v 0.000000 2.550000 0.825000
v 0.000000 2.550000 0.825000
v 0.000000 2.572800 -0.673600
v 0.000000 2.572800 0.673600
v 0.000000 2.597400 -0.525800
v 0.000000 2.597400 0.525800
v 0.000000 2.625600 -0.391200
v 0.000000 2.625600 -0.391200
v 0.000000 2.625600 0.391200
v 0.000000 2.625600 0.391200
v 0.000000 2.659200 -0.279400
v 0.000000 2.659200 0.279400
v 0.000000 2.700000 -0.200000
v 0.000000 2.700000 -0.200000
v 0.000000 2.700000 0.200000
v 0.000000 2.700000 0.200000
v 0.000000 2.749050 -0.167400
v 0.000000 2.749050 0.167400
v 0.000000 2.804400 -0.179200
v 0.000000 2.804400 0.179200
v 0.000000 2.863350 -0.219800
v 0.000000 2.863350 0.219800
v 0.000000 2.923200 -0.273600
v 0.000000 2.923200 0.273600
v 0.000000 2.981250 -0.325000
v 0.000000 2.981250 0.325000
v 0.000000 3.034800 -0.358400
v 0.000000 3.034800 -0.358400
v 0.000000 3.034800 0.358400
v 0.000000 3.034800 0.358400
v 0.000000 3.081150 -0.358200
v 0.000000 3.081150 0.358200
v 0.000000 3.117600 -0.308800
v 0.000000 3.117600 0.308800
v 0.000000 3.141450 -0.194600
v 0.000000 3.141450 0.194600
v 0.000000 3.150000 -0.000000
v 0.000000 0.002175 -0.388275
v 0.000000 3.081150 0.358200
v 0.000000 2.597400 0.525800
v 0.000000 2.700000 0.200000
v 0.000000 2.981250 0.325000
v 0.000000 3.141450 0.194600
v 0.000000 3.117600 0.308800
v 0.000000 0.105600 -1.480800
v 0.000000 0.177075 1.514000
v 0.000000 2.494500 1.419800
v 0.000000 2.527200 0.970400
v 0.000000 2.923200 0.273600
v 0.000000 2.572800 0.673600
v 0.000000 2.863350 0.219800
v 0.000000 0.018225 -0.952425
v 0.000000 0.046875 1.284375
v 0.000000 0.064800 -1.382400
v 0.000000 0.384375 -1.750000
v 0.000000 0.463200 -1.824000
v 0.000000 0.553725 1.892000
v 0.000000 1.037175 -1.992750
v 0.000000 1.178400 -1.972000
v 0.000000 1.323225 1.939250
v 0.000000 1.621875 1.843750
v 0.000000 1.774800 -1.784000
v 0.000000 2.400000 1.300000
v 0.000000 2.435437 1.385925
v 0.000000 2.435437 1.480325
v 0.000000 2.463000 1.380400
v 0.000000 2.463000 1.459600
v 0.000000 2.494500 1.390200
v 0.000000 2.502600 1.100200
v 0.000000 2.804400 0.179200
v 0.000000 2.749050 0.167400
v 0.000000 0.127575 -1.496475
v 0.000000 2.474400 1.204800
v 0.000000 0.656400 1.948000
v 0.000000 0.771675 1.986000
v 0.000000 2.482687 -1.382225
v 0.000000 2.700000 0.200000
v 0.000000 0.260025 -1.608000
v 0.000000 1.929525 -1.718250
v 0.000000 2.085600 1.648000
v 0.027480 2.749050 -0.165245
v 0.027480 2.749050 0.165245
v 0.029450 2.804400 -0.176897
v 0.029450 2.804400 0.176897
v 0.032048 3.141450 -0.192107
v 0.032048 3.141450 0.192107
v 0.032816 2.700000 -0.197424
v 0.032816 2.700000 0.197424
v 0.032816 2.700000 -0.197424
v 0.032816 2.700000 0.197424
v 0.036157 2.863350 -0.216979
v 0.036157 2.863350 0.216979
v 0.045032 2.923200 -0.270092
v 0.045032 2.923200 0.270092
v 0.045844 2.659200 -0.275801
v 0.045844 2.659200 0.275801
v 0.050855 3.117600 -0.304843
v 0.050855 3.117600 0.304843
v 0.053428 2.749050 -0.158995
v 0.053428 2.749050 0.158995
v 0.053508 2.981250 -0.320834
v 0.053508 2.981250 0.320834
v 0.057246 2.804400 -0.170215
v 0.057246 2.804400 0.170215
v 0.058988 3.081150 -0.353610
v 0.058988 3.081150 0.353610
v 0.059016 3.034800 -0.353807
v 0.059016 3.034800 0.353807
v 0.062272 3.141450 -0.184870
v 0.062272 3.141450 0.184870
v 0.063708 0.002175 0.383274
v 0.063708 0.002175 -0.383274
v 0.063808 2.700000 -0.189952
v 0.063808 2.700000 0.189952
v 0.063808 2.700000 -0.189952
v 0.063808 2.700000 0.189952
v 0.064188 2.625600 -0.386161
v 0.064188 2.625600 0.386161
v 0.070270 2.863350 -0.208794
v 0.070270 2.863350 0.208794
v 0.077523 2.749050 -0.148969
v 0.077523 2.749050 0.148969
v 0.083047 2.804400 -0.159496
v 0.083047 2.804400 0.159496
v 0.086273 2.597400 -0.519028
v 0.086273 2.597400 0.519028
v 0.087511 2.923200 -0.259910
v 0.087511 2.923200 0.259910
v 0.089140 2.659200 -0.265363
v 0.089140 2.659200 0.265363
v 0.090306 3.141450 -0.173255
v 0.090306 3.141450 0.173255
v 0.092592 2.700000 -0.177968
v 0.092592 2.700000 0.177968
v 0.092592 2.700000 -0.177968
v 0.092592 2.700000 0.177968
v 0.098814 3.117600 -0.293360
v 0.098814 3.117600 0.293360
v 0.099446 2.749050 0.135489
v 0.099446 2.749050 -0.135489
v 0.101925 2.863350 -0.195658
v 0.101925 2.863350 0.195658
v 0.103976 2.981250 -0.308744
v 0.103976 2.981250 0.308744
v 0.106513 2.804400 -0.145078
v 0.106513 2.804400 0.145078
v 0.110524 2.572800 -0.664924
v 0.110524 2.572800 0.664924
v 0.114619 3.081150 -0.340289
v 0.114619 3.081150 0.340289
v 0.114676 3.034800 -0.340477
v 0.114676 3.034800 0.340477
v 0.115381 0.008400 0.694143
v 0.115381 0.008400 -0.694143
v 0.115787 3.141450 -0.157626
v 0.115787 3.141450 0.157626
v 0.118784 2.700000 0.161856
v 0.118784 2.700000 -0.161856
v 0.118784 2.700000 -0.161856
v 0.118784 2.700000 0.161856
v 0.118874 2.749050 0.118874
v 0.118874 2.749050 -0.118874
v 0.123875 0.002175 0.368768
v 0.123875 0.002175 -0.368768
v 0.124808 2.625600 -0.371546
v 0.124808 2.625600 0.371546
v 0.126920 2.923200 -0.243569
v 0.126920 2.923200 0.243569
v 0.127304 2.804400 0.127304
v 0.127304 2.804400 -0.127304
v 0.129351 2.659200 0.248621
v 0.129351 2.659200 -0.248621
v 0.130707 2.863350 -0.177989
v 0.130707 2.863350 0.177989
v 0.135366 2.550000 -0.814374
v 0.135366 2.550000 0.814374
v 0.135489 2.749050 0.099446
v 0.135489 2.749050 -0.099446
v 0.138348 3.141450 -0.138348
v 0.138348 3.141450 0.138348
v 0.142000 2.700000 0.142000
v 0.142000 2.700000 -0.142000
v 0.142000 2.700000 -0.142000
v 0.142000 2.700000 0.142000
v 0.143301 3.117600 -0.274928
v 0.143301 3.117600 0.274928
v 0.145078 2.804400 0.106513
v 0.145078 2.804400 -0.106513
v 0.148969 2.749050 0.077523
v 0.148969 2.749050 -0.077523
v 0.150793 2.981250 -0.289340
v 0.150793 2.981250 0.289340
v 0.156200 2.863350 -0.156200
v 0.156200 2.863350 0.156200
v 0.156274 0.018225 0.940158
v 0.156274 0.018225 -0.940158
v 0.157626 3.141450 -0.115787
v 0.157626 3.141450 0.115787
v 0.158995 2.749050 0.053428
v 0.158995 2.749050 -0.053428
v 0.159223 2.527200 -0.957901
v 0.159223 2.527200 0.957901
v 0.159496 2.804400 0.083047
v 0.159496 2.804400 -0.083047
v 0.161856 2.700000 0.118784
v 0.161856 2.700000 -0.118784
v 0.161856 2.700000 -0.118784
v 0.161856 2.700000 0.118784
v 0.162745 2.923200 -0.221585
v 0.162745 2.923200 0.221585
v 0.165245 2.749050 0.027480
v 0.165245 2.749050 -0.027480
v 0.165941 2.659200 -0.226113
v 0.165941 2.659200 0.226113
v 0.166221 3.081150 0.318907
v 0.166221 3.081150 -0.318907
v 0.166306 3.034800 -0.319082
v 0.166306 3.034800 0.319082
v 0.167400 2.749050 -0.000000
v 0.167400 2.749050 -0.000000
v 0.167751 2.597400 -0.499384
v 0.167751 2.597400 0.499384
v 0.170215 2.804400 0.057246
v 0.170215 2.804400 -0.057246
v 0.173255 3.141450 -0.090306
v 0.173255 3.141450 0.090306
v 0.176897 2.804400 0.029450
v 0.176897 2.804400 -0.029450
v 0.177968 2.700000 0.092592
v 0.177968 2.700000 -0.092592
v 0.177968 2.700000 -0.092592
v 0.177968 2.700000 0.092592
v 0.177989 2.863350 -0.130707
v 0.177989 2.863350 0.130707
v 0.179200 2.804400 -0.000000
v 0.179200 2.804400 -0.000000
v 0.179756 0.002175 -0.345503
v 0.179756 0.002175 0.345503
v 0.180521 2.502600 -1.086029
v 0.180521 2.502600 1.086029
v 0.181110 2.625600 0.348105
v 0.181110 2.625600 -0.348105
v 0.183734 3.117600 -0.250127
v 0.183734 3.117600 0.250127
v 0.184870 3.141450 -0.062272
v 0.184870 3.141450 0.062272
v 0.187642 0.031200 1.128870
v 0.187642 0.031200 -1.128870
v 0.189952 2.700000 0.063808
v 0.189952 2.700000 -0.063808
v 0.189952 2.700000 -0.063808
v 0.189952 2.700000 0.063808
v 0.192107 3.141450 -0.032048
v 0.192107 3.141450 0.032048
v 0.193348 2.981250 -0.263232
v 0.193348 2.981250 0.263232
v 0.194472 2.923200 -0.194472
v 0.194472 2.923200 0.194472
v 0.194600 3.141450 -0.000000
v 0.194600 3.141450 -0.000000
v 0.195658 2.863350 -0.101925
v 0.195658 2.863350 0.101925
v 0.197424 2.700000 0.032816
v 0.197424 2.700000 -0.032816
v 0.197424 2.700000 -0.032816
v 0.197424 2.700000 0.032816
v 0.197684 2.474400 -1.189282
v 0.197684 2.474400 1.189282
v 0.198374 2.659200 -0.198374
v 0.198374 2.659200 0.198374
v 0.200000 2.700000 -0.000000
v 0.200000 2.700000 -0.000000
v 0.200000 2.700000 -0.000000
v 0.200000 2.700000 -0.000000
v 0.208794 2.863350 0.070270
v 0.208794 2.863350 -0.070270
v 0.209136 2.440800 -1.258183
v 0.209136 2.440800 1.258183
v 0.210740 0.046875 -1.267832
v 0.210740 0.046875 1.267832
v 0.213123 3.081150 -0.290138
v 0.213123 3.081150 0.290138
v 0.213234 3.034800 -0.290295
v 0.213234 3.034800 0.290295
v 0.213304 2.400000 -1.283256
v 0.213304 2.400000 1.283256
v 0.214905 2.572800 -0.639758
v 0.214905 2.572800 0.639758
v 0.216979 2.863350 0.036157
v 0.216979 2.863350 -0.036157
v 0.219536 3.117600 -0.219536
v 0.219536 3.117600 0.219536
v 0.219800 2.863350 -0.000000
v 0.219800 2.863350 -0.000000
v 0.221585 2.923200 -0.162745
v 0.221585 2.923200 0.162745
v 0.224349 0.008400 0.667871
v 0.224349 0.008400 -0.667871
v 0.226113 2.659200 -0.165941
v 0.226113 2.659200 0.165941
v 0.226496 2.463000 -1.362620
v 0.226496 2.463000 1.362620
v 0.226795 2.482687 1.364422
v 0.226795 2.482687 -1.364422
v 0.226824 0.064800 1.364595
v 0.226824 0.064800 -1.364595
v 0.227403 2.435437 -1.368074
v 0.227403 2.435437 1.368074
v 0.228104 2.494500 -1.372294
v 0.228104 2.494500 1.372294
v 0.229712 2.400000 -1.381968
v 0.229712 2.400000 1.381968
v 0.230225 2.498438 -1.385053
v 0.230225 2.498438 1.385053
v 0.230604 0.002175 -0.314223
v 0.230604 0.002175 0.314223
v 0.231031 2.981250 -0.231031
v 0.231031 2.981250 0.231031
v 0.232342 2.625600 -0.316590
v 0.232342 2.625600 0.316590
v 0.232961 2.494500 -1.401513
v 0.232961 2.494500 1.401513
v 0.236115 2.482687 -1.420490
v 0.236115 2.482687 1.420490
v 0.237149 0.084525 1.426709
v 0.237149 0.084525 -1.426709
v 0.239491 2.463000 -1.440800
v 0.239491 2.463000 1.440800
v 0.242892 2.435437 -1.461258
v 0.242892 2.435437 1.461258
v 0.242970 0.105600 1.461727
v 0.242970 0.105600 -1.461727
v 0.243424 2.597400 0.467878
v 0.243424 2.597400 -0.467878
v 0.243569 2.923200 -0.126920
v 0.243569 2.923200 0.126920
v 0.245542 0.127575 1.477200
v 0.245542 0.127575 -1.477200
v 0.246120 0.150000 -1.480680
v 0.246120 2.400000 -1.480680
v 0.246120 0.150000 1.480680
v 0.246120 0.150000 1.480680
v 0.246120 2.400000 1.480680
v 0.246120 0.150000 -1.480680
v 0.248417 0.177075 -1.494500
v 0.248417 0.177075 1.494500
v 0.248621 2.659200 0.129351
v 0.248621 2.659200 -0.129351
v 0.250127 3.117600 -0.183734
v 0.250127 3.117600 0.183734
v 0.254652 0.213600 -1.532010
v 0.254652 0.213600 1.532010
v 0.254653 3.081150 -0.254653
v 0.254653 3.081150 0.254653
v 0.254788 3.034800 -0.254788
v 0.254788 3.034800 0.254788
v 0.258385 2.242575 -1.554467
v 0.258385 2.242575 1.554467
v 0.259910 2.923200 -0.087511
v 0.259910 2.923200 0.087511
v 0.263208 2.550000 -0.783552
v 0.263208 2.550000 0.783552
v 0.263232 2.981250 -0.193348
v 0.263232 2.981250 0.193348
v 0.263841 0.260025 1.587289
v 0.263841 0.260025 -1.587289
v 0.265363 2.659200 -0.089140
v 0.265363 2.659200 0.089140
v 0.270092 2.923200 -0.045032
v 0.270092 2.923200 0.045032
v 0.270404 2.085600 -1.626774
v 0.270404 2.085600 1.626774
v 0.273600 2.923200 -0.000000
v 0.273600 2.923200 -0.000000
v 0.274928 3.117600 -0.143301
v 0.274928 3.117600 0.143301
v 0.274998 0.316800 -1.654413
v 0.274998 0.316800 1.654413
v 0.275675 0.002175 -0.275675
v 0.275675 0.002175 0.275675
v 0.275801 2.659200 -0.045844
v 0.275801 2.659200 0.045844
v 0.277752 2.625600 -0.277752
v 0.277752 2.625600 0.277752
v 0.279400 2.659200 -0.000000
v 0.281930 1.929525 1.696119
v 0.281930 1.929525 -1.696119
v 0.287140 0.384375 -1.727460
v 0.287140 0.384375 1.727460
v 0.289340 2.981250 -0.150793
v 0.289340 2.981250 0.150793
v 0.290138 3.081150 -0.213123
v 0.290138 3.081150 0.213123
v 0.290295 3.034800 -0.213234
v 0.290295 3.034800 0.213234
v 0.292719 1.774800 -1.761022
v 0.292719 1.774800 1.761022
v 0.293360 3.117600 -0.098814
v 0.293360 3.117600 0.098814
v 0.299282 0.463200 -1.800507
v 0.299282 0.463200 1.800507
v 0.302522 1.621875 -1.820003
v 0.302523 1.621875 1.820003
v 0.303862 0.018225 0.904575
v 0.303862 0.018225 -0.904575
v 0.304843 3.117600 -0.050855
v 0.304843 3.117600 0.050855
v 0.308744 2.981250 -0.103976
v 0.308744 2.981250 0.103976
v 0.308800 3.117600 -0.000000
v 0.308800 3.117600 -0.000000
v 0.309596 2.527200 -0.921647
v 0.309596 2.527200 0.921647
v 0.310439 0.553725 -1.867631
v 0.310439 0.553725 1.867631
v 0.311096 1.471200 -1.871580
v 0.311096 1.471200 1.871580
v 0.311850 2.572800 -0.599396
v 0.311850 2.572800 0.599396
v 0.312283 2.597400 -0.425519
v 0.312283 2.597400 0.425519
v 0.314223 0.002175 -0.230604
v 0.314223 0.002175 0.230604
v 0.316590 2.625600 -0.232342
v 0.316590 2.625600 0.232342
v 0.318192 1.323225 -1.914272
v 0.318192 1.323225 1.914272
v 0.318907 3.081150 -0.166221
v 0.318907 3.081150 0.166221
v 0.319082 3.034800 -0.166306
v 0.319082 3.034800 0.166306
v 0.319628 0.656400 -1.922910
v 0.319628 0.656400 1.922910
v 0.320834 2.981250 -0.053508
v 0.320834 2.981250 0.053508
v 0.323566 1.178400 -1.946601
v 0.323566 1.178400 1.946601
v 0.325000 2.981250 -0.000000
v 0.325000 2.981250 -0.000000
v 0.325553 0.008400 -0.625735
v 0.325553 0.008400 0.625735
v 0.325863 0.771675 -1.960420
v 0.325863 0.771675 1.960420
v 0.326970 1.037175 -1.967083
v 0.326970 1.037175 1.967083
v 0.328160 0.900000 -1.974240
v 0.328160 0.900000 -1.974240
v 0.328160 0.900000 1.974240
v 0.340289 3.081150 -0.114619
v 0.340289 3.081150 0.114619
v 0.340477 3.034800 -0.114676
v 0.340477 3.034800 0.114676
v 0.345503 0.002175 -0.179756
v 0.345503 0.002175 0.179756
v 0.348105 2.625600 -0.181110
v 0.348105 2.625600 0.181110
v 0.351008 2.502600 -1.044926
v 0.351008 2.502600 1.044926
v 0.353610 3.081150 -0.058988
v 0.353610 3.081150 0.058988
v 0.353807 3.034800 -0.059016
v 0.353807 3.034800 0.059016
v 0.358200 3.081150 -0.000000
v 0.358200 3.081150 -0.000000
v 0.358400 3.034800 -0.000000
v 0.358400 3.034800 -0.000000
v 0.364854 0.031200 1.086146
v 0.364854 0.031200 -1.086146
v 0.368768 0.002175 -0.123875
v 0.368768 0.002175 0.123875
v 0.371546 2.625600 -0.124808
v 0.371546 2.625600 0.124808
v 0.373318 2.597400 -0.373318
v 0.373318 2.597400 0.373318
v 0.381942 2.550000 -0.734118
v 0.381942 2.550000 0.734118
v 0.383274 0.002175 -0.063708
v 0.383274 0.002175 0.063708
v 0.384379 2.474400 -1.144271
v 0.384379 2.474400 1.144271
v 0.386161 2.625600 -0.064188
v 0.386161 2.625600 0.064188
v 0.388275 0.002175 -0.000000
v 0.388275 0.002175 -0.000000
v 0.391200 2.625600 -0.000000
v 0.391200 2.625600 -0.000000
v 0.400065 2.572800 -0.545131
v 0.400065 2.572800 0.545131
v 0.406648 2.440800 -1.210564
v 0.406648 2.440800 1.210564
v 0.409767 0.046875 1.219848
v 0.409767 0.046875 -1.219848
v 0.414752 2.400000 -1.234688
v 0.414752 2.400000 1.234688
v 0.417645 0.008400 -0.569086
v 0.417645 0.008400 0.569086
v 0.425519 2.597400 0.312283
v 0.425519 2.597400 -0.312283
v 0.440403 2.463000 -1.311049
v 0.440403 2.463000 1.311049
v 0.440935 0.018225 0.847506
v 0.440935 0.018225 -0.847506
v 0.440985 2.482687 -1.312782
v 0.440985 2.482687 1.312782
v 0.441041 0.064800 1.312948
v 0.441041 0.064800 -1.312948
v 0.442166 2.435437 -1.316296
v 0.442166 2.435437 1.316296
v 0.443529 2.494500 -1.320356
v 0.443529 2.494500 1.320356
v 0.446656 2.400000 -1.329664
v 0.446656 2.400000 1.329664
v 0.447653 2.498438 -1.332632
v 0.447653 2.498438 1.332632
v 0.449256 2.527200 -0.863501
v 0.449256 2.527200 0.863501
v 0.452973 2.494500 -1.348469
v 0.452973 2.494500 1.348469
v 0.459107 2.482687 -1.366728
v 0.459107 2.482687 1.366728
v 0.461116 0.084525 1.372712
v 0.461116 0.084525 -1.372712
v 0.465671 2.463000 -1.386270
v 0.465671 2.463000 1.386270
v 0.467878 2.597400 -0.243424
v 0.467878 2.597400 0.243424
v 0.472283 2.435437 -1.405953
v 0.472283 2.435437 1.405953
v 0.472434 0.105600 1.406405
v 0.472434 0.105600 -1.406405
v 0.477435 0.127575 1.421292
v 0.477435 0.127575 -1.421292
v 0.478256 2.572800 -0.478256
v 0.478256 2.572800 0.478256
v 0.478560 0.150000 -1.424640
v 0.478560 2.400000 -1.424640
v 0.478560 0.150000 1.424640
v 0.478560 0.150000 1.424640
v 0.478560 0.150000 -1.424640
v 0.478560 2.400000 1.424640
v 0.483027 0.177075 -1.437937
v 0.483027 0.177075 1.437937
v 0.489984 2.550000 -0.667656
v 0.489984 2.550000 0.667656
v 0.495150 0.213600 -1.474028
v 0.495150 0.213600 1.474028
v 0.499272 0.008400 -0.499272
v 0.499272 0.008400 0.499272
v 0.499384 2.597400 -0.167751
v 0.499384 2.597400 0.167751
v 0.502408 2.242575 -1.495635
v 0.502408 2.242575 1.495635
v 0.509349 2.502600 0.979002
v 0.509349 2.502600 -0.979002
v 0.513016 0.260025 -1.527214
v 0.513016 0.260025 1.527214
v 0.519028 2.597400 0.086273
v 0.519028 2.597400 -0.086273
v 0.525778 2.085600 -1.565204
v 0.525778 2.085600 1.565204
v 0.525800 2.597400 -0.000000
v 0.525800 2.597400 -0.000000
v 0.529441 0.031200 -1.017621
v 0.529441 0.031200 1.017621
v 0.534711 0.316800 -1.591798
v 0.534711 0.316800 1.591798
v 0.545131 2.572800 -0.400065
v 0.545131 2.572800 0.400065
v 0.548190 1.929525 -1.631925
v 0.548190 1.929525 1.631925
v 0.557774 2.474400 -1.072079
v 0.557774 2.474400 1.072079
v 0.558320 0.384375 -1.662080
v 0.558320 0.384375 1.662080
v 0.565664 0.018225 0.770779
v 0.565664 0.018225 -0.770779
v 0.569086 0.008400 -0.417645
v 0.569086 0.008400 0.417645
v 0.569167 1.774800 -1.694372
v 0.569167 1.774800 1.694372
v 0.576340 2.527200 -0.785325
v 0.576340 2.527200 0.785325
v 0.581929 0.463200 -1.732362
v 0.581929 0.463200 1.732362
v 0.585750 2.550000 -0.585750
v 0.585750 2.550000 0.585750
v 0.588230 1.621875 -1.751120
v 0.588230 1.621875 1.751120
v 0.590089 2.440800 1.134190
v 0.590089 2.440800 -1.134190
v 0.594614 0.046875 -1.142888
v 0.594614 0.046875 1.142888
v 0.599396 2.572800 -0.311850
v 0.599396 2.572800 0.311850
v 0.601848 2.400000 -1.156792
v 0.601848 2.400000 1.156792
v 0.603624 0.553725 -1.796946
v 0.603624 0.553725 1.796946
v 0.604900 1.471200 -1.800745
v 0.604900 1.471200 1.800745
v 0.618698 1.323225 -1.841822
v 0.618698 1.323225 1.841822
v 0.621490 0.656400 -1.850132
v 0.621490 0.656400 1.850132
v 0.625735 0.008400 0.325553
v 0.625735 0.008400 -0.325553
v 0.629147 1.178400 -1.872927
v 0.629147 1.178400 1.872927
v 0.633613 0.771675 -1.886223
v 0.633613 0.771675 1.886223
v 0.635767 1.037175 -1.892634
v 0.635767 1.037175 1.892634
v 0.638080 0.900000 -1.899520
v 0.638080 0.900000 -1.899520
v 0.638080 0.900000 1.899520
v 0.638080 0.900000 1.899520
v 0.639070 2.463000 -1.228335
v 0.639070 2.463000 1.228335
v 0.639758 2.572800 -0.214905
v 0.639758 2.572800 0.214905
v 0.639915 2.482687 1.229959
v 0.639915 2.482687 -1.229959
v 0.639996 0.064800 -1.230115
v 0.639996 0.064800 1.230115
v 0.641628 2.435437 -1.233252
v 0.641628 2.435437 1.233252
v 0.643607 2.494500 -1.237056
v 0.643607 2.494500 1.237056
v 0.648144 2.400000 -1.245776
v 0.648144 2.400000 1.245776
v 0.649591 2.498438 -1.248557
v 0.649591 2.498438 1.248557
v 0.653431 2.502600 -0.890370
v 0.653431 2.502600 0.890370
v 0.657311 2.494500 -1.263395
v 0.657311 2.494500 1.263395
v 0.664924 2.572800 -0.110524
v 0.664924 2.572800 0.110524
v 0.666211 2.482687 1.280502
v 0.666211 2.482687 -1.280502
v 0.667656 2.550000 -0.489984
v 0.667656 2.550000 0.489984
v 0.667871 0.008400 -0.224349
v 0.667871 0.008400 0.224349
v 0.669128 0.084525 -1.286108
v 0.669128 0.084525 1.286108
v 0.673600 2.572800 -0.000000
v 0.673600 2.572800 -0.000000
v 0.675736 2.463000 -1.298810
v 0.675736 2.463000 1.298810
v 0.676222 0.018225 0.676222
v 0.676222 0.018225 -0.676222
v 0.679207 0.031200 -0.925493
v 0.679207 0.031200 0.925493
v 0.685331 2.435437 -1.317252
v 0.685331 2.435437 1.317252
v 0.685551 0.105600 -1.317675
v 0.685551 0.105600 1.317675
v 0.688984 2.527200 -0.688984
v 0.688984 2.527200 0.688984
v 0.692808 0.127575 1.331623
v 0.692808 0.127575 -1.331623
v 0.694143 0.008400 -0.115381
v 0.694143 0.008400 0.115381
v 0.694440 0.150000 1.334760
v 0.694440 0.150000 -1.334760
v 0.694440 2.400000 1.334760
v 0.694440 0.150000 -1.334760
v 0.694440 0.150000 1.334760
v 0.694440 2.400000 -1.334760
v 0.700921 0.177075 1.347218
v 0.700921 0.177075 -1.347218
v 0.703200 0.008400 -0.000000
v 0.715555 2.474400 -0.975021
v 0.715555 2.474400 0.975021
v 0.718514 0.213600 1.381032
v 0.718514 0.213600 -1.381032
v 0.729046 2.242575 -1.401276
v 0.729046 2.242575 1.401276
v 0.734118 2.550000 -0.381942
v 0.734118 2.550000 0.381942
v 0.744440 0.260025 1.430863
v 0.744440 0.260025 -1.430863
v 0.757010 2.440800 1.031508
v 0.757010 2.440800 -1.031508
v 0.762816 0.046875 -1.039419
v 0.762816 0.046875 1.039419
v 0.762958 2.085600 -1.466456
v 0.762958 2.085600 1.466456
v 0.770779 0.018225 0.565664
v 0.770779 0.018225 -0.565664
v 0.772096 2.400000 -1.052064
v 0.772096 2.400000 1.052064
v 0.775921 0.316800 -1.491372
v 0.775921 0.316800 1.491372
v 0.781142 2.502600 -0.781142
v 0.781142 2.502600 0.781142
v 0.783552 2.550000 -0.263208
v 0.783552 2.550000 0.263208
v 0.785325 2.527200 -0.576340
v 0.785325 2.527200 0.576340
v 0.795481 1.929525 1.528968
v 0.795481 1.929525 -1.528968
v 0.810180 0.384375 1.557220
v 0.810180 0.384375 -1.557220
v 0.811956 0.031200 0.811956
v 0.811956 0.031200 -0.811956
v 0.814374 2.550000 -0.135366
v 0.814374 2.550000 0.135366
v 0.819847 2.463000 -1.117130
v 0.819847 2.463000 1.117130
v 0.820931 2.482687 1.118607
v 0.820931 2.482687 -1.118607
v 0.821035 0.064800 1.118749
v 0.821035 0.064800 -1.118749
v 0.823129 2.435437 -1.121601
v 0.823129 2.435437 1.121601
v 0.825000 2.550000 -0.000000
v 0.825000 2.550000 -0.000000
v 0.825668 2.494500 -1.125061
v 0.825668 2.494500 1.125061
v 0.825921 1.774800 1.587475
v 0.825921 1.774800 -1.587475
v 0.831488 2.400000 -1.132992
v 0.831488 2.400000 1.132992
v 0.833344 2.498438 -1.135521
v 0.833344 2.498438 1.135521
v 0.843248 2.494500 -1.149016
v 0.843248 2.494500 1.149016
v 0.844439 0.463200 1.623068
v 0.844439 0.463200 -1.623068
v 0.847506 0.018225 -0.440935
v 0.847506 0.018225 0.440935
v 0.853583 1.621875 -1.640643
v 0.853583 1.621875 1.640643
v 0.854666 2.482687 -1.164574
v 0.854666 2.482687 1.164574
v 0.855408 2.474400 -0.855408
v 0.855408 2.474400 0.855408
v 0.858407 0.084525 -1.169673
v 0.858407 0.084525 1.169673
v 0.863501 2.527200 -0.449256
v 0.863501 2.527200 0.449256
v 0.866886 2.463000 -1.181225
v 0.866886 2.463000 1.181225
v 0.875920 0.553725 -1.683577
v 0.875920 0.553725 1.683577
v 0.877772 1.471200 -1.687137
v 0.877772 1.471200 1.687137
v 0.879195 2.435437 -1.197997
v 0.879195 2.435437 1.197997
v 0.879477 0.105600 -1.198382
v 0.879477 0.105600 1.198382
v 0.888786 0.127575 1.211067
v 0.888786 0.127575 -1.211067
v 0.890370 2.502600 -0.653431
v 0.890370 2.502600 0.653431
v 0.890880 0.150000 -1.213920
v 0.890880 0.150000 1.213920
v 0.890880 2.400000 -1.213920
v 0.890880 0.150000 -1.213920
v 0.890880 0.150000 1.213920
v 0.890880 2.400000 1.213920
v 0.897795 1.323225 -1.725622
v 0.897795 1.323225 1.725622
v 0.899195 0.177075 1.225250
v 0.899195 0.177075 -1.225250
v 0.901846 0.656400 -1.733408
v 0.901846 0.656400 1.733408
v 0.904575 0.018225 0.303862
v 0.904575 0.018225 -0.303862
v 0.904966 2.440800 0.904966
v 0.904966 2.440800 -0.904966
v 0.911906 0.046875 -0.911906
v 0.911906 0.046875 0.911906
v 0.912957 1.178400 -1.754764
v 0.912957 1.178400 1.754764
v 0.919439 0.771675 -1.767222
v 0.919439 0.771675 1.767222
v 0.921647 2.527200 -0.309596
v 0.921647 2.527200 0.309596
v 0.921764 0.213600 1.256003
v 0.921764 0.213600 -1.256003
v 0.922564 1.037175 1.773229
v 0.922564 1.037175 -1.773229
v 0.923000 2.400000 -0.923000
v 0.923000 2.400000 0.923000
v 0.925493 0.031200 0.679207
v 0.925493 0.031200 -0.679207
v 0.925920 0.900000 1.779680
v 0.925920 0.900000 -1.779680
v 0.925920 0.900000 -1.779680
v 0.925920 0.900000 1.779680
v 0.935276 2.242575 -1.274414
v 0.935276 2.242575 1.274414
v 0.940158 0.018225 0.156274
v 0.940158 0.018225 -0.156274
v 0.952425 0.018225 -0.000000
v 0.952425 0.018225 -0.000000
v 0.955023 0.260025 1.301322
v 0.955023 0.260025 -1.301322
v 0.957901 2.527200 -0.159223
v 0.957901 2.527200 0.159223
v 0.970400 2.527200 -0.000000
v 0.970400 2.527200 -0.000000
v 0.975021 2.474400 -0.715555
v 0.975021 2.474400 0.715555
v 0.978780 2.085600 -1.333693
v 0.978780 2.085600 1.333693
v 0.979002 2.502600 0.509349
v 0.979002 2.502600 -0.509349
v 0.980084 2.463000 -0.980084
v 0.980084 2.463000 0.980084
v 0.981380 2.482687 -0.981380
v 0.981380 2.482687 0.981380
v 0.981504 0.064800 0.981504
v 0.981504 0.064800 -0.981504
v 0.984007 2.435437 -0.984007
v 0.984007 2.435437 0.984007
v 0.987042 2.494500 -0.987042
v 0.987042 2.494500 0.987042
v 0.994000 2.400000 -0.994000
v 0.994000 2.400000 0.994000
v 0.995410 0.316800 -1.356353
v 0.995410 0.316800 1.356353
v 0.996219 2.498438 -0.996219
v 0.996219 2.498438 0.996219
v 1.008058 2.494500 -1.008058
v 1.008058 2.494500 1.008058
v 1.017621 0.031200 0.529441
v 1.017621 0.031200 -0.529441
v 1.020503 1.929525 -1.390545
v 1.020503 1.929525 1.390545
v 1.021708 2.482687 -1.021708
v 1.021708 2.482687 1.021708
v 1.026181 0.084525 -1.026181
v 1.026181 0.084525 1.026181
v 1.031508 2.440800 0.757010
v 1.031508 2.440800 -0.757010
v 1.036316 2.463000 -1.036316
v 1.036316 2.463000 1.036316
v 1.039360 0.384375 -1.416240
v 1.039360 0.384375 1.416240
v 1.039419 0.046875 -0.762816
v 1.039419 0.046875 0.762816
v 1.044926 2.502600 -0.351008
v 1.044926 2.502600 0.351008
v 1.051031 2.435437 -1.051031
v 1.051031 2.435437 1.051031
v 1.051368 0.105600 -1.051368
v 1.051368 0.105600 1.051368
v 1.052064 2.400000 -0.772096
v 1.052064 2.400000 0.772096
v 1.059553 1.774800 -1.443756
v 1.059553 1.774800 1.443756
v 1.062497 0.127575 1.062497
v 1.062497 0.127575 -1.062497
v 1.065000 0.150000 -1.065000
v 1.065000 0.150000 1.065000
v 1.065000 2.400000 -1.065000
v 1.065000 2.400000 1.065000
v 1.072079 2.474400 -0.557774
v 1.072079 2.474400 0.557774
v 1.074940 0.177075 -1.074940
v 1.074940 0.177075 1.074940
v 1.083310 0.463200 -1.476127
v 1.083310 0.463200 1.476127
v 1.086029 2.502600 0.180521
v 1.086029 2.502600 -0.180521
v 1.086146 0.031200 0.364854
v 1.086146 0.031200 -0.364854
v 1.095040 1.621875 -1.492110
v 1.095040 1.621875 1.492110
v 1.100200 2.502600 -0.000000
v 1.100200 2.502600 -0.000000
v 1.101920 0.213600 1.101920
v 1.101920 0.213600 -1.101920
v 1.117130 2.463000 -0.819847
v 1.117130 2.463000 0.819847
v 1.118073 2.242575 -1.118073
v 1.118073 2.242575 1.118073
v 1.118607 2.482687 -0.820931
v 1.118607 2.482687 0.820931
v 1.118749 0.064800 -0.821035
v 1.118749 0.064800 0.821035
v 1.121601 2.435437 -0.823129
v 1.121601 2.435437 0.823129
v 1.123697 0.553725 -1.531158
v 1.123697 0.553725 1.531158
v 1.125061 2.494500 -0.825668
v 1.125061 2.494500 0.825668
v 1.126072 1.471200 -1.534395
v 1.126072 1.471200 1.534395
v 1.128870 0.031200 -0.187642
v 1.128870 0.031200 0.187642
v 1.132992 2.400000 -0.831488
v 1.132992 2.400000 0.831488
v 1.134190 2.440800 0.590089
v 1.134190 2.440800 -0.590089
v 1.135521 2.498438 -0.833344
v 1.135521 2.498438 0.833344
v 1.141680 0.260025 1.141680
v 1.141680 0.260025 -1.141680
v 1.142888 0.046875 -0.594614
v 1.142888 0.046875 0.594614
v 1.143600 0.031200 -0.000000
v 1.143600 0.031200 -0.000000
v 1.144271 2.474400 -0.384379
v 1.144271 2.474400 0.384379
v 1.149016 2.494500 -0.843248
v 1.149016 2.494500 0.843248
v 1.151759 1.323225 -1.569396
v 1.151759 1.323225 1.569396
v 1.156792 2.400000 -0.601848
v 1.156792 2.400000 0.601848
v 1.156956 0.656400 -1.576477
v 1.156956 0.656400 1.576477
v 1.164574 2.482687 -0.854666
v 1.164574 2.482687 0.854666
v 1.169673 0.084525 -0.858407
v 1.169673 0.084525 0.858407
v 1.170080 2.085600 -1.170080
v 1.170080 2.085600 1.170080
v 1.171210 1.178400 -1.595900
v 1.171210 1.178400 1.595900
v 1.179525 0.771675 -1.607230
v 1.179525 0.771675 1.607230
v 1.181225 2.463000 -0.866886
v 1.181225 2.463000 0.866886
v 1.183534 1.037175 -1.612693
v 1.183534 1.037175 1.612693
v 1.187840 0.900000 -1.618560
v 1.187840 0.900000 -1.618560
v 1.187840 0.900000 1.618560
v 1.187840 0.900000 1.618560
v 1.189282 2.474400 -0.197684
v 1.189282 2.474400 0.197684
v 1.189960 0.316800 -1.189960
v 1.189960 0.316800 1.189960
v 1.197997 2.435437 -0.879195
v 1.197997 2.435437 0.879195
v 1.198382 0.105600 -0.879477
v 1.198382 0.105600 0.879477
v 1.204800 2.474400 -0.000000
v 1.204800 2.474400 -0.000000
v 1.210564 2.440800 0.406648
v 1.210564 2.440800 -0.406648
v 1.211067 0.127575 0.888786
v 1.211067 0.127575 -0.888786
v 1.213920 0.150000 -0.890880
v 1.213920 0.150000 -0.890880
v 1.213920 0.150000 0.890880
v 1.213920 0.150000 0.890880
v 1.213920 2.400000 -0.890880
v 1.213920 2.400000 0.890880
v 1.219848 0.046875 -0.409767
v 1.219848 0.046875 0.409767
v 1.219958 1.929525 1.219958
v 1.219958 1.929525 -1.219958
v 1.225250 0.177075 0.899195
v 1.225250 0.177075 -0.899195
v 1.228335 2.463000 -0.639070
v 1.228335 2.463000 0.639070
v 1.229959 2.482687 -0.639915
v 1.229959 2.482687 0.639915
v 1.230115 0.064800 -0.639996
v 1.230115 0.064800 0.639996
v 1.233252 2.435437 -0.641628
v 1.233252 2.435437 0.641628
v 1.234688 2.400000 -0.414752
v 1.234688 2.400000 0.414752
v 1.237056 2.494500 -0.643607
v 1.237056 2.494500 0.643607
v 1.242500 0.384375 -1.242500
v 1.242500 0.384375 1.242500
v 1.245776 2.400000 -0.648144
v 1.245776 2.400000 0.648144
v 1.248557 2.498438 -0.649591
v 1.248557 2.498438 0.649591
v 1.256003 0.213600 0.921764
v 1.256003 0.213600 -0.921764
v 1.258183 2.440800 0.209136
v 1.258183 2.440800 -0.209136
v 1.263395 2.494500 -0.657311
v 1.263395 2.494500 0.657311
v 1.266640 1.774800 -1.266640
v 1.266640 1.774800 1.266640
v 1.267832 0.046875 -0.210740
v 1.267832 0.046875 0.210740
v 1.274414 2.242575 -0.935276
v 1.274414 2.242575 0.935276
v 1.274600 2.440800 -0.000000
v 1.274600 2.440800 -0.000000
v 1.280502 2.482687 -0.666211
v 1.280502 2.482687 0.666211
v 1.283256 2.400000 -0.213304
v 1.283256 2.400000 0.213304
v 1.284375 0.046875 -0.000000
v 1.284375 0.046875 -0.000000
v 1.286108 0.084525 -0.669128
v 1.286108 0.084525 0.669128
v 1.295040 0.463200 -1.295040
v 1.295040 0.463200 1.295040
v 1.298810 2.463000 -0.675736
v 1.298810 2.463000 0.675736
v 1.300000 2.400000 -0.000000
v 1.300000 2.400000 -0.000000
v 1.301322 0.260025 0.955023
v 1.301322 0.260025 -0.955023
v 1.309063 1.621875 -1.309063
v 1.309063 1.621875 1.309063
v 1.311049 2.463000 -0.440403
v 1.311049 2.463000 0.440403
v 1.312782 2.482687 -0.440985
v 1.312782 2.482687 0.440985
v 1.312948 0.064800 0.441041
v 1.312948 0.064800 -0.441041
v 1.316296 2.435437 -0.442166
v 1.316296 2.435437 0.442166
v 1.317252 2.435437 -0.685331
v 1.317252 2.435437 0.685331
v 1.317675 0.105600 -0.685551
v 1.317675 0.105600 0.685551
v 1.320356 2.494500 -0.443529
v 1.320356 2.494500 0.443529
v 1.329664 2.400000 -0.446656
v 1.329664 2.400000 0.446656
v 1.331623 0.127575 0.692808
v 1.331623 0.127575 -0.692808
v 1.332632 2.498438 -0.447653
v 1.332632 2.498438 0.447653
v 1.333693 2.085600 -0.978780
v 1.333693 2.085600 0.978780
v 1.334760 0.150000 0.694440
v 1.334760 0.150000 -0.694440
v 1.334760 0.150000 -0.694440
v 1.334760 0.150000 0.694440
v 1.334760 2.400000 -0.694440
v 1.334760 2.400000 0.694440
v 1.343320 0.553725 -1.343320
v 1.343320 0.553725 1.343320
v 1.346160 1.471200 -1.346160
v 1.346160 1.471200 1.346160
v 1.347218 0.177075 0.700921
v 1.347218 0.177075 -0.700921
v 1.348469 2.494500 -0.452973
v 1.348469 2.494500 0.452973
v 1.356353 0.316800 -0.995410
v 1.356353 0.316800 0.995410
v 1.362620 2.463000 -0.226496
v 1.362620 2.463000 0.226496
v 1.364422 2.482687 -0.226795
v 1.364422 2.482687 0.226795
v 1.364595 0.064800 -0.226824
v 1.364595 0.064800 0.226824
v 1.366728 2.482687 -0.459107
v 1.366728 2.482687 0.459107
v 1.368074 2.435437 -0.227403
v 1.368074 2.435437 0.227403
v 1.372294 2.494500 -0.228104
v 1.372294 2.494500 0.228104
v 1.372712 0.084525 -0.461116
v 1.372712 0.084525 0.461116
v 1.376867 1.323225 -1.376868
v 1.376868 1.323225 1.376867
v 1.380400 2.463000 -0.000000
v 1.380400 2.463000 -0.000000
v 1.381032 0.213600 0.718514
v 1.381032 0.213600 -0.718514
v 1.381968 2.400000 -0.229712
v 1.381968 2.400000 0.229712
v 1.382225 2.482687 -0.000000
v 1.382225 2.482687 -0.000000
v 1.382400 0.064800 -0.000000
v 1.382400 0.064800 -0.000000
v 1.383080 0.656400 -1.383080
v 1.383080 0.656400 1.383080
v 1.385053 2.498438 -0.230225
v 1.385053 2.498438 0.230225
v 1.385925 2.435437 -0.000000
v 1.385925 2.435437 -0.000000
v 1.386270 2.463000 -0.465671
v 1.386270 2.463000 0.465671
v 1.390200 2.494500 -0.000000
v 1.390200 2.494500 -0.000000
v 1.390545 1.929525 -1.020503
v 1.390545 1.929525 1.020503
v 1.400000 2.400000 -0.000000
v 1.400000 2.400000 -0.000000
v 1.400120 1.178400 -1.400120
v 1.400120 1.178400 1.400120
v 1.401276 2.242575 -0.729046
v 1.401276 2.242575 0.729046
v 1.401513 2.494500 -0.232961
v 1.401513 2.494500 0.232961
v 1.403125 2.498438 -0.000000
v 1.403125 2.498438 -0.000000
v 1.405953 2.435437 -0.472283
v 1.405953 2.435437 0.472283
v 1.406405 0.105600 -0.472434
v 1.406405 0.105600 0.472434
v 1.410060 0.771675 -1.410060
v 1.410060 0.771675 1.410060
v 1.414853 1.037175 -1.414853
v 1.414853 1.037175 1.414853
v 1.416240 0.384375 -1.039360
v 1.416240 0.384375 1.039360
v 1.419800 2.494500 -0.000000
v 1.419800 2.494500 -0.000000
v 1.420000 0.900000 -1.420000
v 1.420000 0.900000 -1.420000
v 1.420000 0.900000 1.420000
v 1.420000 0.900000 1.420000
v 1.420490 2.482687 -0.236115
v 1.420490 2.482687 0.236115
v 1.421292 0.127575 0.477435
v 1.421292 0.127575 -0.477435
v 1.424640 0.150000 -0.478560
v 1.424640 0.150000 -0.478560
v 1.424640 0.150000 0.478560
v 1.424640 0.150000 0.478560
v 1.424640 2.400000 -0.478560
v 1.424640 2.400000 0.478560
v 1.426709 0.084525 -0.237149
v 1.426709 0.084525 0.237149
v 1.430863 0.260025 0.744440
v 1.430863 0.260025 -0.744440
v 1.437937 0.177075 0.483027
v 1.437937 0.177075 -0.483027
v 1.439025 2.482687 -0.000000
v 1.440800 2.463000 -0.239491
v 1.440800 2.463000 0.239491
v 1.443756 1.774800 -1.059553
v 1.443756 1.774800 1.059553
v 1.445325 0.084525 -0.000000
v 1.445325 0.084525 -0.000000
v 1.459600 2.463000 -0.000000
v 1.459600 2.463000 -0.000000
v 1.461258 2.435437 -0.242892
v 1.461258 2.435437 0.242892
v 1.461727 0.105600 -0.242970
v 1.461727 0.105600 0.242970
v 1.466456 2.085600 -0.762958
v 1.466456 2.085600 0.762958
v 1.474028 0.213600 0.495150
v 1.474028 0.213600 -0.495150
v 1.476127 0.463200 -1.083310
v 1.476127 0.463200 1.083310
v 1.477200 0.127575 0.245542
v 1.477200 0.127575 -0.245542
v 1.480325 2.435437 -0.000000
v 1.480325 2.435437 -0.000000
v 1.480680 0.150000 -0.246120
v 1.480680 0.150000 0.246120
v 1.480680 0.150000 0.246120
v 1.480680 0.150000 -0.246120
v 1.480680 2.400000 -0.246120
v 1.480680 2.400000 0.246120
v 1.480800 0.105600 -0.000000
v 1.480800 0.105600 -0.000000
v 1.491372 0.316800 -0.775921
v 1.491372 0.316800 0.775921
v 1.492110 1.621875 -1.095040
v 1.492110 1.621875 1.095040
v 1.494500 0.177075 0.248417
v 1.494500 0.177075 -0.248417
v 1.495635 2.242575 -0.502408
v 1.495635 2.242575 0.502408
v 1.496475 0.127575 -0.000000
v 1.496475 0.127575 -0.000000
v 1.500000 0.150000 -0.000000
v 1.500000 0.150000 -0.000000
v 1.500000 2.400000 -0.000000
v 1.500000 2.400000 -0.000000
v 1.514000 0.177075 -0.000000
v 1.514000 0.177075 -0.000000
v 1.527214 0.260025 -0.513016
v 1.527214 0.260025 0.513016
v 1.528968 1.929525 -0.795481
v 1.528968 1.929525 0.795481
v 1.531158 0.553725 -1.123697
v 1.531158 0.553725 1.123697
v 1.532010 0.213600 0.254652
v 1.532010 0.213600 -0.254652
v 1.534395 1.471200 -1.126072
v 1.534395 1.471200 1.126072
v 1.552000 0.213600 -0.000000
v 1.552000 0.213600 -0.000000
v 1.554467 2.242575 -0.258385
v 1.554467 2.242575 0.258385
v 1.557220 0.384375 -0.810180
v 1.557220 0.384375 0.810180
v 1.565204 2.085600 -0.525778
v 1.565204 2.085600 0.525778
v 1.569396 1.323225 -1.151759
v 1.569396 1.323225 1.151759
v 1.574750 2.242575 -0.000000
v 1.574750 2.242575 -0.000000
v 1.576477 0.656400 -1.156956
v 1.576477 0.656400 1.156956
v 1.587289 0.260025 0.263841
v 1.587289 0.260025 -0.263841
v 1.587475 1.774800 -0.825921
v 1.587475 1.774800 0.825921
v 1.591798 0.316800 -0.534711
v 1.591798 0.316800 0.534711
v 1.595900 1.178400 -1.171210
v 1.595900 1.178400 1.171210
v 1.607230 0.771675 -1.179525
v 1.607230 0.771675 1.179525
v 1.608000 0.260025 -0.000000
v 1.608000 0.260025 -0.000000
v 1.612693 1.037175 -1.183534
v 1.612693 1.037175 1.183534
v 1.618560 0.900000 -1.187840
v 1.618560 0.900000 -1.187840
v 1.618560 0.900000 1.187840
v 1.618560 0.900000 1.187840
v 1.623068 0.463200 -0.844439
v 1.623068 0.463200 0.844439
v 1.626774 2.085600 -0.270404
v 1.626774 2.085600 0.270404
v 1.631925 1.929525 -0.548190
v 1.631925 1.929525 0.548190
v 1.640643 1.621875 -0.853583
v 1.640643 1.621875 0.853583
v 1.648000 2.085600 -0.000000
v 1.648000 2.085600 -0.000000
v 1.654413 0.316800 -0.274998
v 1.654413 0.316800 0.274998
v 1.662080 0.384375 -0.558320
v 1.662080 0.384375 0.558320
v 1.676000 0.316800 -0.000000
v 1.676000 0.316800 -0.000000
v 1.683577 0.553725 -0.875920
v 1.683577 0.553725 0.875920
v 1.687137 1.471200 -0.877772
v 1.687137 1.471200 0.877772
v 1.694372 1.774800 -0.569167
v 1.694372 1.774800 0.569167
v 1.696119 1.929525 -0.281930
v 1.696119 1.929525 0.281930
v 1.700000 0.600000 -0.000000
v 1.700000 0.600000 -0.000000
v 1.700000 0.623100 0.178200
v 1.700000 0.623100 -0.178200
v 1.700000 0.685800 -0.316800
v 1.700000 0.685800 0.316800
v 1.700000 0.778200 0.415800
v 1.700000 0.778200 -0.415800
v 1.700000 0.890400 -0.475200
v 1.700000 0.890400 0.475200
v 1.700000 1.012500 -0.495000
v 1.700000 1.012500 0.495000
v 1.700000 1.134600 -0.475200
v 1.700000 1.134600 0.475200
v 1.700000 1.246800 0.415800
v 1.700000 1.246800 -0.415800
v 1.700000 1.339200 -0.316800
v 1.700000 1.339200 0.316800
v 1.700000 1.401900 0.178200
v 1.700000 1.401900 -0.178200
v 1.700000 1.425000 -0.000000
v 1.700000 1.425000 -0.000000
v 1.718250 1.929525 -0.000000
v 1.718250 1.929525 -0.000000
v 1.725622 1.323225 -0.897795
v 1.725622 1.323225 0.897795
v 1.727460 0.384375 -0.287140
v 1.727460 0.384375 0.287140
v 1.732362 0.463200 -0.581929
v 1.732362 0.463200 0.581929
v 1.733408 0.656400 -0.901846
v 1.733408 0.656400 0.901846
v 1.750000 0.384375 -0.000000
v 1.750000 0.384375 -0.000000
v 1.751120 1.621875 -0.588230
v 1.751120 1.621875 0.588230
v 1.754764 1.178400 -0.912957
v 1.754764 1.178400 0.912957
v 1.761022 1.774800 -0.292719
v 1.761022 1.774800 0.292719
v 1.767222 0.771675 -0.919439
v 1.767222 0.771675 0.919439
v 1.773229 1.037175 -0.922564
v 1.773229 1.037175 0.922564
v 1.779680 0.900000 -0.925920
v 1.779680 0.900000 -0.925920
v 1.779680 0.900000 0.925920
v 1.779680 0.900000 0.925920
v 1.784000 1.774800 -0.000000
v 1.784000 1.774800 -0.000000
v 1.796946 0.553725 -0.603624
v 1.796946 0.553725 0.603624
v 1.800507 0.463200 -0.299282
v 1.800507 0.463200 0.299282
v 1.800745 1.471200 -0.604900
v 1.800745 1.471200 0.604900
v 1.820003 1.621875 -0.302523
v 1.820003 1.621875 0.302522
v 1.824000 0.463200 -0.000000
v 1.824000 0.463200 -0.000000
v 1.841822 1.323225 -0.618698
v 1.841822 1.323225 0.618698
v 1.843750 1.621875 -0.000000
v 1.843750 1.621875 -0.000000
v 1.850132 0.656400 -0.621490
v 1.850132 0.656400 0.621490
v 1.867631 0.553725 -0.310439
v 1.867631 0.553725 0.310439
v 1.871580 1.471200 -0.311096
v 1.871580 1.471200 0.311096
v 1.872927 1.178400 -0.629147
v 1.872927 1.178400 0.629147
v 1.886223 0.771675 -0.633613
v 1.886223 0.771675 0.633613
v 1.892000 0.553725 -0.000000
v 1.892000 0.553725 -0.000000
v 1.892634 1.037175 -0.635767
v 1.892634 1.037175 0.635767
v 1.896000 1.471200 -0.000000
v 1.896000 1.471200 -0.000000
v 1.899520 0.900000 -0.638080
v 1.899520 0.900000 -0.638080
v 1.899520 0.900000 0.638080
v 1.899520 0.900000 0.638080
v 1.914272 1.323225 -0.318192
v 1.914272 1.323225 0.318192
v 1.922910 0.656400 -0.319628
v 1.922910 0.656400 0.319628
v 1.935900 1.444200 -0.000000
v 1.935900 1.444200 -0.000000
v 1.939250 1.323225 -0.000000
v 1.939250 1.323225 -0.000000
v 1.939394 1.423221 -0.175100
v 1.939394 1.423221 0.175100
v 1.946601 1.178400 -0.323566
v 1.946601 1.178400 0.323566
v 1.948000 0.656400 -0.000000
v 1.948000 0.656400 -0.000000
v 1.948879 1.366278 -0.311290
v 1.948879 1.366278 0.311290
v 1.960420 0.771675 -0.325863
v 1.960420 0.771675 0.325863
v 1.962857 1.282362 -0.408568
v 1.962857 1.282362 0.408568
v 1.967083 1.037175 -0.326970
v 1.967083 1.037175 0.326970
v 1.972000 1.178400 -0.000000
v 1.972000 1.178400 -0.000000
v 1.974240 0.900000 -0.328160
v 1.974240 0.900000 0.328160
v 1.974240 0.900000 0.328160
v 1.979830 1.180464 -0.466934
v 1.979830 1.180464 0.466934
v 1.986000 0.771675 -0.000000
v 1.986000 0.771675 -0.000000
v 1.992750 1.037175 -0.000000
v 1.992750 1.037175 -0.000000
v 1.998300 1.069575 -0.486390
v 1.998300 1.069575 0.486390
v 2.000000 0.900000 -0.000000
v 2.000000 0.900000 -0.000000
v 2.016770 0.958686 -0.466934
v 2.016770 0.958686 0.466934
v 2.033743 0.856788 -0.408568
v 2.033743 0.856788 0.408568
v 2.047721 0.772872 0.311290
v 2.047721 0.772872 -0.311290
v 2.057206 0.715929 0.175100
v 2.057206 0.715929 -0.175100
v 2.060700 0.694950 -0.000000
v 2.060700 0.694950 -0.000000
v 2.111200 1.497600 -0.000000
v 2.111200 1.497600 -0.000000
v 2.116979 1.479120 -0.166687
v 2.116979 1.479120 0.166687
v 2.132666 1.428960 -0.296333
v 2.132666 1.428960 0.296333
v 2.155782 1.355040 -0.388937
v 2.155782 1.355040 0.388937
v 2.183853 1.265280 -0.444499
v 2.183853 1.265280 0.444499
v 2.214400 1.167600 -0.463020
v 2.214400 1.167600 0.463020
v 2.237300 1.578900 -0.000000
v 2.237300 1.578900 -0.000000
v 2.244457 1.563171 -0.154289
v 2.244457 1.563171 0.154289
v 2.244947 1.069920 -0.444499
v 2.244947 1.069920 0.444499
v 2.263882 1.520478 -0.274291
v 2.263882 1.520478 0.274291
v 2.273018 0.980160 -0.388937
v 2.273018 0.980160 0.388937
v 2.292510 1.457562 -0.360007
v 2.292510 1.457562 0.360007
v 2.296134 0.906240 -0.296333
v 2.296134 0.906240 0.296333
v 2.311821 0.856080 -0.166687
v 2.311821 0.856080 0.166687
v 2.317600 0.837600 -0.000000
v 2.317600 0.837600 -0.000000
v 2.325600 1.681800 -0.000000
v 2.325600 1.681800 -0.000000
v 2.327271 1.381164 -0.411437
v 2.327271 1.381164 0.411437
v 2.333530 1.668948 -0.139234
v 2.333530 1.668948 0.139234
v 2.355053 1.634064 -0.247526
v 2.355053 1.634064 0.247526
v 2.365100 1.298025 -0.428580
v 2.365100 1.298025 0.428580
v 2.386771 1.582656 -0.324878
v 2.386771 1.582656 0.324878
v 2.387500 1.800000 -0.000000
v 2.387500 1.800000 -0.000000
v 2.395900 1.790025 0.122850
v 2.395900 1.790025 -0.122850
v 2.402929 1.214886 -0.411437
v 2.402929 1.214886 0.411437
v 2.418700 1.762950 -0.218400
v 2.418700 1.762950 0.218400
v 2.425286 1.520232 -0.371290
v 2.425286 1.520232 0.371290
v 2.434400 1.927200 -0.000000
v 2.434400 1.927200 -0.000000
v 2.437690 1.138488 -0.360007
v 2.437690 1.138488 0.360007
v 2.443270 1.919976 0.106466
v 2.443270 1.919976 -0.106466
v 2.452300 1.723050 -0.286650
v 2.452300 1.723050 0.286650
v 2.466318 1.075572 -0.274291
v 2.466318 1.075572 0.274291
v 2.467200 1.452300 -0.386760
v 2.467200 1.452300 0.386760
v 2.467347 1.900368 0.189274
v 2.467347 1.900368 -0.189274
v 2.477700 2.057100 -0.000000
v 2.477700 2.057100 -0.000000
v 2.485743 1.032879 -0.154289
v 2.485743 1.032879 0.154289
v 2.487343 2.052375 -0.091411
v 2.487343 2.052375 0.091411
v 2.492900 1.017150 -0.000000
v 2.492900 1.017150 -0.000000
v 2.493100 1.674600 -0.327600
v 2.493100 1.674600 0.327600
v 2.502829 1.871472 0.248422
v 2.502829 1.871472 -0.248422
v 2.509114 1.384368 -0.371290
v 2.509114 1.384368 0.371290
v 2.513518 2.039550 0.162509
v 2.513518 2.039550 -0.162509
v 2.528800 2.183400 -0.000000
v 2.537500 1.621875 -0.341250
v 2.537500 1.621875 0.341250
v 2.539821 2.180796 -0.079013
v 2.539821 2.180796 0.079013
v 2.545914 1.836384 -0.283910
v 2.545914 1.836384 0.283910
v 2.547629 1.321944 -0.324878
v 2.547629 1.321944 0.324878
v 2.552090 2.020650 -0.213293
v 2.552090 2.020650 0.213293
v 2.569734 2.173728 -0.140467
v 2.569734 2.173728 0.140467
v 2.579347 1.270536 -0.247526
v 2.579347 1.270536 0.247526
v 2.581900 1.569150 -0.327600
v 2.581900 1.569150 0.327600
v 2.592800 1.798200 -0.295740
v 2.592800 1.798200 0.295740
v 2.598929 1.997700 -0.243763
v 2.598929 1.997700 0.243763
v 2.599100 2.299800 -0.000000
v 2.599100 2.299800 -0.000000
v 2.600870 1.235652 -0.139234
v 2.600870 1.235652 0.139234
v 2.608800 1.222800 -0.000000
v 2.608800 1.222800 -0.000000
v 2.612406 2.298813 0.070600
v 2.612406 2.298813 -0.070600
v 2.613818 2.163312 -0.184363
v 2.613818 2.163312 0.184363
v 2.622700 1.520700 -0.286650
v 2.622700 1.520700 0.286650
v 2.639686 1.760016 -0.283910
v 2.639686 1.760016 0.283910
v 2.648521 2.296134 0.125510
v 2.648521 2.296134 -0.125510
v 2.649900 1.972725 0.253920
v 2.649900 1.972725 -0.253920
v 2.656300 1.480800 -0.218400
v 2.656300 1.480800 0.218400
v 2.667347 2.150664 -0.210701
v 2.667347 2.150664 0.210701
v 2.679100 1.453725 0.122850
v 2.679100 1.453725 -0.122850
v 2.682771 1.724928 0.248422
v 2.682771 1.724928 -0.248422
v 2.687500 1.443750 -0.000000
v 2.687500 1.443750 -0.000000
v 2.700000 2.400000 -0.000000
v 2.700000 2.400000 -0.000000
v 2.700000 2.400000 -0.000000
v 2.700871 1.947750 -0.243763
v 2.700871 1.947750 0.243763
v 2.701743 2.292186 0.164732
v 2.701743 2.292186 -0.164732
v 2.716800 2.400000 0.067500
v 2.716800 2.400000 -0.067500
v 2.716800 2.400000 -0.067500
v 2.716800 2.400000 0.067500
v 2.718253 1.696032 0.189274
v 2.718253 1.696032 -0.189274
v 2.725600 2.136900 -0.219480
v 2.725600 2.136900 0.219480
v 2.729800 2.420250 -0.000000
v 2.742330 1.676424 0.106466
v 2.742330 1.676424 -0.106466
v 2.747407 2.420406 -0.066744
v 2.747407 2.420406 0.066744
v 2.747710 1.924800 -0.213293
v 2.747710 1.924800 0.213293
v 2.751200 1.669200 -0.000000
v 2.751200 1.669200 -0.000000
v 2.758400 2.436000 -0.000000
v 2.762400 2.400000 0.120000
v 2.762400 2.400000 -0.120000
v 2.762400 2.400000 -0.120000
v 2.762400 2.400000 0.120000
v 2.766370 2.287392 0.188266
v 2.766370 2.287392 -0.188266
v 2.776365 2.436302 -0.064692
v 2.776365 2.436302 0.064692
v 2.783853 2.123136 -0.210701
v 2.783853 2.123136 0.210701
v 2.784600 2.447250 -0.000000
v 2.784600 2.447250 -0.000000
v 2.786282 1.905900 0.162509
v 2.786282 1.905900 -0.162509
v 2.795198 2.420829 -0.118656
v 2.795198 2.420829 0.118656
v 2.800000 2.400000 -0.000000
v 2.802528 2.447680 -0.061668
v 2.802528 2.447680 0.061668
v 2.807200 2.454000 -0.000000
v 2.811200 2.400000 -0.040500
v 2.811200 2.400000 0.040500
v 2.812457 1.893075 0.091411
v 2.812457 1.893075 -0.091411
v 2.822100 1.888350 -0.000000
v 2.822100 1.888350 -0.000000
v 2.824200 2.420250 -0.000000
v 2.824200 2.420250 -0.000000
v 2.824750 2.454529 -0.057996
v 2.824750 2.454529 0.057996
v 2.825000 2.456250 -0.000000
v 2.825000 2.456250 -0.000000
v 2.825126 2.437123 -0.115008
v 2.825126 2.437123 0.115008
v 2.829600 2.400000 0.157500
v 2.829600 2.400000 -0.157500
v 2.829600 2.400000 -0.157500
v 2.829600 2.400000 0.157500
v 2.836672 2.420519 -0.041256
v 2.836672 2.420519 0.041256
v 2.836700 2.282175 0.196110
v 2.836700 2.282175 -0.196110
v 2.836800 2.454000 -0.000000
v 2.836800 2.454000 -0.000000
v 2.837382 2.110488 -0.184363
v 2.837382 2.110488 0.184363
v 2.837600 2.436000 -0.000000
v 2.837600 2.436000 -0.000000
v 2.841400 2.447250 -0.000000
v 2.841400 2.447250 -0.000000
v 2.841600 2.400000 -0.072000
v 2.841600 2.400000 0.072000
v 2.841887 2.456841 -0.054000
v 2.841887 2.456841 0.054000
v 2.851189 2.448847 -0.109632
v 2.851189 2.448847 0.109632
v 2.851331 2.436454 -0.043308
v 2.851331 2.436454 0.043308
v 2.852794 2.454605 -0.050004
v 2.852794 2.454605 0.050004
v 2.856323 2.447812 -0.046332
v 2.856323 2.447812 0.046332
v 2.865626 2.421453 -0.155736
v 2.865626 2.421453 0.155736
v 2.870524 2.421250 -0.073344
v 2.870524 2.421250 0.073344
v 2.872387 2.455966 -0.103104
v 2.872387 2.455966 0.103104
v 2.881466 2.100072 -0.140467
v 2.881466 2.100072 0.140467
v 2.886400 2.400000 -0.094500
v 2.886400 2.400000 0.094500
v 2.887725 2.458444 -0.096000
v 2.887725 2.458444 0.096000
v 2.888602 2.437685 -0.076992
v 2.888602 2.437685 0.076992
v 2.896205 2.456246 0.088896
v 2.896205 2.456246 -0.088896
v 2.896829 2.449338 -0.082368
v 2.896829 2.449338 0.082368
v 2.896986 2.438333 -0.150948
v 2.896986 2.438333 0.150948
v 2.907030 2.276958 0.188266
v 2.907030 2.276958 -0.188266
v 2.911200 2.400000 -0.180000
v 2.911200 2.400000 -0.180000
v 2.911200 2.400000 0.180000
v 2.911379 2.093004 -0.079013
v 2.911379 2.093004 0.079013
v 2.920412 2.422328 -0.096264
v 2.920412 2.422328 0.096264
v 2.922400 2.090400 -0.000000
v 2.922899 2.450567 -0.143892
v 2.922899 2.450567 0.143892
v 2.940800 2.400000 -0.108000
v 2.940800 2.400000 0.108000
v 2.942589 2.458082 -0.135324
v 2.942589 2.458082 0.135324
v 2.943526 2.439499 -0.101052
v 2.943526 2.439499 0.101052
v 2.951146 2.422210 -0.177984
v 2.951146 2.422210 0.177984
v 2.955275 2.460806 -0.126000
v 2.955275 2.460806 0.126000
v 2.956523 2.451588 -0.108108
v 2.956523 2.451588 0.108108
v 2.960179 2.458666 -0.116676
v 2.960179 2.458666 0.116676
v 2.971657 2.272164 0.164732
v 2.971657 2.272164 -0.164732
v 2.980990 2.423636 0.110016
v 2.980990 2.423636 -0.110016
v 2.984243 2.439802 -0.172512
v 2.984243 2.439802 0.172512
v 3.000000 2.400000 -0.187500
v 3.000000 2.400000 -0.187500
v 3.000000 2.400000 -0.112500
v 3.000000 2.400000 0.112500
v 3.000000 2.400000 0.187500
v 3.009977 2.452655 -0.164448
v 3.009977 2.452655 0.164448
v 3.010221 2.441702 -0.115488
v 3.010221 2.441702 0.115488
v 3.024879 2.268216 0.125510
v 3.024879 2.268216 -0.125510
v 3.027834 2.460653 -0.154656
v 3.027834 2.460653 0.154656
v 3.029007 2.454319 -0.123552
v 3.029007 2.454319 0.123552
v 3.037300 2.463675 -0.144000
v 3.037300 2.463675 0.144000
v 3.037862 2.461603 0.133344
v 3.037862 2.461603 -0.133344
v 3.044212 2.423034 -0.185400
v 3.044212 2.423034 0.185400
v 3.046912 2.425059 0.114600
v 3.046912 2.425059 -0.114600
v 3.059200 2.400000 -0.108000
v 3.059200 2.400000 0.108000
v 3.060994 2.265537 0.070600
v 3.060994 2.265537 -0.070600
v 3.074300 2.264550 -0.000000
v 3.074300 2.264550 -0.000000
v 3.079200 2.441400 -0.179700
v 3.079200 2.441400 0.179700
v 3.082800 2.444100 -0.120300
v 3.082800 2.444100 0.120300
v 3.088800 2.400000 -0.180000
v 3.088800 2.400000 -0.180000
v 3.088800 2.400000 0.180000
v 3.104737 2.454928 -0.171300
v 3.104738 2.454928 0.171300
v 3.107887 2.457291 -0.128700
v 3.107887 2.457291 0.128700
v 3.112835 2.426483 0.110016
v 3.112835 2.426483 -0.110016
v 3.113600 2.400000 -0.094500
v 3.113600 2.400000 0.094500
v 3.120600 2.463450 0.161100
v 3.120600 2.463450 -0.161100
v 3.122400 2.464800 0.138900
v 3.122400 2.464800 -0.138900
v 3.126562 2.466797 -0.150000
v 3.126562 2.466797 0.150000
v 3.137279 2.423859 -0.177984
v 3.137279 2.423859 0.177984
v 3.155379 2.446498 -0.115488
v 3.155379 2.446498 0.115488
v 3.158400 2.400000 -0.072000
v 3.158400 2.400000 0.072000
v 3.170400 2.400000 -0.157500
v 3.170400 2.400000 0.157500
v 3.170400 2.400000 -0.157500
v 3.173413 2.427791 -0.096264
v 3.173413 2.427791 0.096264
v 3.174157 2.442998 -0.172512
v 3.174157 2.442998 0.172512
v 3.186768 2.460263 -0.123552
v 3.186768 2.460263 0.123552
v 3.188800 2.400000 -0.040500
v 3.188800 2.400000 0.040500
v 3.199498 2.457201 -0.164448
v 3.199498 2.457201 0.164448
v 3.200000 2.400000 -0.000000
v 3.206938 2.467997 0.133344
v 3.206938 2.467997 -0.133344
v 3.213366 2.466247 -0.154656
v 3.213366 2.466247 0.154656
v 3.215825 2.469919 -0.144000
v 3.215825 2.469919 0.144000
v 3.222074 2.448701 -0.101052
v 3.222074 2.448701 0.101052
v 3.222799 2.424616 -0.155736
v 3.222799 2.424616 0.155736
v 3.223301 2.428868 -0.073344
v 3.223301 2.428868 0.073344
v 3.237600 2.400000 -0.120000
v 3.237600 2.400000 0.120000
v 3.237600 2.400000 -0.120000
v 3.257153 2.429599 -0.041256
v 3.257153 2.429599 0.041256
v 3.259252 2.462994 -0.108108
v 3.259252 2.462994 0.108108
v 3.261414 2.444467 -0.150948
v 3.261414 2.444467 0.150948
v 3.269625 2.429869 -0.000000
v 3.269625 2.429869 -0.000000
v 3.276998 2.450515 -0.076992
v 3.276998 2.450515 0.076992
v 3.283200 2.400000 -0.067500
v 3.283200 2.400000 0.067500
v 3.283200 2.400000 -0.067500
v 3.284621 2.470934 -0.116676
v 3.284621 2.470934 0.116676
v 3.286576 2.459289 -0.143892
v 3.286576 2.459289 0.143892
v 3.293227 2.425240 -0.118656
v 3.293227 2.425240 0.118656
v 3.297850 2.472787 -0.126000
v 3.297850 2.472788 0.126000
v 3.298611 2.468818 -0.135324
v 3.298611 2.468818 0.135324
v 3.300000 2.400000 -0.000000
v 3.300000 2.400000 -0.000000
v 3.314269 2.451746 -0.043308
v 3.314269 2.451746 0.043308
v 3.318946 2.465243 -0.082368
v 3.318946 2.465243 0.082368
v 3.328000 2.452200 -0.000000
v 3.328000 2.452200 -0.000000
v 3.333274 2.445677 -0.115008
v 3.333274 2.445677 0.115008
v 3.341018 2.425663 -0.066744
v 3.341018 2.425663 0.066744
v 3.348595 2.473354 0.088896
v 3.348595 2.473354 -0.088896
v 3.358286 2.461009 -0.109632
v 3.358286 2.461009 0.109632
v 3.358625 2.425819 -0.000000
v 3.359452 2.466769 -0.046332
v 3.359452 2.466769 0.046332
v 3.365400 2.475150 -0.096000
v 3.365400 2.475150 0.096000
v 3.368813 2.470934 -0.103104
v 3.368813 2.470934 0.103104
v 3.374375 2.467331 -0.000000
v 3.374375 2.467331 -0.000000
v 3.382035 2.446498 -0.064692
v 3.382035 2.446498 0.064692
v 3.392006 2.474995 -0.050004
v 3.392006 2.474995 0.050004
v 3.400000 2.446800 -0.000000
v 3.406947 2.462176 -0.061668
v 3.406947 2.462176 0.061668
v 3.408000 2.475600 -0.000000
v 3.408000 2.475600 -0.000000
v 3.411237 2.476753 -0.054000
v 3.411237 2.476753 0.054000
v 3.416450 2.472371 -0.057996
v 3.416450 2.472371 0.057996
v 3.424875 2.462606 -0.000000
v 3.428125 2.477344 -0.000000
v 3.428125 2.477344 -0.000000
v 3.434000 2.472900 -0.000000
vn 0.0776 0.0043 0.9970
vn -0.0728 -0.3682 0.9269
vn 0.9037 -0.3685 -0.2179
vn -0.3572 -0.3689 0.8581
vn -0.4869 -0.3693 -0.7915
vn -0.6040 -0.3695 -0.7062
vn -0.3580 0.3637 0.8599
vn -0.7915 -0.3693 -0.4869
vn 0.3572 -0.3689 -0.8581
vn -0.9037 -0.3685 -0.2179
vn 0.0728 -0.3682 -0.9269
vn -0.9776 -0.1960 -0.0767
vn -0.6354 -0.2099 0.7431
vn -0.9052 -0.1964 -0.3769
vn 0.8351 -0.1966 -0.5137
vn 0.7451 -0.1967 0.6373
vn 0.6373 -0.1967 -0.7451
vn 0.5137 -0.1966 -0.8351
vn 0.9052 -0.1964 -0.3769
vn 0.9533 -0.1962 0.2298
vn 0.0767 -0.1960 0.9776
vn 0.9927 0.0920 0.0779
vn 0.9680 0.0921 -0.2334
vn 0.3827 0.0922 0.9192
vn -0.5217 0.0924 -0.8481
vn 0.7567 0.0924 -0.6472
vn 0.6472 0.0924 -0.7567
vn -0.8481 0.0924 -0.5217
vn 0.3827 0.0922 -0.9192
vn -0.2334 0.0921 -0.9680
vn 0.0779 0.0920 -0.9927
vn 0.8271 0.5584 0.0649
vn 0.8062 0.5588 -0.1944
vn 0.7653 0.5593 0.3186
vn 0.7058 0.5597 -0.4342
vn -0.5385 0.5599 0.6296
vn 0.5385 0.5599 -0.6296
vn -0.7058 0.5597 -0.4342
vn -0.7012 -0.5682 -0.4307
vn -0.4265 -0.5809 -0.6933
vn 0.0649 0.5584 0.8271
vn -0.0229 0.9563 0.2914
vn -0.0684 0.9564 -0.2838
vn 0.1557 0.9788 -0.1331
vn -0.1526 0.9566 -0.2481
vn 0.1893 0.9567 0.2213
vn 0.1893 0.9567 -0.2213
vn 0.1526 0.9566 -0.2481
vn -0.1121 0.9565 -0.2692
vn -0.2838 0.9564 -0.0684
vn 0.0229 0.9563 0.2914
vn 0.2298 0.9731 0.0180
vn -0.2238 0.9731 0.0540
vn 0.0884 0.9732 0.2123
vn -0.1957 0.9733 0.1204
vn -0.1492 0.9733 -0.1745
vn -0.1745 0.9733 -0.1492
vn -0.1204 0.9733 0.1957
vn 0.2123 0.9732 -0.0884
vn 0.2238 0.9731 0.0540
vn 0.2298 0.9731 -0.0180
vn 0.0411 0.8513 0.5231
vn -0.1229 0.8516 -0.5097
vn -0.4835 0.8519 0.2013
vn -0.2742 0.8521 -0.4458
vn -0.3976 0.8523 0.3400
vn -0.3400 0.8523 0.3976
vn -0.2742 0.8521 0.4458
vn 0.2013 0.8519 0.4835
vn -0.1229 0.8516 0.5097
vn -0.0411 0.8513 0.5231
vn 0.0542 0.7215 0.6903
vn -0.4163 -0.7680 0.4868
vn -0.2658 0.7223 -0.6384
vn 0.3621 0.7227 -0.5887
vn -0.5251 0.7229 0.4491
vn 0.5251 0.7229 -0.4491
vn -0.3621 0.7227 0.5887
vn -0.6384 0.7223 -0.2658
vn -0.1622 0.7219 0.6728
vn -0.0542 0.7215 -0.6903
vn 0.0626 0.5998 -0.7977
vn 0.7775 0.6002 0.1875
vn 0.7380 0.6008 0.3073
vn -0.6807 0.6012 0.4187
vn -0.6072 0.6014 0.5193
vn -0.5193 0.6014 0.6072
vn -0.4187 0.6012 0.6807
vn -0.3073 0.6008 0.7380
vn 0.0626 -0.5994 -0.7980
vn -0.0626 0.5998 0.7977
vn -0.8722 0.4843 -0.0685
vn -0.8503 0.4847 -0.2050
vn -0.3361 0.4852 -0.8072
vn -0.7446 0.4856 0.4580
vn -0.6643 0.4858 0.5681
vn -0.5681 0.4858 0.6643
vn -0.4580 0.4856 0.7446
vn -0.3361 0.4852 0.8072
vn -0.8503 0.4847 0.2050
vn -0.0685 0.4843 0.8722
vn -0.0728 -0.3682 -0.9269
vn -0.9037 -0.3685 0.2179
vn -0.3572 -0.3689 -0.8581
vn 0.7915 -0.3693 0.4869
vn 0.7062 -0.3695 -0.6040
vn 0.6040 -0.3695 -0.7062
vn -0.4869 -0.3693 0.7915
vn -0.8581 -0.3689 -0.3572
vn 0.2179 -0.3685 -0.9037
vn 0.9269 -0.3682 -0.0728
vn -0.0767 -0.1960 -0.9776
vn 0.2298 -0.1962 -0.9533
vn -0.3769 -0.1964 -0.9052
vn -0.5137 -0.1966 -0.8351
vn -0.6373 -0.1967 -0.7451
vn -0.7451 -0.1967 -0.6373
vn -0.8351 -0.1966 -0.5137
vn -0.2298 -0.1962 -0.9533
vn -0.9533 -0.1962 -0.2298
vn 0.9776 -0.1960 -0.0767
vn -0.0779 0.0920 -0.9927
vn 0.0779 0.0920 0.9927
vn -0.3827 0.0922 -0.9192
vn -0.8481 0.0924 0.5217
vn -0.6472 0.0924 0.7567
vn -0.7567 0.0924 -0.6472
vn 0.8481 0.0924 -0.5217
vn -0.9192 0.0923 -0.3827
vn -0.9680 0.0921 -0.2334
vn -0.9927 0.0920 -0.0779
vn -0.8271 0.5584 0.0649
vn -0.8062 0.5588 -0.1944
vn 0.7653 0.5593 -0.3186
vn -0.4342 0.5597 -0.7058
vn 0.6297 0.5599 -0.5385
vn -0.6297 0.5599 -0.5385
vn -0.5345 -0.5685 0.6253
vn -0.7653 0.5593 -0.3186
vn 0.1944 0.5588 -0.8062
vn -0.8271 0.5584 -0.0649
vn 0.2914 0.9563 0.0229
vn 0.2838 0.9564 -0.0684
vn 0.2692 0.9565 0.1121
vn -0.2481 0.9566 -0.1526
vn -0.1893 0.9567 -0.2213
vn -0.2213 0.9567 -0.1893
vn -0.1526 0.9566 0.2481
vn -0.2692 0.9565 -0.1121
vn 0.0684 0.9564 -0.2838
vn 0.0229 0.9563 -0.2914
vn -0.0180 0.9731 0.2298
vn 0.2238 0.9731 -0.0540
vn 0.1319 0.9879 -0.0811
vn 0.1204 0.9733 0.1957
vn -0.1745 0.9733 0.1492
vn 0.1745 0.9733 0.1492
vn 0.1204 0.9733 -0.1957
vn -0.0884 0.9732 0.2123
vn 0.0540 0.9731 0.2238
vn 0.0161 0.9786 -0.2050
vn -0.1668 0.9009 0.4006
vn 0.1229 0.8516 0.5097
vn -0.5931 0.8038 0.0462
vn -0.4458 0.8521 0.2742
vn 0.3400 0.8523 0.3976
vn 0.3976 0.8523 0.3400
vn 0.4458 0.8521 0.2742
vn 0.4835 0.8519 0.2013
vn 0.5097 0.8516 0.1229
vn 0.5231 0.8513 0.0411
vn 0.6903 0.7215 -0.0542
vn -0.6728 0.7219 0.1622
vn 0.2658 0.7223 0.6384
vn -0.5887 0.7227 0.3621
vn 0.4491 0.7229 0.5251
vn 0.5251 0.7229 0.4491
vn 0.8903 -0.4373 0.1268
vn -0.6384 0.7223 0.2658
vn 0.1622 0.7219 0.6728
vn 0.0542 0.7215 -0.6903
vn 0.0626 0.5998 0.7977
vn -0.1875 0.6002 0.7775
vn 0.3073 0.6008 0.7380
vn 0.4187 0.6012 0.6807
vn 0.5193 0.6014 0.6072
vn 0.6072 0.6014 -0.5193
vn -0.1909 -0.5800 -0.7919
vn -0.7380 0.6008 0.3073
vn 0.1875 0.6002 0.7775
vn 0.7977 0.5998 0.0626
vn 0.0685 0.4843 0.8722
vn 0.2050 0.4847 0.8503
vn -0.8072 0.4852 0.3361
vn 0.4580 0.4856 0.7446
vn 0.5681 0.4858 -0.6643
vn 0.6643 0.4858 0.5681
vn 0.7446 0.4856 0.4580
vn 0.3361 0.4852 -0.8072
vn 0.8503 0.4847 0.2050
vn 0.8722 0.4843 0.0685
vn -0.9269 -0.3682 0.0728
vn -0.5579 -0.8260 -0.0808
vn -0.8581 -0.3689 0.3572
vn 0.4869 -0.3693 0.7915
vn -0.7062 -0.3695 0.6040
vn -0.6040 -0.3695 0.7062
vn -0.9139 -0.2207 0.3408
vn 0.8581 -0.3689 0.3572
vn -0.2179 -0.3685 0.9037
vn 0.0728 -0.3682 0.9269
vn -0.9776 -0.1960 0.0767
vn -0.9533 -0.1962 0.2298
vn -0.9052 -0.1964 0.3769
vn 0.5137 -0.1966 0.8351
vn -0.7451 -0.1967 0.6373
vn 0.7451 -0.1967 -0.6373
vn -0.8351 -0.1966 0.5137
vn -0.3769 -0.1964 0.9052
vn -0.2298 -0.1962 0.9533
vn -0.0767 -0.1960 0.9776
vn -0.9927 0.0920 0.0779
vn 0.2334 0.0921 -0.9680
vn -0.3827 0.0922 0.9192
vn 0.5217 0.0924 0.8481
vn 0.7567 0.0924 0.6472
vn -0.7567 0.0924 0.6472
vn 0.8481 0.0924 0.5217
vn 0.9192 0.0923 0.3827
vn -0.2334 0.0921 0.9680
vn 0.9927 0.0920 -0.0779
vn 0.0649 0.5584 -0.8271
vn -0.1944 0.5588 -0.8062
vn -0.7653 0.5593 0.3186
vn 0.4342 0.5597 0.7058
vn -0.6297 0.5599 0.5385
vn 0.6297 0.5599 0.5385
vn -0.4342 0.5597 0.7058
vn -0.3186 0.5593 0.7653
vn -0.1944 0.5588 0.8062
vn -0.0649 0.5584 -0.8271
vn -0.0229 0.9563 -0.2914
vn -0.2803 0.9575 -0.0676
vn -0.2692 0.9565 0.1121
vn -0.1507 0.9577 0.2450
vn -0.2213 0.9567 0.1892
vn 0.1869 0.9578 0.2185
vn 0.1526 0.9566 0.2481
vn -0.1121 0.9565 0.2692
vn -0.2838 0.9564 0.0684
vn 0.2914 0.9563 -0.0229
vn -0.2298 0.9731 -0.0180
vn -0.0260 -0.9977 0.0625
vn -0.0884 0.9732 -0.2123
vn -0.1204 0.9733 -0.1957
vn -0.1492 0.9733 0.1745
vn 0.1492 0.9733 -0.1745
vn 0.1957 0.9733 0.1204
vn 0.2123 0.9732 0.0884
vn 0.0540 0.9731 -0.2238
vn 0.0180 0.9731 0.2298
vn 0.5231 0.8513 -0.0411
vn 0.7900 -0.1385 0.5973
vn -0.2013 0.8519 0.4835
vn 0.2742 0.8521 0.4458
vn -0.5390 0.8350 -0.1107
vn -0.3976 0.8523 -0.3400
vn 0.3317 -0.8600 0.3878
vn 0.2013 0.8519 -0.4835
vn 0.5097 0.8516 -0.1229
vn -0.5231 0.8513 0.0411
vn -0.0542 0.7215 0.6903
vn 0.6728 0.7219 -0.1622
vn 0.6384 0.7223 0.2658
vn 0.5887 0.7227 -0.3621
vn -0.4491 0.7229 -0.5251
vn 0.4491 0.7229 -0.5251
vn 0.5887 0.7227 0.3621
vn 0.2658 0.7223 -0.6384
vn 0.6728 0.7219 0.1622
vn -0.6903 0.7215 -0.0542
vn 0.7977 0.5998 -0.0626
vn 0.7775 0.6002 -0.1875
vn 0.7380 0.6008 -0.3073
vn 0.4187 0.6012 -0.6807
vn -0.5193 0.6014 -0.6072
vn 0.6072 0.6014 0.5193
vn 0.6807 0.6012 0.4187
vn -0.3073 0.6008 -0.7380
vn 0.1875 0.6002 -0.7775
vn -0.7977 0.5998 -0.0626
vn 0.0685 0.4843 -0.8722
vn 0.8503 0.4847 -0.2050
vn 0.3361 0.4852 0.8072
vn 0.4580 0.4856 -0.7446
vn 0.5681 0.4858 0.6643
vn 0.8882 0.3113 0.3379
vn -0.7446 0.4856 -0.4580
vn 0.8072 0.4852 0.3361
vn 0.2050 0.4847 -0.8503
vn -0.0685 0.4843 -0.8722
vn -0.8497 0.3909 0.3538
vn 0.2179 -0.3685 0.9037
vn 0.8581 -0.3689 -0.3572
vn 0.7915 -0.3693 -0.4869
vn -0.7062 -0.3695 -0.6040
vn 0.7062 -0.3695 0.6040
vn 0.4869 -0.3693 -0.7915
vn -0.8117 -0.4808 0.3317
vn -0.2179 -0.3685 -0.9037
vn 0.9269 -0.3682 0.0728
vn -0.9030 -0.2091 -0.3754
vn 0.2298 -0.1962 0.9533
vn 0.3769 -0.1964 -0.9052
vn 0.3769 -0.1964 0.9052
vn -0.6373 -0.1967 0.7451
vn 0.8351 -0.1966 0.5137
vn -0.5137 -0.1966 0.8351
vn 0.9052 -0.1964 0.3769
vn 0.9533 -0.1962 -0.2298
vn 0.0767 -0.1960 -0.9776
vn -0.0779 0.0920 0.9927
vn 0.2334 0.0921 0.9680
vn 0.9192 0.0922 -0.3827
vn -0.9192 0.0922 0.3827
vn 0.6472 0.0924 0.7567
vn -0.5217 0.0924 0.8481
vn 0.5217 0.0924 -0.8481
vn 0.9680 0.0921 0.2334
vn -0.9680 0.0921 0.2334
vn 0.7555 -0.1086 -0.6461
vn -0.0649 0.5584 0.8271
vn 0.1944 0.5588 0.8062
vn 0.3186 0.5593 0.7653
vn 0.4342 0.5597 -0.7058
vn 0.5385 0.5599 0.6296
vn -0.0118 0.9652 0.2611
vn 0.7058 0.5597 0.4342
vn 0.3186 0.5593 -0.7653
vn 0.8062 0.5588 0.1944
vn 0.6809 -0.6008 0.4189
vn -0.2914 0.9563 -0.0229
vn 0.0684 0.9564 0.2838
vn 0.1121 0.9565 0.2692
vn 0.2481 0.9566 -0.1526
vn 0.2213 0.9567 0.1893
vn -0.1893 0.9567 0.2213
vn -0.2481 0.9566 0.1526
vn 0.2692 0.9565 -0.1121
vn 0.2838 0.9564 0.0684
vn 0.0350 0.9888 -0.1450
vn 0.0180 0.9731 -0.2298
vn -0.0540 0.9731 -0.2238
vn -0.2123 0.9732 0.0884
vn -0.1209 0.9825 0.1414
vn 0.1745 0.9733 -0.1492
vn 0.4335 0.9005 -0.0340
vn 0.1957 0.9733 -0.1204
vn 0.0884 0.9732 -0.2123
vn -0.2238 0.9731 -0.0540
vn -0.2298 0.9731 0.0180
vn -0.0411 0.8513 -0.5231
vn -0.5097 0.8516 0.1229
vn -0.2013 0.8519 -0.4835
vn -0.4458 0.8521 -0.2742
vn 0.3976 0.8523 -0.3400
vn -0.3400 0.8523 -0.3976
vn 0.2742 0.8521 -0.4458
vn 0.4835 0.8519 -0.2013
vn 0.1229 0.8516 -0.5097
vn 0.0411 0.8513 -0.5231
vn 0.6903 0.7215 0.0542
vn -0.1622 0.7219 -0.6728
vn 0.4380 -0.7388 -0.5122
vn -0.3621 0.7227 -0.5887
vn -0.3630 -0.7211 -0.5901
vn -0.4491 0.7229 0.5251
vn -0.5887 0.7227 -0.3621
vn 0.6384 0.7223 -0.2658
vn -0.6728 0.7219 -0.1622
vn 0.2464 -0.7674 0.5919
vn -0.7977 0.5998 0.0626
vn -0.1875 0.6002 -0.7775
vn -0.0834 0.9126 -0.4002
vn 0.6807 0.6012 -0.4187
vn 0.8271 0.5584 -0.0649
vn -0.6072 0.6014 -0.5193
vn -0.6807 0.6012 -0.4187
vn 0.3073 0.6008 -0.7380
vn -0.7775 0.6002 -0.1875
vn -0.6996 -0.4072 -0.5871
vn -0.5508 -0.5303 0.6446
vn -0.7071 0.7001 -0.0993
vn -0.8072 0.4852 -0.3361
vn 0.7446 0.4856 -0.4580
vn -0.5681 0.4858 -0.6643
vn 0.6643 0.4858 -0.5681
vn -0.9330 0.1171 -0.3402
vn 0.2059 -0.4781 -0.8538
vn -0.2050 0.4847 -0.8503
vn -0.8722 0.4843 0.0685
vn -0.7565 -0.4595 -0.4654
vn -0.8785 0.4283 -0.2118
vn 0.3472 0.4287 -0.8340
vn -0.7693 0.4291 0.4733
vn -0.6864 0.4293 0.5870
vn 0.6864 0.4293 -0.5870
vn -0.4733 0.4291 0.7693
vn -0.3472 0.4287 0.8340
vn -0.8785 0.4283 0.2118
vn -0.0707 0.4279 -0.9011
vn -0.0710 0.4218 -0.9039
vn -0.8813 0.4222 -0.2125
vn -0.8367 0.4227 0.3483
vn -0.7718 0.4230 -0.4748
vn -0.6885 0.4232 0.5889
vn -0.6885 0.4232 -0.5889
vn -0.4748 0.4230 -0.7718
vn -0.3483 0.4227 0.8367
vn -0.8813 0.4222 0.2125
vn -0.0710 0.4218 0.9039
vn -0.9096 0.4094 0.0714
vn -0.5870 0.4293 -0.6864
vn -0.8419 0.4103 0.3505
vn -0.7766 0.4106 -0.4777
vn -0.6929 0.4108 0.5926
vn -0.6929 0.4108 -0.5926
vn -0.4777 0.4106 -0.7766
vn -0.3505 0.4103 0.8419
vn -0.8868 0.4098 -0.2138
vn 0.9096 0.4094 -0.0714
vn -0.9180 0.3901 0.0721
vn -0.8950 0.3905 0.2158
vn 0.3538 0.3909 -0.8497
vn -0.9269 -0.3682 -0.0728
vn -0.6993 0.3914 0.5981
vn -0.5981 0.3914 0.6993
vn 0.4822 0.3913 0.7838
vn 0.8497 0.3909 0.3538
vn -0.5926 0.4108 0.6929
vn -0.0721 0.3901 0.9180
vn -0.9289 0.3630 0.0729
vn -0.2184 0.3633 0.9057
vn -0.7915 -0.3693 0.4869
vn 0.4880 0.3641 -0.7933
vn 0.7077 0.3643 0.6053
vn 0.7077 0.3643 -0.6053
vn 0.7933 0.3641 0.4880
vn -0.3580 0.3637 -0.8599
vn 0.9057 0.3633 0.2184
vn -0.0729 0.3630 0.9289
vn -0.0740 0.3267 -0.9422
vn -0.9187 0.3271 0.2215
vn -0.9471 -0.3122 -0.0743
vn -0.8047 0.3278 0.4950
vn 0.7179 0.3279 0.6140
vn 0.8047 0.3278 -0.4950
vn 0.7971 0.5973 0.0888
vn 0.8723 0.3275 0.3632
vn -0.2215 0.3271 -0.9187
vn -0.0740 0.3267 0.9422
vn -0.9571 0.2797 -0.0751
vn -0.9332 0.2800 0.2250
vn -0.3689 0.2804 0.8862
vn 0.5029 0.2807 0.8175
vn -0.6238 0.2808 -0.7294
vn -0.7294 0.2808 -0.6238
vn -0.5029 0.2807 0.8175
vn 0.8862 0.2804 -0.3689
vn -0.2250 0.2800 0.9332
vn 0.9571 0.2797 0.0751
vn -0.6279 -0.7736 -0.0853
vn -0.9483 0.2202 0.2286
vn -0.9005 0.2204 0.3749
vn -0.8308 0.2207 0.5110
vn -0.7412 0.2208 -0.6339
vn 0.5110 0.2207 -0.8308
vn -0.5110 0.2207 0.8308
vn 0.9005 0.2204 0.3749
vn -0.9483 0.2202 -0.2286
vn -0.9725 0.2199 -0.0763
vn -0.9864 0.1449 0.0774
vn -0.9619 0.1451 0.2319
vn -0.9872 0.1219 0.1031
vn 0.8427 0.1454 0.5184
vn -0.7519 0.1455 0.6431
vn 0.7519 0.1455 -0.6431
vn -0.8427 0.1454 -0.5184
vn 0.3803 0.1453 0.9134
vn 0.9619 0.1451 0.2319
vn -0.0774 0.1449 0.9864
vn -0.9956 0.0526 0.0781
vn -0.9708 0.0527 -0.2341
vn -0.9219 0.0527 0.3838
vn 0.5232 0.0528 -0.8506
vn -0.6491 0.0528 -0.7589
vn 0.5232 0.0528 0.8506
vn -0.5232 0.0528 0.8506
vn -0.9708 0.0527 0.2341
vn -0.2341 0.0527 0.9708
vn -0.0782 0.0526 0.9956
vn -0.9011 0.4279 -0.0707
vn -0.2118 0.4283 0.8785
vn 0.3472 0.4287 0.8340
vn 0.4733 0.4291 0.7693
vn 0.5870 0.4293 0.6864
vn 0.6864 0.4293 0.5870
vn 0.4733 0.4291 -0.7693
vn -0.8340 0.4287 0.3472
vn 0.8785 0.4283 0.2118
vn 0.9011 0.4279 0.0707
vn 0.0710 0.4218 0.9039
vn -0.2125 0.4222 0.8813
vn 0.3483 0.4227 0.8367
vn 0.7718 0.4230 0.4748
vn 0.6885 0.4232 -0.5889
vn -0.5889 0.4232 0.6885
vn -0.7718 0.4230 0.4748
vn 0.8367 0.4227 0.3483
vn 0.8813 0.4222 0.2125
vn 0.0710 0.4218 -0.9039
vn 0.0714 0.4094 0.9096
vn -0.2138 0.4098 0.8868
vn 0.0721 0.3901 0.9180
vn -0.4777 0.4106 0.7766
vn 0.7766 0.4106 -0.4777
vn 0.6929 0.4108 0.5926
vn 0.4777 0.4106 -0.7766
vn 0.3505 0.4103 0.8419
vn 0.2138 0.4098 0.8868
vn 0.2118 0.4283 0.8785
vn 0.0721 0.3901 -0.9180
vn -0.2158 0.3905 0.8950
vn -0.3538 0.3909 0.8497
vn -0.7838 0.3913 -0.4822
vn 0.5981 0.3914 0.6993
vn 0.0729 0.3630 -0.9289
vn 0.7838 0.3913 0.4822
vn 0.8950 0.3905 -0.2158
vn 0.2158 0.3905 0.8950
vn 0.9180 0.3901 0.0721
vn 0.0729 0.3630 0.9289
vn 0.2184 0.3633 0.9057
vn 0.3580 0.3637 0.8599
vn 0.4880 0.3641 0.7933
vn -0.6053 0.3643 0.7077
vn -0.7933 0.3641 0.4880
vn -0.4880 0.3641 0.7933
vn -0.8599 0.3637 0.3580
vn 0.9177 0.2048 0.3405
vn -0.0729 0.3630 -0.9289
vn 0.0740 0.3267 0.9422
vn 0.2215 0.3271 0.9187
vn 0.3632 0.3275 0.8723
vn -0.4950 0.3278 0.8047
vn -0.7179 0.3279 0.6140
vn 0.6140 0.3279 0.7179
vn 0.8047 0.3278 0.4950
vn -0.8723 0.3275 0.3632
vn -0.2215 0.3271 0.9187
vn 0.0740 0.3267 -0.9422
vn -0.0751 0.2797 0.9571
vn 0.2250 0.2800 0.9332
vn -0.2250 0.2800 -0.9332
vn -0.8175 0.2807 0.5029
vn -0.7294 0.2808 0.6238
vn 0.7294 0.2808 0.6238
vn 0.8175 0.2807 0.5029
vn -0.8862 0.2804 0.3689
vn 0.9332 0.2800 0.2250
vn -0.9571 0.2797 0.0751
vn -0.9725 0.2199 0.0763
vn 0.2286 0.2202 0.9483
vn 0.3749 0.2204 0.9005
vn 0.5110 0.2207 0.8308
vn 0.6339 0.2208 0.7412
vn -0.6339 0.2208 0.7412
vn 0.8308 0.2207 0.5110
vn -0.3749 0.2204 0.9005
vn 0.9483 0.2202 0.2286
vn 0.0763 0.2199 0.9725
vn 0.0774 0.1449 0.9864
vn 0.2319 0.1451 0.9619
vn -0.9134 0.1453 -0.3803
vn 0.5184 0.1454 0.8427
vn 0.6431 0.1455 0.7519
vn 0.7519 0.1455 0.6431
vn -0.5184 0.1454 0.8427
vn 0.9134 0.1453 0.3803
vn 0.7507 -0.1555 -0.6421
vn 0.9864 0.1449 0.0774
vn 0.0782 0.0526 0.9956
vn 0.2341 0.0527 0.9708
vn 0.3838 0.0527 0.9219
vn -0.8506 0.0528 0.5232
vn -0.7589 0.0528 0.6491
vn 0.6491 0.0528 -0.7589
vn 0.9219 0.0527 -0.3838
vn -0.3838 0.0527 -0.9219
vn 0.9708 0.0527 0.2341
vn 0.9956 0.0526 0.0781
vn 0.9011 0.4279 -0.0707
vn 0.8785 0.4283 -0.2118
vn 0.8340 0.4287 -0.3472
vn -0.4733 0.4291 -0.7693
vn -0.6864 0.4293 -0.5870
vn 0.5870 0.4293 -0.6864
vn 0.8340 0.4287 0.3472
vn -0.3472 0.4287 -0.8340
vn 0.2118 0.4283 -0.8785
vn 0.0707 0.4279 0.9011
vn -0.9039 0.4218 -0.0710
vn 0.8813 0.4222 -0.2125
vn 0.7693 0.4291 -0.4733
vn -0.8868 0.4098 0.2138
vn 0.5889 0.4232 0.6885
vn 0.6885 0.4232 0.5889
vn 0.4748 0.4230 0.7718
vn -0.8367 0.4227 -0.3483
vn 0.2125 0.4222 -0.8813
vn 0.9039 0.4218 -0.0710
vn 0.9096 0.4094 0.0714
vn -0.2138 0.4098 -0.8868
vn -0.8419 0.4103 -0.3505
vn 0.7299 0.6786 -0.0824
vn 0.5926 0.4108 0.6929
vn 0.5926 0.4108 -0.6929
vn 0.4777 0.4106 0.7766
vn -0.3505 0.4103 -0.8419
vn 0.8868 0.4098 0.2138
vn 0.0714 0.4094 -0.9096
vn -0.0721 0.3901 -0.9180
vn 0.8950 0.3905 0.2158
vn -0.3538 0.3909 -0.8497
vn 0.7838 0.3913 -0.4822
vn 0.6993 0.3914 0.5981
vn 0.6993 0.3914 -0.5981
vn 0.4822 0.3913 -0.7838
vn 0.3538 0.3909 0.8497
vn 0.2158 0.3905 -0.8950
vn -0.9180 0.3901 -0.0721
vn -0.4822 0.3913 0.7838
vn 0.9057 0.3633 -0.2184
vn 0.8599 0.3637 -0.3580
vn -0.4880 0.3641 -0.7933
vn -0.7077 0.3643 -0.6053
vn 0.6053 0.3643 0.7077
vn 0.6040 -0.3695 0.7062
vn 0.3580 0.3637 -0.8599
vn 0.2184 0.3633 -0.9057
vn 0.9289 0.3630 0.0729
vn 0.9422 0.3267 -0.0740
vn -0.9422 0.3267 0.0740
vn 0.3632 0.3275 -0.8723
vn -0.8047 0.3278 -0.4950
vn -0.6140 0.3279 0.7179
vn -0.7179 0.3279 -0.6140
vn 0.4950 0.3278 -0.8047
vn -0.3632 0.3275 -0.8723
vn 0.2215 0.3271 -0.9187
vn -0.8699 -0.3584 0.3390
vn 0.7217 -0.3134 0.6172
vn -0.9332 0.2800 -0.2250
vn 0.3689 0.2804 -0.8862
vn 0.8175 0.2807 -0.5029
vn 0.6238 0.2808 0.7294
vn 0.6238 0.2808 -0.7294
vn 0.8862 0.2804 0.3689
vn 0.3689 0.2804 0.8862
vn -0.0751 0.2797 -0.9571
vn 0.0751 0.2797 0.9571
vn 0.9725 0.2199 -0.0763
vn -0.2286 0.2202 0.9483
vn -0.9752 -0.2079 -0.0764
vn -0.5110 0.2207 -0.8308
vn 0.7412 0.2208 -0.6339
vn 0.7412 0.2208 0.6339
vn -0.8308 0.2207 -0.5110
vn 0.9005 0.2204 -0.3749
vn 0.2286 0.2202 -0.9483
vn 0.9725 0.2199 0.0763
vn -0.3797 -0.1552 0.9120
vn -0.2319 0.1451 -0.9619
vn 0.9134 0.1453 -0.3803
vn 0.8427 0.1454 -0.5184
vn -0.7519 0.1455 -0.6431
vn 0.6431 0.1455 -0.7519
vn -0.7028 -0.7056 0.0907
vn 0.3803 0.1453 -0.9134
vn 0.2319 0.1451 -0.9619
vn -0.0774 0.1449 -0.9864
vn -0.0782 0.0526 -0.9956
vn 0.9708 0.0527 -0.2341
vn 0.9219 0.0527 0.3838
vn 0.8506 0.0528 -0.5232
vn 0.6491 0.0528 0.7589
vn 0.7589 0.0528 0.6491
vn 0.8506 0.0528 0.5232
vn 0.3838 0.0527 -0.9219
vn 0.9956 0.0526 -0.0781
vn -0.6472 0.0924 -0.7567
vn 0.0707 0.4279 -0.9011
vn -0.2118 0.4283 -0.8785
vn -0.2913 0.9494 -0.1175
vn 0.7693 0.4291 0.4733
vn -0.5870 0.4293 0.6864
vn 0.3483 0.4227 -0.8367
vn -0.7693 0.4291 -0.4733
vn -0.8340 0.4287 -0.3472
vn -0.9377 -0.0740 0.3395
vn -0.9011 0.4279 0.0707
vn -0.6749 -0.4597 -0.5772
vn -0.2125 0.4222 -0.8813
vn 0.8367 0.4227 -0.3483
vn 0.4748 0.4230 -0.7718
vn 0.5889 0.4232 -0.6885
vn -0.7456 -0.5851 0.3191
vn 0.7718 0.4230 -0.4748
vn -0.3483 0.4227 -0.8367
vn -0.0714 0.4094 -0.9096
vn -0.9039 0.4218 0.0710
vn -0.0714 0.4094 0.9096
vn 0.8868 0.4098 -0.2138
vn 0.3505 0.4103 -0.8419
vn 0.7766 0.4106 0.4777
vn -0.5926 0.4108 -0.6929
vn 0.6929 0.4108 -0.5926
vn -0.7766 0.4106 0.4777
vn 0.8419 0.4103 -0.3505
vn 0.2138 0.4098 -0.8868
vn -0.9096 0.4094 -0.0714
vn 0.9180 0.3901 -0.0721
vn -0.2158 0.3905 -0.8950
vn 0.8497 0.3909 -0.3538
vn -0.4822 0.3913 -0.7838
vn 0.5981 0.3914 -0.6993
vn -0.6993 0.3914 -0.5981
vn -0.7838 0.3913 0.4822
vn -0.8497 0.3909 -0.3538
vn -0.8950 0.3905 -0.2158
vn -0.5889 0.4232 -0.6885
vn 0.9289 0.3630 -0.0729
vn -0.9057 0.3633 0.2184
vn 0.8599 0.3637 0.3580
vn 0.7933 0.3641 -0.4880
vn 0.6053 0.3643 -0.7077
vn -0.7077 0.3643 0.6053
vn -0.7933 0.3641 -0.4880
vn -0.8599 0.3637 -0.3580
vn -0.9057 0.3633 -0.2184
vn -0.9289 0.3630 -0.0729
vn 0.9422 0.3267 0.0740
vn 0.9187 0.3271 -0.2215
vn 0.8723 0.3275 -0.3632
vn -0.4950 0.3278 -0.8047
vn 0.7179 0.3279 -0.6140
vn 0.6140 0.3279 -0.7179
vn 0.4950 0.3278 0.8047
vn -0.3632 0.3275 0.8723
vn -0.9187 0.3271 -0.2215
vn -0.9422 0.3267 -0.0740
vn 0.0751 0.2797 -0.9571
vn 0.9332 0.2800 -0.2250
vn -0.3689 0.2804 -0.8862
vn -0.8175 0.2807 -0.5029
vn -0.5029 0.2807 -0.8175
vn 0.7294 0.2808 -0.6238
vn 0.5029 0.2807 -0.8175
vn -0.8862 0.2804 -0.3689
vn 0.2250 0.2800 -0.9332
vn 0.9571 0.2797 -0.0751
vn -0.0763 0.2199 -0.9725
vn 0.9483 0.2202 -0.2286
vn 0.3749 0.2204 -0.9005
vn 0.2288 -0.2084 0.9509
vn -0.7412 0.2208 0.6339
vn 0.6339 0.2208 -0.7412
vn 0.8308 0.2207 -0.5110
vn -0.9005 0.2204 -0.3749
vn -0.9027 0.4177 0.1035
vn 0.0763 0.2199 -0.9725
vn -0.9864 0.1449 -0.0774
vn -0.2319 0.1451 0.9619
vn -0.3803 0.1453 -0.9134
vn -0.8427 0.1454 0.5184
vn -0.5184 0.1454 -0.8427
vn -0.6431 0.1455 -0.7519
vn 0.5184 0.1454 -0.8427
vn -0.9134 0.1453 0.3803
vn -0.9619 0.1451 -0.2319
vn 0.9864 0.1449 -0.0774
vn -0.9956 0.0526 -0.0781
vn 0.2341 0.0527 -0.9708
vn -0.3838 0.0527 0.9219
vn -0.5232 0.0528 -0.8506
vn -0.6491 0.0528 0.7589
vn -0.7589 0.0528 -0.6491
vn -0.8506 0.0528 -0.5232
vn -0.9219 0.0527 -0.3838
vn -0.2341 0.0527 -0.9708
vn 0.0782 0.0526 -0.9956
vn -0.9911 -0.1081 -0.0778
vn -0.9664 -0.1083 -0.2330
vn -0.9177 -0.1084 0.3821
vn -0.8467 -0.1085 0.5209
vn 0.6461 -0.1086 0.7555
vn 0.7555 -0.1086 0.6461
vn -0.5209 -0.1085 0.8467
vn -0.3821 -0.1084 0.9177
vn -0.2330 -0.1083 0.9664
vn 0.9711 0.2151 -0.1032
vn -0.9471 -0.3122 0.0743
vn 0.9234 -0.3125 0.2226
vn -0.8768 -0.3129 0.3651
vn -0.8089 -0.3132 0.4976
vn -0.7217 -0.3134 0.6172
vn 0.6172 -0.3134 0.7217
vn -0.4976 -0.3132 0.8089
vn -0.8768 -0.3129 -0.3651
vn -0.2226 -0.3125 0.9234
vn 0.0743 -0.3122 0.9471
vn 0.8758 -0.4777 0.0688
vn -0.2050 0.4847 0.8503
vn -0.8106 -0.4786 0.3375
vn -0.4599 -0.4790 -0.7477
vn -0.5705 -0.4792 -0.6670
vn -0.6670 -0.4792 -0.5705
vn -0.4599 -0.4790 0.7477
vn -0.6765 -0.6713 -0.3029
vn -0.2059 -0.4781 0.8538
vn -0.0688 -0.4777 0.8758
vn -0.7980 -0.5994 0.0626
vn 0.1875 -0.5999 0.7778
vn 0.3074 -0.6004 -0.7383
vn -0.4189 -0.6008 -0.6809
vn -0.6074 -0.6010 -0.5195
vn 0.5193 0.6014 -0.6072
vn 0.4189 -0.6008 0.6809
vn -0.3074 -0.6004 0.7383
vn -0.7778 -0.5999 -0.1875
vn -0.0626 -0.5994 0.7980
vn 0.3532 -0.7386 -0.5742
vn -0.7094 -0.6837 0.1710
vn -0.6732 -0.6842 0.2803
vn -0.6208 -0.6846 0.3819
vn -0.5538 -0.6848 0.4736
vn 0.5538 -0.6848 -0.4736
vn 0.6208 -0.6846 0.3819
vn 0.6732 -0.6842 0.2803
vn 0.7094 -0.6837 -0.1710
vn -0.7279 -0.6833 -0.0571
vn -0.6734 -0.7374 -0.0529
vn 0.1582 -0.7378 0.6562
vn -0.6227 -0.7382 -0.2593
vn -0.3532 -0.7386 -0.5742
vn 0.0571 -0.6833 0.7279
vn -0.4380 -0.7388 0.5122
vn -0.5742 -0.7386 -0.3532
vn 0.1622 0.7219 -0.6728
vn -0.1582 -0.7378 0.6562
vn -0.0529 -0.7374 -0.6734
vn -0.6401 -0.7666 0.0502
vn -0.4507 0.8053 -0.3851
vn -0.2464 -0.7674 -0.5919
vn -0.3357 -0.7678 -0.5457
vn -0.4868 -0.7680 0.4163
vn -0.4868 -0.7680 -0.4163
vn -0.5457 -0.7678 -0.3357
vn -0.5919 -0.7674 0.2464
vn -0.1504 -0.7670 0.6238
vn -0.0502 -0.7666 0.6401
vn -0.0500 -0.7689 -0.6374
vn 0.6212 -0.7692 0.1498
vn 0.5894 -0.7697 0.2454
vn -0.3343 -0.7700 0.5434
vn 0.4847 -0.7702 0.4146
vn -0.4146 -0.7702 0.4847
vn -0.5434 -0.7700 -0.3343
vn -0.7995 -0.0633 0.5973
vn -0.1498 -0.7692 -0.6212
vn -0.0500 -0.7689 0.6374
vn -0.0543 -0.7199 -0.6920
vn -0.6743 -0.7203 0.1626
vn -0.2658 0.7223 0.6384
vn -0.5901 -0.7211 0.3630
vn -0.5263 -0.7213 0.4502
vn -0.4502 -0.7213 0.5263
vn -0.3630 -0.7211 0.5901
vn -0.6399 -0.7208 -0.2664
vn -0.6227 -0.7382 0.2593
vn -0.6920 -0.7199 0.0543
vn -0.8861 -0.4582 0.0696
vn -0.2083 -0.4586 -0.8639
vn 0.6670 -0.4792 -0.5705
vn -0.7565 -0.4595 0.4654
vn -0.0707 0.4279 0.9011
vn -0.5772 -0.4597 0.6749
vn 0.4654 -0.4595 0.7565
vn -0.3415 -0.4591 0.8201
vn -0.2083 -0.4586 0.8639
vn 0.8861 -0.4582 0.0696
vn 0.0778 -0.1081 0.9911
vn 0.2330 -0.1083 0.9664
vn 0.3821 -0.1084 0.9177
vn 0.5209 -0.1085 -0.8467
vn -0.7555 -0.1086 0.6461
vn 0.8467 -0.1085 -0.5209
vn 0.8467 -0.1085 0.5209
vn -0.9664 -0.1083 0.2330
vn 0.9664 -0.1083 0.2330
vn 0.9911 -0.1081 0.0778
vn 0.0743 -0.3122 -0.9471
vn 0.2226 -0.3125 -0.9234
vn 0.3651 -0.3129 0.8768
vn 0.4976 -0.3132 -0.8089
vn 0.4976 -0.3132 0.8089
vn 0.7217 -0.3134 -0.6172
vn 0.8089 -0.3132 0.4976
vn 0.8768 -0.3129 0.3651
vn -0.6140 0.3279 -0.7179
vn 0.9471 -0.3122 0.0743
vn 0.0688 -0.4777 0.8758
vn -0.8538 -0.4781 -0.2059
vn 0.3375 -0.4786 0.8106
vn 0.4599 -0.4790 0.7477
vn -0.6670 -0.4792 0.5705
vn -0.5705 -0.4792 0.6670
vn 0.4599 -0.4790 -0.7477
vn 0.8106 -0.4786 0.3375
vn 0.8538 -0.4781 0.2059
vn -0.0688 -0.4777 -0.8758
vn 0.0626 -0.5994 0.7980
vn -0.7778 -0.5999 0.1875
vn -0.7380 0.6008 -0.3073
vn -0.4189 -0.6008 0.6809
vn -0.5195 -0.6010 0.6074
vn -0.6074 -0.6010 0.5195
vn -0.6809 -0.6008 0.4189
vn 0.7383 -0.6004 0.3074
vn -0.1875 -0.5999 -0.7778
vn 0.7980 -0.5994 -0.0626
vn 0.7279 -0.6833 0.0571
vn -0.1710 -0.6837 0.7094
vn 0.6732 -0.6842 -0.2803
vn 0.3819 -0.6846 0.6208
vn 0.4736 -0.6848 0.5538
vn 0.5538 -0.6848 0.4736
vn -0.3819 -0.6846 0.6208
vn 0.2803 -0.6842 0.6732
vn -0.1630 0.9834 0.0800
vn -0.0571 -0.6833 0.7279
vn -0.6734 -0.7374 0.0529
vn 0.6562 -0.7378 -0.1582
vn 0.2593 -0.7382 -0.6227
vn 0.3532 -0.7386 0.5742
vn 0.4380 -0.7388 0.5122
vn -0.4380 -0.7388 -0.5122
vn -0.3532 -0.7386 0.5742
vn 0.2593 -0.7382 0.6227
vn -0.3357 -0.7678 0.5457
vn -0.0529 -0.7374 0.6734
vn 0.0502 -0.7666 -0.6401
vn 0.6238 -0.7670 0.1504
vn -0.5919 -0.7674 -0.2464
vn -0.5434 -0.7700 0.3343
vn 0.4146 -0.7702 -0.4847
vn 0.4868 -0.7680 0.4163
vn 0.3357 -0.7678 0.5457
vn 0.5919 -0.7674 0.2464
vn -0.6238 -0.7670 0.1504
vn 0.6401 -0.7666 0.0502
vn -0.6374 -0.7689 0.0500
vn 0.1498 -0.7692 0.6212
vn -0.2454 -0.7697 0.5894
vn 0.5434 -0.7700 -0.3343
vn 0.7561 0.2715 0.5955
vn 0.4146 -0.7702 0.4847
vn 0.6920 -0.7199 -0.0543
vn 0.2454 -0.7697 0.5894
vn -0.1498 -0.7692 0.6212
vn 0.0500 -0.7689 -0.6374
vn 0.6920 -0.7199 0.0543
vn 0.6743 -0.7203 0.1626
vn 0.2664 -0.7208 0.6399
vn 0.3630 -0.7211 0.5901
vn -0.5251 0.7229 -0.4491
vn 0.5263 -0.7213 0.4502
vn -0.7424 -0.6674 -0.0579
vn 0.6399 -0.7208 0.2664
vn -0.1626 -0.7203 0.6743
vn 0.0543 -0.7199 0.6920
vn 0.8861 -0.4582 -0.0696
vn 0.2083 -0.4586 0.8639
vn -0.8201 -0.4591 0.3415
vn 0.8681 -0.4877 -0.0921
vn -0.6749 -0.4597 0.5772
vn 0.6749 -0.4597 0.5772
vn 0.7565 -0.4595 0.4654
vn 0.8201 -0.4591 0.3415
vn 0.8639 -0.4586 0.2083
vn -0.0696 -0.4582 0.8861
vn -0.0778 -0.1081 -0.9911
vn 0.9664 -0.1083 -0.2330
vn 0.9177 -0.1084 0.3821
vn -0.8467 -0.1085 -0.5209
vn 0.6461 -0.1086 -0.7555
vn -0.7555 -0.1086 -0.6461
vn -0.9188 -0.3810 -0.1027
vn 0.9177 -0.1084 -0.3821
vn -0.9667 -0.2342 -0.1033
vn 0.0778 -0.1081 -0.9911
vn -0.0743 -0.3122 0.9471
vn 0.9234 -0.3125 -0.2226
vn -0.3651 -0.3129 0.8768
vn -0.8089 -0.3132 -0.4976
vn -0.6172 -0.3134 0.7217
vn 0.6172 -0.3134 -0.7217
vn 0.8089 -0.3132 -0.4976
vn 0.3651 -0.3129 -0.8768
vn -0.9234 -0.3125 0.2226
vn -0.0743 -0.3122 -0.9471
vn 0.8758 -0.4777 -0.0688
vn 0.8538 -0.4781 -0.2059
vn -0.3375 -0.4786 -0.8106
vn 0.7477 -0.4790 -0.4599
vn 0.5705 -0.4792 0.6670
vn 0.6670 -0.4792 0.5705
vn -0.7477 -0.4790 0.4599
vn 0.3375 -0.4786 -0.8106
vn 0.2059 -0.4781 0.8538
vn 0.8722 0.4843 -0.0685
vn -0.0626 -0.5994 -0.7980
vn -0.1875 -0.5999 0.7778
vn 0.7383 -0.6004 -0.3074
vn 0.6809 -0.6008 -0.4189
vn -0.5195 -0.6010 -0.6074
vn 0.5195 -0.6010 0.6074
vn 0.4189 -0.6008 -0.6809
vn 0.3074 -0.6004 0.7383
vn -0.7775 0.6002 0.1875
vn 0.7980 -0.5994 0.0626
vn -0.0571 -0.6833 -0.7279
vn 0.7094 -0.6837 0.1710
vn -0.7237 -0.6680 0.1735
vn -0.6208 -0.6846 -0.3819
vn -0.4736 -0.6848 -0.5538
vn 0.4736 -0.6848 -0.5538
vn 0.3819 -0.6846 -0.6208
vn 0.2803 -0.6842 -0.6732
vn 0.1710 -0.6837 -0.7094
vn -0.7279 -0.6833 0.0571
vn 0.6734 -0.7374 0.0529
vn -0.1582 -0.7378 -0.6562
vn 0.6227 -0.7382 0.2593
vn 0.5742 -0.7386 -0.3532
vn 0.5122 -0.7388 -0.4380
vn 0.5122 -0.7388 0.4380
vn 0.5742 -0.7386 0.3532
vn -0.2593 -0.7382 -0.6227
vn -0.6562 -0.7378 -0.1582
vn 0.1504 -0.7670 -0.6238
vn -0.6401 -0.7666 -0.0502
vn 0.6238 -0.7670 -0.1504
vn -0.2464 -0.7674 0.5919
vn 0.5457 -0.7678 -0.3357
vn 0.4163 -0.7680 0.4868
vn 0.4163 -0.7680 -0.4868
vn 0.5457 -0.7678 0.3357
vn -0.8419 0.5185 -0.1493
vn 0.1504 -0.7670 0.6238
vn 0.4571 -0.8091 -0.3693
vn -0.6374 -0.7689 -0.0500
vn 0.6212 -0.7692 -0.1498
vn 0.5894 -0.7697 -0.2454
vn 0.3343 -0.7700 0.5434
vn 0.4847 -0.7702 -0.4146
vn -0.4847 -0.7702 0.4146
vn 0.5434 -0.7700 0.3343
vn 0.2454 -0.7697 -0.5894
vn 0.1498 -0.7692 -0.6212
vn 0.6374 -0.7689 0.0500
vn -0.0543 -0.7199 0.6920
vn -0.1626 -0.7203 -0.6743
vn 0.6399 -0.7208 -0.2664
vn 0.3630 -0.7211 -0.5901
vn 0.4502 -0.7213 0.5263
vn 0.5263 -0.7213 -0.4502
vn 0.5901 -0.7211 0.3630
vn 0.2664 -0.7208 -0.6399
vn 0.1626 -0.7203 -0.6743
vn -0.6920 -0.7199 -0.0543
vn 0.8072 0.4852 -0.3361
vn -0.8639 -0.4586 -0.2083
vn 0.8201 -0.4591 -0.3415
vn -0.4654 -0.4595 0.7565
vn 0.6749 -0.4597 -0.5772
vn 0.5772 -0.4597 0.6749
vn 0.4654 -0.4595 -0.7565
vn 0.3415 -0.4591 0.8201
vn 0.7477 -0.4790 0.4599
vn 0.0696 -0.4582 -0.8861
vn -0.0778 -0.1081 0.9911
vn 0.2330 -0.1083 -0.9664
vn 0.3821 -0.1084 -0.9177
vn -0.5209 -0.1085 -0.8467
vn -0.6461 -0.1086 -0.7555
vn -0.6461 -0.1086 0.7555
vn 0.5209 -0.1085 0.8467
vn -0.9177 -0.1084 -0.3821
vn -0.2330 -0.1083 -0.9664
vn -0.9911 -0.1081 0.0778
vn 0.9187 0.3271 0.2215
vn -0.2226 -0.3125 -0.9234
vn 0.2226 -0.3125 0.9234
vn -0.4976 -0.3132 -0.8089
vn -0.6172 -0.3134 -0.7217
vn -0.7217 -0.3134 -0.6172
vn 0.8768 -0.3129 -0.3651
vn -0.3651 -0.3129 -0.8768
vn -0.9234 -0.3125 -0.2226
vn 0.9471 -0.3122 -0.0743
vn 0.0688 -0.4777 -0.8758
vn -0.2059 -0.4781 -0.8538
vn -0.8106 -0.4786 -0.3375
vn -0.6643 0.4858 -0.5681
vn 0.5705 -0.4792 -0.6670
vn 0.8639 -0.4586 -0.2083
vn -0.7477 -0.4790 -0.4599
vn -0.3375 -0.4786 0.8106
vn -0.8538 -0.4781 0.2059
vn -0.8758 -0.4777 -0.0688
vn -0.0626 0.5998 -0.7977
vn 0.1875 -0.5999 -0.7778
vn -0.3074 -0.6004 -0.7383
vn -0.4187 0.6012 -0.6807
vn 0.5195 -0.6010 -0.6074
vn 0.6074 -0.6010 -0.5195
vn -0.6809 -0.6008 -0.4189
vn -0.7383 -0.6004 0.3074
vn 0.7778 -0.5999 -0.1875
vn -0.7980 -0.5994 -0.0626
vn 0.0571 -0.6833 -0.7279
vn -0.1710 -0.6837 -0.7094
vn -0.2803 -0.6842 -0.6732
vn 0.1746 -0.6624 0.7286
vn 0.5616 0.8241 0.0746
vn -0.4736 -0.6848 0.5538
vn -0.3819 -0.6846 -0.6208
vn -0.6732 -0.6842 -0.2803
vn -0.7094 -0.6837 -0.1710
vn 0.7279 -0.6833 -0.0571
vn 0.6734 -0.7374 -0.0529
vn 0.6562 -0.7378 0.1582
vn -0.2593 -0.7382 0.6227
vn 0.1626 -0.7203 0.6743
vn -0.5122 -0.7388 0.4380
vn -0.5122 -0.7388 -0.4380
vn -0.5742 -0.7386 0.3532
vn 0.6227 -0.7382 -0.2593
vn 0.1582 -0.7378 -0.6562
vn 0.0529 -0.7374 0.6734
vn -0.0502 -0.7666 -0.6401
vn -0.1504 -0.7670 -0.6238
vn 0.5919 -0.7674 -0.2464
vn -0.5457 -0.7678 0.3357
vn -0.4163 -0.7680 -0.4868
vn 0.4868 -0.7680 -0.4163
vn 0.3357 -0.7678 -0.5457
vn 0.2464 -0.7674 -0.5919
vn -0.6238 -0.7670 -0.1504
vn 0.0502 -0.7666 0.6401
vn 0.6374 -0.7689 -0.0500
vn 0.5492 -0.8309 0.0899
vn -0.2454 -0.7697 -0.5894
vn -0.3343 -0.7700 -0.5434
vn -0.4146 -0.7702 -0.4847
vn -0.4847 -0.7702 -0.4146
vn 0.3343 -0.7700 -0.5434
vn -0.5894 -0.7697 -0.2454
vn -0.6212 -0.7692 -0.1498
vn -0.5142 -0.2055 0.8327
vn 0.1117 -0.9907 0.0772
vn 0.6743 -0.7203 -0.1626
vn -0.6399 -0.7208 0.2664
vn 0.5901 -0.7211 -0.3630
vn -0.4502 -0.7213 -0.5263
vn 0.4502 -0.7213 -0.5263
vn -0.5901 -0.7211 -0.3630
vn -0.2664 -0.7208 -0.6399
vn -0.6743 -0.7203 -0.1626
vn 0.0543 -0.7199 -0.6920
vn -0.0696 -0.4582 -0.8861
vn -0.8639 -0.4586 0.2083
vn -0.3415 -0.4591 -0.8201
vn -0.4654 -0.4595 -0.7565
vn -0.5772 -0.4597 -0.6749
vn 0.5772 -0.4597 -0.6749
vn 0.7565 -0.4595 -0.4654
vn 0.3415 -0.4591 -0.8201
vn 0.2083 -0.4586 -0.8639
vn 0.0696 -0.4582 0.8861
vn -0.0016 0.9970 -0.0775
vn -0.0015 0.9651 0.2617
vn 0.0011 -0.8727 0.4883
vn -0.0010 0.6619 0.7496
vn 0.0004 -0.2611 0.9653
vn -0.0004 0.2611 0.9653
vn -0.4933 -0.7101 0.5024
vn -0.6296 0.3918 -0.6709
vn 0.2968 0.8896 -0.3470
vn -0.0016 0.9970 0.0775
vn 0.0087 -0.9970 0.0773
vn -0.7058 0.5597 0.4342
vn 0.0082 -0.8732 0.4872
vn -0.8236 0.3944 0.4077
vn 0.2038 0.0984 0.9741
vn 0.0028 -0.2618 0.9651
vn -0.0076 0.6629 0.7487
vn -0.0104 0.8732 0.4873
vn 0.0087 -0.9653 0.2610
vn -0.0123 0.9969 0.0773
vn 0.3572 -0.3689 0.8581
vn 0.0263 -0.9652 0.2602
vn 0.0250 -0.8735 0.4861
vn -0.3090 0.9470 0.0880
vn 0.0084 -0.2621 0.9650
vn 0.0084 -0.2621 -0.9650
vn -0.0234 0.6628 0.7484
vn -0.0319 0.8727 0.4871
vn -0.7543 0.6485 0.1019
vn -0.0377 0.9963 0.0773
vn -0.7383 -0.6004 -0.3074
vn -0.0029 0.2618 0.9651
vn -0.1307 0.3589 -0.9242
vn -0.1400 0.1585 -0.9774
vn 0.0853 -0.6531 -0.7525
vn -0.0197 0.2601 0.9654
vn -0.0522 0.6587 0.7506
vn -0.0713 0.8688 0.4900
vn -0.2038 0.7329 -0.6491
vn -0.0845 0.9934 0.0780
vn -0.6903 0.7215 0.0542
vn 0.1116 -0.9588 0.2614
vn -0.2386 0.8216 -0.5177
vn 0.2214 -0.1837 0.9577
vn 0.2212 0.4370 0.8718
vn 0.0355 -0.2551 -0.9663
vn -0.1154 0.9893 -0.0893
vn 0.2821 -0.0819 0.9559
vn -0.1555 0.9504 0.2695
vn 0.0582 -0.6618 0.7474
vn 0.1982 -0.9770 0.0787
vn 0.3345 -0.8998 -0.2801
vn 0.3996 0.7764 -0.4874
vn -0.2910 -0.5898 -0.7533
vn -0.2168 0.5373 0.8150
vn 0.0607 -0.2411 -0.9686
vn 0.4023 0.0674 0.9130
vn 0.6128 -0.2129 0.7610
vn 0.1116 -0.9588 -0.2614
vn -0.6562 -0.7378 0.1582
vn 0.3370 -0.9379 0.0826
vn 0.3345 -0.8998 0.2801
vn -0.4355 0.5321 -0.7261
vn 0.5616 -0.3967 -0.7261
vn -0.1516 0.9515 0.2678
vn -0.3669 0.3995 0.8401
vn -0.1773 0.6749 0.7163
vn -0.1909 0.9666 0.1708
vn -0.4104 -0.4749 0.7785
vn -0.4747 0.8754 0.0914
vn -0.3101 0.8051 0.5056
vn 0.5383 -0.7863 0.3032
vn -0.3863 0.7423 -0.5475
vn 0.3609 -0.4650 0.8084
vn 0.3609 0.5635 -0.7431
vn -0.1231 0.4501 0.8844
vn -0.3899 0.4195 0.8197
vn 0.4340 0.6679 0.6046
vn -0.6664 0.6695 0.3281
vn -0.7071 0.7001 0.0993
vn 0.8092 -0.5792 0.0988
vn 0.0011 -0.8727 -0.4883
vn 0.5383 -0.7863 -0.3032
vn 0.4784 -0.2904 0.8287
vn 0.1750 -0.0991 0.9796
vn -0.1766 0.0939 0.9798
vn -0.4937 0.2489 0.8333
vn 0.8399 -0.4499 -0.3035
vn -0.8509 0.3997 0.3409
vn -0.0763 0.2199 0.9725
vn 0.9767 -0.1887 0.1027
vn -0.7230 0.5287 0.4447
vn -0.3891 0.8895 -0.2394
vn 0.5027 0.2568 -0.8255
vn 0.1966 -0.0299 0.9800
vn 0.1966 -0.0299 -0.9800
vn -0.5471 0.0738 0.8338
vn 0.3400 0.8523 -0.3976
vn -0.9330 0.1171 0.3402
vn 0.9619 0.1451 -0.2319
vn 0.8538 0.5119 -0.0948
vn -0.0015 0.9651 -0.2617
vn -0.0013 0.8727 -0.4883
vn -0.0010 0.6619 -0.7496
vn 0.4028 -0.9096 0.1022
vn -0.0004 0.2611 -0.9653
vn 0.0009 -0.6619 -0.7496
vn -0.0013 0.8727 0.4883
vn 0.0011 -0.9651 -0.2618
vn 0.0011 -0.9970 -0.0775
vn 0.0087 -0.9970 -0.0773
vn -0.0118 0.9652 -0.2611
vn 0.7582 0.5802 -0.2976
vn 0.0066 -0.6629 0.7486
vn -0.0029 0.2618 -0.9651
vn 0.0028 -0.2618 -0.9651
vn 0.0066 -0.6629 -0.7486
vn -0.0384 -0.9992 -0.0093
vn 0.0087 -0.9653 -0.2610
vn 0.9767 -0.1887 -0.1027
vn -0.6053 0.3643 -0.7077
vn -0.0361 0.9646 -0.2611
vn 0.5399 0.8026 0.2537
vn -0.2569 0.9338 0.2492
vn -0.0089 0.2619 -0.9650
vn -0.1366 0.8558 -0.4990
vn 0.0202 -0.6636 -0.7478
vn 0.1817 0.9810 0.0687
vn -0.2658 0.8852 0.3818
vn 0.0264 -0.9967 -0.0770
vn -0.8102 0.5527 0.1952
vn -0.0808 0.9614 -0.2632
vn -0.5881 0.3836 -0.7120
vn -0.3422 0.6895 0.6384
vn 0.0187 -0.2607 -0.9652
vn -0.0102 0.9528 0.3034
vn 0.0194 -0.2628 0.9646
vn 0.4281 0.8272 0.3640
vn 0.0538 -0.8701 0.4900
vn 0.0583 -0.9639 -0.2599
vn 0.0583 -0.9953 -0.0768
vn -0.1630 0.9834 -0.0800
vn -0.1262 0.9916 0.0289
vn -0.3770 -0.5288 -0.7604
vn -0.1390 0.8582 0.4941
vn -0.6618 0.4646 0.5883
vn 0.0288 0.2539 0.9668
vn -0.0459 0.9876 -0.1504
vn 0.4425 0.4529 -0.7740
vn 0.1027 -0.8624 0.4956
vn 0.0265 0.1851 0.9824
vn 0.1117 -0.9907 -0.0772
vn -0.2883 0.9538 -0.0844
vn -0.2741 0.9192 -0.2827
vn -0.4382 -0.7533 -0.4904
vn -0.2433 0.8246 0.5107
vn -0.3373 -0.5691 -0.7499
vn 0.2413 -0.5742 -0.7824
vn 0.3609 -0.4650 -0.8084
vn -0.4285 0.4147 0.8028
vn 0.1807 -0.8421 0.5082
vn 0.1978 -0.9432 -0.2670
vn 0.0011 -0.9651 0.2618
vn 0.1710 -0.6837 0.7094
vn -0.4491 0.8401 -0.3041
vn 0.6059 -0.7770 0.1707
vn -0.3938 0.7446 0.5389
vn -0.0535 0.2533 0.9659
vn -0.1857 0.4814 0.8566
vn 0.0572 0.9758 0.2110
vn -0.0726 0.3038 0.9500
vn 0.3013 -0.7915 0.5317
vn 0.0087 0.9789 0.2040
vn -0.3693 0.9011 -0.2272
vn 0.9391 -0.3324 -0.0875
vn 0.6243 0.7361 -0.2616
vn -0.5663 0.5851 -0.5805
vn -0.5725 0.3623 -0.7355
vn 0.3603 0.7036 0.6125
vn -0.1454 0.1603 0.9763
vn 0.1309 -0.1630 0.9779
vn -0.5433 0.5796 0.6074
vn 0.4885 -0.6734 -0.5548
vn 0.8306 -0.1558 -0.5346
vn 0.5492 -0.8309 -0.0899
vn -0.9027 0.4177 -0.1035
vn 0.0529 -0.7374 -0.6734
vn -0.7213 0.3488 -0.5984
vn -0.3796 0.8548 0.3539
vn -0.3893 0.9151 -0.1053
vn 0.5538 0.6729 -0.4905
vn -0.5663 0.5851 0.5805
vn 0.6786 -0.4415 -0.5871
vn 0.7771 -0.5366 -0.3290
vn 0.9248 -0.1722 0.3393
vn -0.9872 0.1219 -0.1031
vn 0.8106 -0.4786 -0.3375
vn -0.7948 0.1027 -0.5982
vn -0.1732 -0.1247 0.9770
vn -0.1968 0.0281 -0.9800
vn 0.6969 0.6610 -0.2781
vn 0.5453 -0.0890 -0.8335
vn 0.7900 -0.1385 -0.5973
vn 0.9248 -0.1722 -0.3393
vn -0.9849 -0.1548 -0.0773
vn 0.9913 0.0818 0.1029
vn 0.9374 0.0771 0.3395
vn 0.7994 0.0653 0.5973
vn -0.5471 0.0738 -0.8338
vn 0.1985 0.0160 0.9800
vn 0.1985 0.0160 -0.9800
vn -0.5511 -0.0438 0.8333
vn 0.7994 0.0653 -0.5973
vn 0.9374 0.0771 -0.3395
vn -0.9916 -0.0782 0.1029
vn 0.9711 0.2151 0.1032
vn 0.9037 -0.3685 0.2179
vn 0.7813 0.1765 0.5986
vn -0.5231 0.8513 -0.0411
vn -0.0180 0.9731 -0.2298
vn 0.1933 0.0449 0.9801
vn 0.3370 -0.9379 -0.0826
vn -0.5685 -0.6640 0.4858
vn 0.7122 -0.6944 -0.1027
vn -0.9667 -0.2342 0.1033
vn 0.0774 0.1449 -0.9864
vn -0.4580 0.4856 -0.7446
vn -0.2883 0.9538 0.0844
vn 0.5200 0.1921 0.8323
vn 0.1867 0.0710 0.9798
vn -0.6002 -0.5826 -0.5479
vn -0.4357 -0.8966 -0.0787
vn -0.7434 -0.3024 0.5965
vn -0.0377 0.9963 -0.0773
vn -0.9188 -0.3810 0.1027
vn -0.5120 -0.2096 0.8330
vn -0.7787 -0.1870 0.5989
vn 0.7277 0.3580 0.5851
vn 0.5027 0.2568 0.8255
vn 0.1808 0.0960 0.9788
vn 0.2213 0.9567 -0.1892
vn -0.4898 -0.2781 0.8263
vn -0.6996 -0.4072 0.5871
vn -0.2184 0.3633 -0.9057
vn 0.9911 -0.1081 -0.0778
vn 0.8538 0.5119 0.0948
vn 0.6401 -0.7666 -0.0502
vn 0.1884 -0.7239 0.6637
vn -0.0815 0.2428 -0.9667
vn -0.4390 -0.4132 -0.7979
vn -0.4500 0.7945 0.4078
vn 0.1746 0.9788 -0.1074
vn -0.6512 -0.5006 0.5703
vn -0.4748 0.4230 0.7718
vn -0.7797 -0.6187 0.0960
vn -0.8723 0.3275 -0.3632
vn 0.7582 0.5802 0.2976
vn -0.6664 0.6695 -0.3281
vn 0.5785 -0.0300 -0.8151
vn 0.2953 -0.4360 0.8501
vn -0.1675 -0.1517 0.9741
vn -0.4390 -0.4132 0.7979
vn -0.6002 -0.5826 0.5479
vn -0.6765 -0.6713 0.3029
vn -0.3803 0.1453 0.9134
vn 0.7299 0.6786 0.0824
vn 0.6969 0.6610 0.2781
vn -0.7317 0.5052 -0.4575
vn 0.4425 0.4529 0.7740
vn 0.1651 0.1766 0.9703
vn -0.1607 -0.1792 0.9706
vn -0.1555 0.9504 -0.2695
vn -0.5475 -0.6528 0.5236
vn 0.8093 0.4953 0.3158
vn -0.6279 -0.7736 0.0853
vn -0.7838 0.5283 -0.3263
vn 0.6243 0.7361 0.2616
vn 0.5538 0.6729 0.4905
vn -0.0089 0.2619 0.9650
vn -0.3826 -0.7811 0.4934
vn -0.1508 -0.2049 0.9671
vn -0.3770 -0.5288 0.7604
vn -0.5265 0.6088 0.5935
vn -0.5422 -0.7950 0.2718
vn -0.5579 -0.8260 0.0808
vn 0.6208 -0.6846 -0.3819
vn 0.6118 0.6006 0.5148
vn -0.3450 0.7986 0.4932
vn 0.2700 0.6787 -0.6830
vn -0.0824 0.9953 -0.0511
vn -0.1360 -0.2243 0.9650
vn -0.3373 -0.5691 0.7499
vn -0.4382 -0.7533 0.4904
vn 0.0583 -0.9639 0.2599
vn -0.4937 -0.8661 0.0783
vn -0.4835 0.8519 -0.2013
vn 0.1978 -0.9432 0.2670
vn -0.3167 0.3618 -0.8768
vn -0.1772 0.2968 0.9383
vn 0.1148 0.2293 -0.9666
vn 0.1191 0.2352 -0.9646
vn -0.1136 -0.2292 -0.9667
vn -0.1175 -0.2348 -0.9649
vn -0.2910 -0.5898 0.7533
vn 0.6695 -0.1009 0.7359
vn -0.4223 -0.8667 0.2655
vn -0.4357 -0.8966 0.0787
vn 0.9913 0.0818 -0.1029
vn -0.9377 -0.0740 -0.3395
vn -0.7995 -0.0633 -0.5973
vn 0.5511 0.0447 0.8333
vn -0.1985 -0.0159 -0.9800
vn 0.6958 0.4410 0.5669
vn 0.5511 0.0447 -0.8333
vn -0.8509 0.3997 -0.3409
vn 0.9039 0.4218 0.0710
vn -0.6431 0.1455 0.7519
vn -0.8540 -0.5105 0.1003
vn -0.9139 -0.2207 -0.3408
vn -0.7787 -0.1870 -0.5989
vn -0.5363 -0.1277 -0.8343
vn -0.1931 -0.0455 -0.9801
vn 0.1933 0.0449 -0.9801
vn 0.5375 0.1232 -0.8342
vn 0.6376 -0.6636 -0.3912
vn 0.9177 0.2048 -0.3405
vn -0.7797 -0.6187 -0.0960
vn -0.3821 -0.1084 -0.9177
vn -0.8699 -0.3584 -0.3390
vn -0.8219 -0.5661 -0.0642
vn -0.5142 -0.2055 -0.8327
vn -0.1860 -0.0726 -0.9799
vn -0.2271 -0.9543 0.1942
vn -0.4223 0.9007 0.1018
vn 0.7561 0.2715 -0.5955
vn 0.8882 0.3113 -0.3379
vn 0.9402 0.3248 -0.1023
vn -0.8540 -0.5105 -0.1003
vn -0.8117 -0.4808 -0.3317
vn 0.8521 0.4064 0.3297
vn 0.2675 -0.8598 0.4349
vn -0.1792 -0.0986 -0.9789
vn -0.5511 -0.0438 -0.8333
vn 0.9239 -0.2326 -0.3037
vn 0.0151 -0.9992 -0.0364
vn 0.8521 0.4064 -0.3297
vn 0.9011 0.4219 -0.0995
vn -0.9916 -0.0782 -0.1029
vn -0.7456 -0.5851 -0.3191
vn -0.2664 -0.7208 0.6399
vn -0.4649 -0.3471 -0.8145
vn -0.1732 -0.1247 -0.9770
vn 0.1759 0.1215 -0.9769
vn 0.4857 0.3211 -0.8130
vn 0.6958 0.4410 -0.5669
vn 0.8093 0.4953 -0.3158
vn 0.4822 -0.8687 -0.1134
vn -0.7028 -0.7056 -0.0907
vn -0.8861 -0.4582 -0.0696
vn 0.5103 -0.8590 0.0401
vn -0.8807 0.4639 -0.0953
vn -0.0808 0.9614 0.2632
vn 0.1712 0.1485 -0.9740
vn 0.4669 0.3869 -0.7952
vn 0.6582 0.5221 -0.5423
vn -0.0660 -0.9977 0.0159
vn 0.7971 0.5973 -0.0888
vn 0.2516 -0.9601 -0.1223
vn -0.6080 -0.7406 -0.2860
vn 0.1270 -0.4703 0.8733
vn -0.4104 -0.4749 -0.7785
vn 0.1734 -0.7596 0.6268
vn -0.8690 0.3436 -0.3561
vn 0.1750 -0.0991 -0.9796
vn 0.6118 0.6006 -0.5148
vn -0.0008 0.1661 -0.9861
vn 0.8419 0.4103 0.3505
vn -0.5981 0.3914 -0.6993
vn -0.1968 0.0281 0.9800
vn -0.4933 -0.7101 -0.5024
vn 0.4687 -0.7650 0.4417
vn 0.2859 -0.7045 0.6496
vn 0.4083 0.5146 -0.7540
vn 0.1595 0.2129 0.9640
vn 0.4028 0.4978 0.7681
vn -0.0238 0.9834 0.1800
vn -0.1675 -0.1517 -0.9741
vn 0.6514 0.7548 -0.0771
vn -0.3130 -0.5805 -0.7517
vn -0.4802 -0.8365 -0.2639
vn 0.0556 -0.8721 -0.4862
vn 0.1121 -0.4600 0.8808
vn -0.4087 0.3579 0.8396
vn -0.0719 0.4776 0.8756
vn 0.1421 0.2312 0.9625
vn 0.7946 0.5479 -0.2617
vn 0.4831 0.7248 0.4912
vn 0.5399 0.8026 -0.2537
vn 0.5616 0.8241 -0.0746
vn 0.2317 -0.8890 -0.3950
vn 0.4711 -0.0744 -0.8789
vn -0.3826 -0.7811 -0.4934
vn 0.1348 0.0460 -0.9898
vn -0.1161 -0.2344 0.9652
vn -0.0634 0.2379 -0.9692
vn -0.2635 0.6143 0.7438
vn -0.4223 -0.8667 -0.2655
vn 0.4460 0.8553 0.2638
vn 0.4616 0.8838 -0.0769
vn -0.0835 0.9887 0.1242
vn -0.0834 0.9126 0.4002
vn 0.1567 -0.9543 0.2547
vn -0.0361 0.9646 0.2611
vn -0.0008 0.1661 0.9861
vn 0.3958 -0.6667 -0.6315
vn 0.7490 -0.6481 -0.1374
vn -0.5422 -0.7950 -0.2718
vn 0.2317 -0.8890 0.3950
vn 0.2516 -0.9601 0.1223
vn -0.2913 0.9494 0.1175
vn -0.1985 -0.0159 0.9800
vn -0.2038 0.7329 0.6491
vn -0.1028 0.4903 0.8655
vn -0.2837 0.9558 0.0765
vn 0.1660 -0.1388 0.9763
vn 0.4669 0.3869 0.7952
vn 0.3958 -0.6667 0.6315
vn 0.4571 -0.8091 0.3693
vn 0.4822 -0.8687 0.1134
vn -0.5390 0.8350 0.1107
vn 0.1660 -0.1388 -0.9763
vn -0.3730 0.6807 0.6305
vn 0.6422 -0.4958 0.5846
vn 0.0477 0.2106 0.9764
vn -0.3899 0.4195 -0.8197
vn 0.4766 -0.3414 0.8101
vn 0.6105 -0.5328 0.5860
vn 0.6843 -0.6468 0.3368
vn 0.7122 -0.6944 0.1027
vn 0.0263 -0.9652 -0.2602
vn -0.2111 0.7387 0.6401
vn -0.3553 0.4754 0.8048
vn -0.5433 0.5793 -0.6077
vn -0.5434 0.4471 -0.7105
vn -0.5386 0.4550 -0.7092
vn -0.1665 0.9754 0.1447
vn 0.6178 -0.2260 -0.7532
vn -0.1607 -0.1792 -0.9706
vn 0.8399 -0.4499 0.3035
vn 0.8681 -0.4877 0.0921
vn -0.8807 0.4639 0.0953
vn 0.2156 0.1687 -0.9618
vn -0.1215 0.7735 0.6220
vn -0.6600 0.4601 -0.5939
vn 0.2973 0.3819 0.8751
vn 0.6523 -0.0376 0.7570
vn 0.5570 -0.6004 0.5739
vn 0.6804 -0.1179 -0.7232
vn 0.0004 -0.2611 -0.9653
vn 0.4857 0.3211 0.8130
vn 0.9391 -0.3324 0.0875
vn -0.9325 0.3480 0.0963
vn 0.1232 0.9768 0.1751
vn -0.3386 0.6620 0.6687
vn -0.7016 0.3766 -0.6049
vn -0.1893 0.3435 -0.9199
vn -0.8205 0.4723 0.3220
vn 0.5466 -0.0174 -0.8372
vn 0.6713 -0.0592 -0.7388
vn 0.8306 -0.1558 0.5346
vn 0.9239 -0.2326 0.3037
vn 0.7838 -0.5294 0.3248
vn 0.6843 -0.6468 -0.3368
vn -0.8690 0.3436 0.3561
vn -0.6920 0.3630 0.6240
vn -0.6789 0.3494 -0.6457
vn -0.4129 0.3454 -0.8428
vn 0.5185 0.0386 -0.8542
vn 0.2907 0.1199 0.9493
vn 0.5785 -0.0300 0.8151
vn 0.7837 -0.1638 0.5992
vn 0.0500 -0.7689 0.6374
vn 0.9470 -0.3028 0.1069
vn -0.9166 0.3789 0.1274
vn 0.7771 -0.5366 0.3290
vn -0.6296 0.3918 0.6709
vn 0.6582 0.5221 0.5423
vn -0.0815 0.2428 0.9667
vn -0.6906 0.7063 -0.1556
vn 0.4711 -0.0744 0.8789
vn 0.6914 -0.2453 0.6796
vn 0.8325 -0.3743 0.4084
vn -0.6513 -0.5006 -0.5703
vn -0.8419 0.5185 0.1493
vn -0.7317 0.5052 0.4575
vn 0.5019 -0.1113 -0.8577
vn 0.2568 -0.0650 0.9643
vn 0.3718 -0.0042 0.9283
vn -0.1376 0.9627 0.2330
vn 0.0955 -0.2128 -0.9724
vn 0.0510 0.2364 0.9703
vn -0.1508 -0.2049 -0.9671
vn 0.7490 -0.6481 0.1374
vn -0.6906 0.7063 0.1556
vn -0.0920 0.2261 -0.9698
vn -0.4535 0.5830 -0.6741
vn -0.4214 0.5021 -0.7552
vn -0.2816 0.4254 -0.8601
vn -0.2485 0.3551 -0.9012
vn -0.0938 0.2013 -0.9750
vn -0.0828 0.1785 -0.9805
vn 0.1040 -0.0871 -0.9907
vn 0.0841 -0.0438 -0.9955
vn 0.2877 -0.3980 -0.8711
vn 0.2526 -0.3116 -0.9160
vn 0.4191 -0.6499 -0.6340
vn 0.3977 -0.5779 -0.7126
vn 0.4865 -0.7820 0.3896
vn 0.5131 -0.8502 0.1179
vn 0.0011 -0.9970 0.0775
vn 0.5780 0.8042 -0.1384
vn 0.1884 -0.7239 -0.6637
vn 0.1270 -0.4703 -0.8733
vn 0.0599 -0.1612 -0.9851
vn 0.7837 -0.1638 -0.5992
vn -0.0468 0.4786 -0.8768
vn -0.0738 0.7393 -0.6693
vn -0.7434 -0.3024 -0.5965
vn -0.3749 0.2204 -0.9005
vn -0.6238 0.2808 0.7294
vn 0.9012 -0.2577 0.3486
vn 0.9096 -0.2989 0.2886
vn 0.2953 -0.4360 -0.8501
vn 0.6786 -0.4415 0.5871
vn 0.0265 0.1851 -0.9824
vn 0.0009 -0.6619 0.7496
vn -0.4802 -0.8365 0.2639
vn -0.2658 0.8852 -0.3818
vn 0.2125 0.4222 0.8813
vn 0.0264 -0.9967 0.0770
vn 0.5453 -0.0890 0.8335
vn -0.2004 0.2982 0.9332
vn 0.0202 -0.6636 0.7478
vn 0.2821 -0.0819 -0.9559
vn 0.3886 -0.4068 0.8267
vn -0.1857 0.4814 -0.8566
vn 0.5709 0.8003 -0.1835
vn -0.4895 0.7926 -0.3636
vn 0.4458 0.8521 -0.2742
vn -0.8201 -0.4591 -0.3415
vn 0.0599 -0.1612 0.9851
vn 0.7628 -0.3618 -0.5359
vn 0.6949 -0.5674 -0.4418
vn -0.2713 0.5422 -0.7953
vn 0.1396 0.2241 -0.9645
vn -0.1711 0.6116 -0.7724
vn 0.4741 -0.2929 0.8303
vn -0.6937 0.6349 -0.3402
vn -0.7543 0.6485 -0.1019
vn -0.8758 -0.4777 0.0688
vn 0.9096 -0.2989 -0.2886
vn 0.8291 -0.2238 -0.5123
vn 0.3125 -0.7943 -0.5211
vn -0.0120 0.2587 0.9659
vn -0.4826 0.7639 -0.4285
vn 0.4865 -0.7820 -0.3896
vn -0.0993 0.6450 -0.7577
vn -0.8205 0.4723 -0.3220
vn -0.7213 0.3488 0.5984
vn 0.9589 -0.2682 -0.0923
vn -0.0468 0.4786 0.8768
vn 0.5131 -0.8502 -0.1179
vn 0.4885 -0.6734 0.5548
vn 0.1369 -0.1649 -0.9768
vn -0.1360 -0.2243 -0.9650
vn -0.0000 -0.0000 1.0000
vn -0.5949 0.6529 -0.4689
vn -0.8710 0.3682 -0.3253
vn 0.1759 0.1215 0.9769
vn 0.1991 0.5278 0.8257
vn 0.9012 -0.2577 -0.3486
vn -0.9325 0.3480 -0.0963
vn -0.4937 0.2489 -0.8333
vn -0.2984 0.9123 0.2805
vn -0.0535 0.2533 -0.9659
vn 0.7415 -0.6357 -0.2148
vn -0.2380 0.9691 0.0646
vn -0.9414 0.3197 -0.1074
vn 0.8903 -0.4373 -0.1268
vn 0.1712 0.1485 0.9740
vn 0.4451 0.8568 -0.2604
vn 0.4095 -0.8339 0.3702
vn 0.2038 0.0984 -0.9741
vn -0.5475 -0.6528 -0.5236
vn -0.3676 0.3431 -0.8644
vn -0.3676 0.3431 0.8644
vn -0.8236 0.3944 -0.4077
vn -0.2273 0.8047 0.5485
vn -0.0076 0.6629 -0.7487
vn 0.1063 -0.8655 -0.4895
vn 0.6770 -0.5640 0.4728
vn 0.0342 -0.4907 0.8707
vn -0.2121 0.8849 0.4146
vn 0.5350 -0.8319 -0.1472
vn 0.0250 -0.8735 -0.4861
vn 0.5167 0.6065 -0.6043
vn -0.5733 0.4525 0.6831
vn 0.6105 -0.5328 -0.5860
vn -0.5894 -0.7697 0.2454
vn -0.2741 0.9192 0.2827
vn -0.3400 0.8846 -0.3191
vn 0.4294 -0.6310 0.6461
vn 0.3898 -0.6000 0.6986
vn 0.2928 -0.3735 0.8802
vn 0.2502 -0.3377 0.9074
vn -0.1075 0.9305 0.3502
vn 0.0840 -0.0573 0.9948
vn -0.0989 0.2077 -0.9732
vn 0.1874 -0.8457 -0.4997
vn -0.4895 0.7926 0.3636
vn -0.6187 0.6517 0.4387
vn 0.8325 -0.3743 -0.4084
vn -0.0870 0.9961 0.0161
vn -0.4147 0.8261 -0.3816
vn -0.3640 0.6649 -0.6523
vn -0.3683 0.6243 -0.6889
vn -0.2314 0.4923 -0.8391
vn -0.2281 0.4539 -0.8614
vn -0.0816 0.2447 -0.9662
vn -0.0793 0.2307 -0.9698
vn 0.0838 -0.0865 -0.9927
vn 0.0798 -0.0625 -0.9948
vn 0.2381 -0.4449 -0.8634
vn 0.2340 -0.4006 -0.8859
vn 0.3399 -0.7166 -0.6090
vn 0.3438 -0.6858 -0.6414
vn 0.0043 0.0669 0.9978
vn 0.6258 -0.7592 0.1787
vn -0.4746 0.8712 0.1254
vn -0.0372 0.2535 -0.9666
vn -0.3139 0.7488 -0.5837
vn -0.3188 0.7228 -0.6131
vn -0.2030 0.6182 -0.7594
vn -0.2021 0.5959 -0.7772
vn -0.0757 0.4242 -0.9024
vn -0.0755 0.4229 -0.9030
vn 0.0776 0.1331 -0.9881
vn 0.0716 0.1687 -0.9831
vn 0.2457 -0.2522 -0.9359
vn 0.2386 -0.1874 -0.9529
vn 0.3741 -0.6080 -0.7003
vn 0.3786 -0.5584 -0.7381
vn 0.4323 -0.8124 -0.3913
vn 0.4431 -0.7939 -0.4164
vn 0.4517 -0.8842 0.1192
vn -0.3893 0.9151 0.1053
vn 0.3613 -0.1726 -0.9163
vn -0.2593 0.8320 -0.4904
vn -0.2632 0.8190 -0.5099
vn -0.1714 0.7466 -0.6429
vn -0.1715 0.7390 -0.6515
vn -0.0697 0.6179 -0.7832
vn -0.0711 0.6283 -0.7747
vn 0.0622 0.4066 -0.9115
vn 0.0536 0.4518 -0.8905
vn 0.2386 0.0564 -0.9695
vn 0.2239 0.1475 -0.9634
vn 0.4167 -0.3923 -0.8200
vn 0.4171 -0.2996 -0.8580
vn 0.5081 -0.7146 -0.4808
vn 0.5254 -0.6760 -0.5166
vn 0.2119 0.1226 -0.9696
vn -0.5516 0.8222 0.1404
vn -0.2304 0.8687 0.4386
vn -0.1929 0.9136 -0.3579
vn -0.1942 0.9112 -0.3632
vn -0.1322 0.8720 -0.4713
vn -0.1318 0.8755 -0.4649
vn -0.0615 0.8110 -0.5819
vn -0.0638 0.8267 -0.5590
vn 0.0339 0.7098 -0.7036
vn 0.0234 0.7490 -0.6622
vn 0.1848 0.5177 -0.8353
vn 0.1592 0.6025 -0.7821
vn 0.4242 0.1387 -0.8949
vn 0.3920 0.2900 -0.8731
vn 0.6554 -0.3747 -0.6558
vn 0.6696 -0.2504 -0.6992
vn -0.1028 0.4903 -0.8655
vn -0.2904 0.7800 0.5544
vn -0.0994 0.9834 -0.1520
vn -0.0956 0.9859 -0.1376
vn -0.0767 0.9750 -0.2084
vn -0.0748 0.9800 -0.1846
vn -0.0485 0.9673 0.2488
vn 0.3681 0.1109 0.9231
vn 0.0502 0.9314 0.3605
vn -0.1766 0.0939 -0.9798
vn 0.1651 0.1766 -0.9703
vn 0.5709 0.8003 0.1835
vn 0.1817 0.9810 -0.0687
vn 0.1232 0.9768 -0.1751
vn 0.0572 0.9758 -0.2110
vn 0.0087 0.9789 -0.2040
vn -0.0238 0.9834 -0.1800
vn 0.2651 0.4197 0.8681
vn -0.0594 0.9918 0.1128
vn -0.0642 0.9901 0.1250
vn -0.0714 0.9940 0.0824
vn -0.0485 0.9673 -0.2488
vn -0.0806 0.9955 0.0500
vn -0.1933 0.3954 0.8980
vn -0.0870 0.9961 -0.0160
vn 0.8291 -0.2238 0.5123
vn 0.0989 -0.7821 0.6152
vn 0.6321 -0.3599 0.6862
vn 0.1127 0.7457 0.6567
vn 0.1129 0.7418 0.6610
vn 0.0093 0.7989 0.6014
vn 0.0092 0.7983 0.6022
vn -0.0668 0.8453 0.5300
vn -0.0664 0.8463 0.5286
vn -0.1284 0.8876 0.4422
vn -0.1272 0.8889 0.4400
vn -0.0522 0.6587 -0.7506
vn 0.4517 -0.8842 -0.1192
vn -0.2380 0.9691 -0.0646
vn 0.2907 0.1199 -0.9493
vn 0.6620 -0.1266 0.7388
vn -0.7080 0.3851 0.5919
vn 0.3897 0.1144 0.9138
vn 0.3933 0.1415 0.9085
vn 0.1862 0.3171 0.9299
vn 0.1887 0.3358 0.9228
vn 0.0389 0.4831 0.8747
vn 0.0413 0.4937 0.8686
vn -0.0743 0.6247 0.7773
vn -0.0721 0.6297 0.7735
vn -0.1653 0.7475 0.6434
vn 0.0650 -0.4821 0.8737
vn -0.8710 0.3682 0.3253
vn -0.2854 0.9159 0.2823
vn -0.3090 0.9470 -0.0880
vn -0.0234 0.6628 -0.7484
vn 0.4827 0.7337 -0.4782
vn 0.3925 -0.2845 0.8746
vn 0.1554 0.2035 -0.9667
vn 0.2128 -0.0488 0.9759
vn -0.2835 0.4480 0.8479
vn 0.0590 0.1825 0.9814
vn -0.0197 0.2601 -0.9654
vn -0.0738 0.4059 0.9109
vn 0.3566 -0.6548 0.6664
vn -0.1879 0.6099 0.7698
vn -0.2774 0.7754 0.5673
vn -0.3304 0.8830 0.3333
vn -0.3333 0.8826 0.3315
vn 0.1791 -0.4125 0.8932
vn 0.6258 -0.7592 -0.1787
vn 0.5435 -0.6554 0.5245
vn 0.3925 -0.4849 0.7816
vn 0.2313 -0.2787 0.9321
vn 0.0757 -0.0438 0.9962
vn -0.0739 0.2199 0.9727
vn -0.4042 0.3391 0.8495
vn -0.2100 0.4897 0.8462
vn -0.2579 0.8093 0.5277
vn -0.3662 0.8551 0.3669
vn 0.7369 -0.6382 -0.2229
vn 0.4028 -0.9096 -0.1022
vn 0.3950 -0.8522 0.3431
vn 0.6914 -0.2453 -0.6796
vn 0.3490 -0.6980 0.6253
vn 0.0477 0.2106 -0.9764
vn 0.2416 -0.4169 0.8763
vn 0.2310 -0.4291 0.8732
vn 0.0839 -0.0705 0.9940
vn 0.0799 -0.0783 0.9937
vn -0.0818 0.2350 0.9685
vn -0.0792 0.2403 0.9675
vn -0.2353 0.4653 0.8533
vn 0.5300 -0.6637 -0.5279
vn -0.3761 0.6358 0.6740
vn 0.0448 -0.6617 -0.7484
vn -0.4938 0.7565 0.4289
vn -0.9414 0.3197 0.1074
vn -0.5516 0.8222 -0.1404
vn 0.4766 -0.3414 -0.8101
vn -0.3730 0.6807 -0.6305
vn 0.3680 -0.5934 0.7159
vn 0.2480 -0.2073 0.9463
vn 0.2370 -0.2335 0.9430
vn 0.0770 0.1587 0.9843
vn 0.0723 0.1429 0.9871
vn -0.0757 0.4232 0.9029
vn -0.0755 0.4239 0.9026
vn -0.1993 0.6128 0.7647
vn 0.0681 0.0547 0.9962
vn -0.0319 0.8727 -0.4871
vn 0.0518 -0.7900 0.6109
vn 0.5396 -0.8292 0.1460
vn -0.6937 0.6349 0.3402
vn 0.5050 -0.7069 0.4952
vn 0.4275 -0.3240 0.8439
vn 0.4074 -0.3721 0.8340
vn 0.2360 0.1260 0.9636
vn 0.2274 0.0762 0.9708
vn 0.0603 0.4419 0.8950
vn 0.0557 0.4160 0.9076
vn -0.0693 0.6261 0.7767
vn -0.0714 0.6199 0.7814
vn -0.1729 0.7407 0.6492
vn -0.1701 0.7451 0.6449
vn 0.3001 0.5895 -0.7500
vn 0.3409 0.8528 0.3956
vn -0.4746 0.8712 -0.1254
vn 0.7308 -0.6478 0.2152
vn 0.6789 -0.2714 0.6822
vn 0.6469 -0.3611 0.6716
vn 0.4104 0.2661 0.8722
vn 0.4079 0.1587 0.8991
vn 0.1721 0.5901 0.7888
vn 0.1724 0.5292 0.8308
vn 0.0305 0.7432 0.6684
vn 0.0270 0.7149 0.6987
vn -0.0605 0.8243 0.5629
vn -0.0647 0.8130 0.5786
vn -0.1310 0.8749 0.4662
vn -0.2324 0.3236 -0.9172
vn -0.2837 0.9558 -0.0765
vn 0.0276 0.1382 0.9900
vn 0.3409 0.8528 -0.3956
vn 0.1553 0.8994 -0.4087
vn 0.1744 0.1944 -0.9653
vn -0.0102 0.9528 -0.3034
vn -0.2484 0.9408 -0.2307
vn -0.0793 0.9753 0.2061
vn -0.1010 0.9835 0.1499
vn -0.1177 0.9889 0.0908
vn -0.1262 0.9916 -0.0289
vn 0.1554 0.8993 0.4087
vn 0.1486 -0.6292 -0.7629
vn -0.0751 0.9930 -0.0909
vn -0.0724 0.9942 -0.0801
vn -0.0624 0.9900 -0.1265
vn -0.0612 0.9920 -0.1105
vn -0.0459 0.9876 0.1504
vn 0.4784 -0.2904 -0.8287
vn 0.7628 -0.3618 0.5359
vn -0.0713 0.8688 -0.4900
vn 0.0502 0.9314 -0.3605
vn -0.4491 0.8401 0.3041
vn -0.3929 0.9129 -0.1107
vn -0.2169 0.9551 -0.2018
vn -0.2180 0.9542 -0.2047
vn -0.1785 0.9268 -0.3304
vn -0.1793 0.9250 -0.3350
vn -0.1278 0.8893 -0.4391
vn -0.1279 0.8871 -0.4434
vn -0.0667 0.8465 -0.5282
vn -0.0665 0.8450 -0.5306
vn 0.0094 0.7982 -0.6023
vn 0.0091 0.7990 -0.6012
vn 0.1138 0.7415 -0.6612
vn 0.1117 0.7463 -0.6562
vn 0.2700 0.6787 0.6830
vn 0.5167 0.6065 0.6043
vn 0.7946 0.5479 0.2616
vn -0.3559 0.9289 -0.1023
vn -0.2854 0.9159 -0.2821
vn -0.2856 0.9158 -0.2825
vn -0.2362 0.8484 -0.4737
vn -0.2364 0.8471 -0.4759
vn -0.1647 0.7505 -0.6401
vn -0.1643 0.7460 -0.6454
vn -0.0742 0.6322 -0.7713
vn -0.0723 0.6217 -0.7799
vn 0.0378 0.4976 -0.8666
vn 0.0424 0.4781 -0.8773
vn 0.1836 0.3408 -0.9220
vn 0.1913 0.3103 -0.9312
vn 0.3870 0.1468 -0.9103
vn 0.3960 0.1066 -0.9120
vn 0.6637 -0.0942 -0.7421
vn 0.6670 -0.1327 -0.7332
vn 0.9054 -0.3139 0.2859
vn -0.3559 0.9289 0.1023
vn -0.3325 0.8813 -0.3357
vn -0.3311 0.8843 -0.3291
vn -0.2759 0.7729 -0.5715
vn -0.2757 0.7788 -0.5635
vn -0.1870 0.6084 -0.7713
vn -0.1876 0.6124 -0.7680
vn -0.0738 0.4111 -0.9086
vn -0.0721 0.4028 -0.9124
vn 0.0581 0.2020 -0.9776
vn 0.0646 0.1724 -0.9829
vn 0.2119 -0.0128 -0.9772
vn 0.2222 -0.0649 -0.9728
vn 0.3962 -0.2391 -0.8865
vn 0.4033 -0.3021 -0.8637
vn 0.6006 -0.4691 -0.6474
vn 0.5946 -0.5174 -0.6155
vn 0.7369 -0.6382 0.2229
vn -0.3929 0.9129 0.1107
vn -0.3708 0.8510 -0.3718
vn -0.3681 0.8592 -0.3553
vn -0.3086 0.7048 -0.6387
vn -0.3094 0.7243 -0.6161
vn -0.2042 0.4786 -0.8540
vn -0.2083 0.5017 -0.8396
vn -0.0724 0.2171 -0.9735
vn -0.0739 0.2236 -0.9719
vn 0.0701 -0.0341 -0.9970
vn 0.0757 -0.0582 -0.9954
vn 0.2191 -0.2595 -0.9406
vn 0.2289 -0.3106 -0.9226
vn 0.3781 -0.4639 -0.8011
vn 0.3826 -0.5227 -0.7618
vn 0.3896 -0.8540 -0.3450
vn 0.9054 -0.3139 -0.2859
vn 0.0439 0.9990 -0.0034
vn 0.0428 0.9990 -0.0102
vn 0.0405 0.9990 -0.0168
vn 0.0374 0.9990 -0.0229
vn 0.0333 0.9990 -0.0285
vn 0.0284 0.9990 -0.0333
vn 0.0229 0.9990 -0.0374
vn 0.0168 0.9990 -0.0406
vn 0.0102 0.9990 -0.0428
vn 0.0034 0.9990 -0.0439
vn -0.2044 0.9788 0.0159
vn 0.0477 0.9788 0.1991
vn 0.0789 0.9787 0.1894
vn -0.1740 0.9789 -0.1067
vn -0.1325 0.9790 -0.1551
vn -0.1551 0.9790 -0.1325
vn -0.1740 0.9789 0.1067
vn -0.1888 0.9789 -0.0782
vn -0.0477 0.9788 0.1991
vn 0.0146 0.9824 0.1862
vn -0.5931 0.8038 -0.0462
vn -0.5780 0.8042 0.1384
vn -0.5485 0.8047 -0.2273
vn -0.3101 0.8051 -0.5056
vn -0.3851 0.8053 0.4507
vn 0.3851 0.8053 0.4507
vn -0.5056 0.8051 0.3101
vn 0.5485 0.8047 -0.2273
vn -0.5780 0.8042 -0.1384
vn 0.4717 -0.8596 0.1964
vn -0.0776 0.0043 -0.9970
vn 0.2329 0.0043 -0.9725
vn -0.9238 0.0042 0.3828
vn -0.5229 0.0042 -0.8524
vn 0.7589 0.0528 -0.6491
vn 0.6496 0.0041 0.7603
vn 0.8524 0.0042 0.5229
vn -0.3828 0.0042 0.9238
vn -0.9725 0.0043 -0.2329
vn 0.9970 0.0043 0.0776
vn -0.0659 -0.5281 -0.8466
vn 0.8255 -0.5287 0.1977
vn -0.7838 -0.5294 0.3248
vn -0.7228 -0.5300 0.4434
vn -0.6446 -0.5303 -0.5508
vn -0.5508 -0.5303 -0.6446
vn 0.6514 0.7548 0.0771
vn -0.3248 -0.5294 0.7838
vn 0.8255 -0.5287 -0.1977
vn -0.8466 -0.5281 0.0659
vn -0.7474 -0.6618 0.0582
vn -0.7286 -0.6624 0.1746
vn 0.6915 -0.6631 0.2867
vn 0.6376 -0.6636 0.3912
vn -0.5685 -0.6640 -0.4858
vn -0.4858 -0.6640 0.5685
vn -0.3912 -0.6636 -0.6376
vn 0.2867 -0.6631 0.6915
vn 0.7286 -0.6624 -0.1746
vn -0.0582 -0.6618 0.7474
vn -0.7424 -0.6674 0.0579
vn -0.7237 -0.6680 -0.1735
vn 0.2849 -0.6687 -0.6868
vn -0.6332 -0.6693 -0.3887
vn -0.5646 -0.6696 0.4825
vn 0.6332 -0.6693 0.3887
vn 0.6915 -0.6631 -0.2867
vn -0.2849 -0.6687 0.6868
vn 0.1735 -0.6680 0.7237
vn 0.0579 -0.6674 0.7424
vn -0.0642 -0.5661 0.8219
vn 0.6074 -0.6010 0.5195
vn -0.3157 -0.5675 0.7604
vn -0.7012 -0.5682 0.4307
vn 0.6253 -0.5685 0.5345
vn 0.5345 -0.5685 0.6253
vn -0.4307 -0.5682 0.7012
vn 0.7604 -0.5675 0.3157
vn -0.1924 -0.5667 -0.8011
vn -0.0642 -0.5661 -0.8219
vn 0.0764 -0.2079 0.9752
vn -0.9509 -0.2084 0.2288
vn -0.3754 -0.2091 -0.9030
vn 0.5120 -0.2096 0.8330
vn 0.6354 -0.2099 0.7431
vn -0.6354 -0.2099 -0.7431
vn 0.8330 -0.2096 0.5120
vn 0.9030 -0.2091 -0.3754
vn -0.2288 -0.2084 0.9509
vn 0.9752 -0.2079 0.0764
vn 0.0652 0.5523 -0.8311
vn -0.1952 0.5527 0.8102
vn -0.7691 0.5531 0.3201
vn -0.7094 0.5534 0.4363
vn -0.6329 0.5536 0.5413
vn -0.5413 0.5536 0.6329
vn -0.4363 0.5534 0.7094
vn 0.7691 0.5531 0.3201
vn -0.1952 0.5527 -0.8102
vn -0.0652 0.5523 0.8311
vn -0.0034 0.9990 -0.0439
vn -0.0102 0.9990 -0.0428
vn -0.0168 0.9990 -0.0406
vn -0.0229 0.9990 -0.0374
vn -0.0284 0.9990 -0.0333
vn -0.0333 0.9990 -0.0285
vn -0.0374 0.9990 -0.0229
vn -0.0405 0.9990 -0.0168
vn -0.0428 0.9990 -0.0102
vn -0.0439 0.9990 -0.0034
vn 0.2044 0.9788 -0.0159
vn 0.0477 0.9788 -0.1991
vn -0.0782 0.9789 0.1888
vn -0.4649 -0.3471 0.8145
vn 0.1121 0.9565 -0.2692
vn 0.1325 0.9790 0.1551
vn 0.1067 0.9789 -0.1740
vn -0.1888 0.9789 0.0782
vn -0.1991 0.9788 0.0477
vn 0.2044 0.9788 0.0159
vn 0.5931 0.8038 0.0462
vn 0.5780 0.8042 0.1384
vn 0.2273 0.8047 0.5485
vn 0.3101 0.8051 -0.5056
vn 0.3851 0.8053 -0.4507
vn -0.4507 0.8053 0.3851
vn -0.9166 0.3789 -0.1274
vn 0.5485 0.8047 0.2273
vn -0.7948 0.1027 0.5982
vn 0.0461 0.8038 0.5931
vn -0.9970 0.0043 -0.0776
vn 0.2329 0.0043 0.9725
vn 0.3828 0.0042 -0.9238
vn -0.8524 0.0042 0.5229
vn -0.7603 0.0041 -0.6496
vn 0.7603 0.0041 0.6496
vn -0.6496 0.0041 0.7603
vn 0.9238 0.0042 0.3828
vn -0.2329 0.0043 0.9725
vn -0.0776 0.0043 0.9970
vn -0.8466 -0.5281 -0.0659
vn -0.1977 -0.5287 0.8255
vn 0.9470 -0.3028 -0.1069
vn 0.4434 -0.5300 0.7228
vn 0.5508 -0.5303 0.6446
vn 0.5516 0.5289 -0.6450
vn 0.7228 -0.5300 0.4434
vn 0.7838 -0.5294 -0.3248
vn 0.7094 0.5534 0.4363
vn 0.0659 -0.5281 0.8466
vn 0.0582 -0.6618 -0.7474
vn -0.1746 -0.6624 0.7286
vn -0.2867 -0.6631 0.6915
vn 0.3912 -0.6636 0.6376
vn 0.4858 -0.6640 0.5685
vn -0.4858 -0.6640 -0.5685
vn 0.3912 -0.6636 -0.6376
vn 0.2867 -0.6631 -0.6915
vn 0.7286 -0.6624 0.1746
vn 0.7474 -0.6618 -0.0582
vn 0.3621 0.7227 0.5887
vn -0.4747 0.8754 -0.0914
vn -0.5538 -0.6848 -0.4736
vn 0.3887 -0.6693 -0.6332
vn -0.4825 -0.6696 0.5646
vn 0.5646 -0.6696 -0.4825
vn -0.6332 -0.6693 0.3887
vn 0.6868 -0.6687 0.2849
vn 0.7237 -0.6680 0.1735
vn 0.7424 -0.6674 -0.0579
vn -0.0638 -0.5795 -0.8125
vn 0.1924 -0.5667 0.8011
vn -0.7604 -0.5675 0.3157
vn -0.0659 -0.5281 0.8466
vn -0.6253 -0.5685 -0.5345
vn -0.6253 -0.5685 0.5345
vn 0.7012 -0.5682 0.4307
vn 0.7604 -0.5675 -0.3157
vn 0.8011 -0.5667 0.1924
vn -0.8219 -0.5661 0.0642
vn 0.9752 -0.2079 -0.0764
vn 0.2288 -0.2084 -0.9509
vn 0.3754 -0.2091 0.9030
vn 0.8330 -0.2096 -0.5120
vn 0.7431 -0.2099 -0.6354
vn 0.7431 -0.2099 0.6354
vn -0.5120 -0.2096 -0.8330
vn -0.3754 -0.2091 0.9030
vn 0.9509 -0.2084 0.2288
vn -0.0764 -0.2079 0.9752
vn 0.0652 0.5523 0.8311
vn 0.1952 0.5527 0.8102
vn 0.3201 0.5531 0.7691
vn -0.5385 0.5599 -0.6296
vn 0.5413 0.5536 -0.6329
vn -0.1977 -0.5287 -0.8255
vn 0.7094 0.5534 -0.4363
vn -0.3201 0.5531 0.7691
vn 0.8102 0.5527 -0.1952
vn 0.8311 0.5523 0.0652
vn -0.0439 0.9990 0.0034
vn -0.0428 0.9990 0.0102
vn -0.0405 0.9990 0.0168
vn -0.0374 0.9990 0.0229
vn -0.0333 0.9990 0.0285
vn -0.0284 0.9990 0.0333
vn -0.0229 0.9990 0.0374
vn -0.0168 0.9990 0.0406
vn -0.0102 0.9990 0.0428
vn -0.0034 0.9990 0.0439
vn -0.0159 0.9788 0.2044
vn 0.1991 0.9788 -0.0477
vn 0.1888 0.9789 0.0782
vn 0.1067 0.9789 0.1740
vn -0.1325 0.9790 0.1551
vn 0.1325 0.9790 -0.1551
vn 0.1740 0.9789 -0.1067
vn 0.0782 0.9789 -0.1888
vn 0.0437 0.9824 -0.1814
vn 0.0159 0.9788 0.2044
vn -0.0461 0.8038 -0.5931
vn 0.1384 0.8042 0.5780
vn -0.6080 -0.7406 0.2860
vn 0.3101 0.8051 0.5056
vn 0.4507 0.8053 0.3851
vn -0.3851 0.8053 -0.4507
vn 0.5056 0.8051 0.3101
vn -0.2273 0.8047 -0.5485
vn 0.1384 0.8042 -0.5780
vn 0.5931 0.8038 -0.0462
vn 0.9970 0.0043 -0.0776
vn -0.2329 0.0043 -0.9725
vn -0.9238 0.0042 -0.3828
vn -0.5229 0.0042 0.8524
vn 0.7603 0.0041 -0.6496
vn 0.6496 0.0041 -0.7603
vn 0.5229 0.0042 -0.8524
vn 0.9238 0.0042 -0.3828
vn 0.5229 0.0042 0.8524
vn 0.0776 0.0043 -0.9970
vn 0.8466 -0.5281 -0.0659
vn -0.8255 -0.5287 -0.1977
vn 0.3248 -0.5294 -0.7838
vn -0.4434 -0.5300 -0.7228
vn 0.6446 -0.5303 0.5508
vn 0.5508 -0.5303 -0.6446
vn 0.4434 -0.5300 -0.7228
vn 0.3248 -0.5294 0.7838
vn 0.1977 -0.5287 0.8255
vn 0.8466 -0.5281 0.0659
vn 0.7474 -0.6618 0.0582
vn -0.7286 -0.6624 -0.1746
vn -0.6915 -0.6631 -0.2867
vn -0.6376 -0.6636 -0.3912
vn 0.5685 -0.6640 0.4858
vn 0.7813 0.1765 -0.5986
vn -0.5646 -0.6696 -0.4825
vn -0.6868 -0.6687 -0.2849
vn 0.1746 -0.6624 -0.7286
vn -0.7474 -0.6618 -0.0582
vn 0.7424 -0.6674 0.0579
vn 0.7237 -0.6680 -0.1735
vn 0.6868 -0.6687 -0.2849
vn -0.3887 -0.6693 -0.6332
vn 0.5646 -0.6696 0.4825
vn 0.4825 -0.6696 0.5646
vn 0.3887 -0.6693 0.6332
vn 0.2849 -0.6687 0.6868
vn 0.1735 -0.6680 -0.7237
vn -0.0579 -0.6674 -0.7424
vn 0.8219 -0.5661 0.0642
vn 0.8011 -0.5667 -0.1924
vn -0.8062 0.5588 0.1944
vn 0.4307 -0.5682 -0.7012
vn 0.6253 -0.5685 -0.5345
vn 0.5345 -0.5685 -0.6253
vn 0.4307 -0.5682 0.7012
vn -0.3157 -0.5675 -0.7604
vn 0.1924 -0.5667 -0.8011
vn 0.0642 -0.5661 0.8219
vn -0.2286 0.2202 -0.9483
vn -0.9509 -0.2084 -0.2288
vn -0.6339 0.2208 -0.7412
vn 0.9776 -0.1960 0.0767
vn 0.9011 0.4219 0.0995
vn -0.7431 -0.2099 -0.6354
vn 0.5120 -0.2096 -0.8330
vn 0.9030 -0.2091 0.3754
vn 0.9509 -0.2084 -0.2288
vn 0.0764 -0.2079 -0.9752
vn -0.8311 0.5523 -0.0652
vn 0.8102 0.5527 0.1952
vn -0.7691 0.5531 -0.3201
vn 0.4363 0.5534 -0.7094
vn 0.6329 0.5536 0.5413
vn 0.6329 0.5536 -0.5413
vn 0.4363 0.5534 0.7094
vn 0.3201 0.5531 -0.7691
vn 0.1952 0.5527 -0.8102
vn -0.0652 0.5523 -0.8311
vn 0.0034 0.9990 0.0439
vn 0.0102 0.9990 0.0428
vn 0.0168 0.9990 0.0406
vn 0.0229 0.9990 0.0374
vn 0.0284 0.9990 0.0333
vn 0.0333 0.9990 0.0285
vn 0.0374 0.9990 0.0229
vn 0.0405 0.9990 0.0168
vn 0.0428 0.9990 0.0102
vn 0.0439 0.9990 0.0034
vn 0.0159 0.9788 -0.2044
vn -0.0477 0.9788 -0.1991
vn -0.0782 0.9789 -0.1888
vn -0.1067 0.9789 -0.1740
vn 0.1551 0.9790 0.1325
vn 0.1551 0.9790 -0.1325
vn -0.1067 0.9789 0.1740
vn 0.1888 0.9789 -0.0782
vn -0.1991 0.9788 -0.0477
vn -0.0159 0.9788 -0.2044
vn 0.0461 0.8038 -0.5931
vn -0.1384 0.8042 -0.5780
vn 0.2273 0.8047 -0.5485
vn -0.5056 0.8051 -0.3101
vn -0.6212 -0.7692 0.1498
vn 0.4507 0.8053 -0.3851
vn 0.5056 0.8051 -0.3101
vn -0.5485 0.8047 0.2273
vn -0.1384 0.8042 0.5780
vn -0.0461 0.8038 0.5931
vn -0.9970 0.0043 0.0776
vn 0.9725 0.0043 0.2329
vn -0.3828 0.0042 -0.9238
vn 0.8524 0.0042 -0.5229
vn -0.6496 0.0041 -0.7603
vn -0.7603 0.0041 0.6496
vn -0.8524 0.0042 -0.5229
vn -0.9725 0.0043 0.2329
vn 0.9725 0.0043 -0.2329
vn 0.3828 0.0042 0.9238
vn -0.0845 0.9934 -0.0780
vn 0.1977 -0.5287 -0.8255
vn -0.3248 -0.5294 -0.7838
vn -0.4434 -0.5300 0.7228
vn -0.6446 -0.5303 0.5508
vn 0.6446 -0.5303 -0.5508
vn 0.7228 -0.5300 -0.4434
vn -0.7838 -0.5294 -0.3248
vn -0.8255 -0.5287 0.1977
vn 0.0659 -0.5281 -0.8466
vn -0.0582 -0.6618 -0.7474
vn -0.1746 -0.6624 -0.7286
vn -0.2867 -0.6631 -0.6915
vn -0.3912 -0.6636 0.6376
vn 0.4858 -0.6640 -0.5685
vn 0.5685 -0.6640 -0.4858
vn -0.6376 -0.6636 0.3912
vn -0.6915 -0.6631 0.2867
vn -0.2803 -0.6842 0.6732
vn -0.5263 -0.7213 -0.4502
vn -0.0579 -0.6674 0.7424
vn -0.1735 -0.6680 -0.7237
vn -0.2849 -0.6687 -0.6868
vn 0.6332 -0.6693 -0.3887
vn 0.4825 -0.6696 -0.5646
vn -0.4825 -0.6696 -0.5646
vn -0.3887 -0.6693 0.6332
vn -0.6868 -0.6687 0.2849
vn -0.1735 -0.6680 0.7237
vn 0.0579 -0.6674 -0.7424
vn 0.0642 -0.5661 -0.8219
vn -0.8011 -0.5667 -0.1924
vn -0.7604 -0.5675 -0.3157
vn -0.4307 -0.5682 -0.7012
vn -0.5345 -0.5685 -0.6253
vn -0.3201 0.5531 -0.7691
vn 0.7012 -0.5682 -0.4307
vn 0.3157 -0.5675 0.7604
vn -0.8011 -0.5667 0.1924
vn 0.8219 -0.5661 -0.0642
vn -0.9752 -0.2079 0.0764
vn -0.2288 -0.2084 -0.9509
vn -0.9030 -0.2091 0.3754
vn -0.8330 -0.2096 0.5120
vn -0.7431 -0.2099 0.6354
vn 0.6354 -0.2099 -0.7431
vn -0.8330 -0.2096 -0.5120
vn 0.3754 -0.2091 -0.9030
vn -0.0835 0.9887 -0.1242
vn -0.0764 -0.2079 -0.9752
vn -0.1924 -0.5667 0.8011
vn 0.6185 -0.5811 0.5290
vn 0.7691 0.5531 -0.3201
vn -0.4363 0.5534 -0.7094
vn -0.5413 0.5536 -0.6329
vn -0.6329 0.5536 -0.5413
vn -0.7094 0.5534 -0.4363
vn 0.0665 0.5273 0.8471
vn -0.8102 0.5527 -0.1952
vn 0.8311 0.5523 -0.0652
vn 0.4568 0.8889 0.0359
vn -0.4450 0.8891 0.1073
vn 0.1758 0.8893 0.4221
vn 0.2394 0.8895 0.3891
vn 0.3470 0.8896 0.2968
vn 0.2968 0.8896 0.3470
vn 0.3891 0.8895 0.2394
vn -0.4221 0.8893 -0.1757
vn -0.1073 0.8891 -0.4450
vn -0.4568 0.8889 -0.0359
vn -0.0226 0.9574 -0.2877
vn -0.1720 0.9825 0.0716
vn -0.2658 0.9576 0.1107
vn -0.1690 0.9656 -0.1976
vn 0.1869 0.9578 -0.2185
vn -0.0738 0.7393 0.6693
vn -0.2450 0.9577 -0.1507
vn -0.1107 0.9576 0.2658
vn 0.0676 0.9575 0.2803
vn -0.0226 0.9574 0.2877
vn -0.2044 0.9788 -0.0159
vn -0.1997 0.9787 -0.0481
vn 0.1894 0.9787 0.0789
vn -0.1746 0.9788 0.1074
vn -0.1557 0.9788 -0.1331
vn -0.1331 0.9788 -0.1557
vn 0.1074 0.9788 0.1746
vn 0.1894 0.9787 -0.0789
vn 0.1997 0.9787 0.0481
vn -0.2050 0.9786 -0.0161
vn -0.1642 0.9863 0.0129
vn -0.1599 0.9864 0.0386
vn -0.1517 0.9864 -0.0631
vn -0.1398 0.9864 -0.0860
vn -0.1246 0.9865 0.1066
vn -0.1066 0.9865 0.1246
vn -0.0860 0.9864 0.1398
vn -0.0631 0.9864 0.1517
vn -0.0386 0.9864 0.1599
vn -0.1642 0.9863 -0.0129
vn -0.0117 0.9888 -0.1489
vn 0.2877 0.9574 0.0226
vn -0.0573 0.9888 -0.1376
vn -0.0780 0.9889 -0.1268
vn -0.0967 0.9889 -0.1131
vn 0.1585 0.9825 -0.0975
vn 0.0780 0.9889 0.1268
vn -0.1376 0.9888 0.0573
vn -0.0350 0.9888 -0.1450
vn -0.1489 0.9888 -0.0117
vn -0.0122 0.9879 -0.1549
vn -0.0364 0.9879 -0.1509
vn -0.1431 0.9879 0.0596
vn -0.1319 0.9879 -0.0811
vn 0.1176 0.9880 0.1006
vn -0.1006 0.9880 -0.1176
vn -0.0811 0.9879 -0.1319
vn 0.1431 0.9879 0.0596
vn 0.1509 0.9879 0.0364
vn -0.1549 0.9879 -0.0122
vn -0.1862 0.9824 0.0146
vn 0.0437 0.9824 0.1814
vn 0.0716 0.9825 0.1720
vn -0.0975 0.9825 -0.1585
vn -0.1209 0.9825 -0.1414
vn -0.1414 0.9825 -0.1209
vn -0.0975 0.9825 0.1585
vn -0.1720 0.9825 -0.0716
vn -0.0437 0.9824 -0.1814
vn 0.1799 -0.9836 0.0141
vn 0.0204 0.9653 0.2602
vn -0.2535 0.9654 0.0611
vn 0.2404 0.9655 0.1001
vn -0.2216 0.9656 0.1363
vn 0.1690 0.9656 0.1976
vn -0.1976 0.9656 -0.1690
vn 0.1492 0.9733 0.1745
vn -0.1001 0.9655 0.2404
vn 0.0611 0.9654 0.2535
vn -0.2602 0.9653 0.0204
vn -0.4335 0.9005 0.0340
vn -0.4223 0.9007 -0.1018
vn -0.4006 0.9009 0.1668
vn -0.3693 0.9011 0.2272
vn -0.2817 0.9012 -0.3293
vn -0.5363 -0.1277 0.8343
vn -0.2272 0.9011 0.3693
vn -0.4006 0.9009 -0.1668
vn 0.1867 0.0710 -0.9798
vn -0.0340 0.9005 0.4335
vn -0.0665 0.5273 -0.8471
vn -0.8257 0.5278 0.1991
vn 0.7838 0.5283 0.3263
vn -0.4447 0.5287 -0.7230
vn -0.6450 0.5289 0.5516
vn -0.6450 0.5289 -0.5516
vn -0.4447 0.5287 0.7230
vn 0.3263 0.5283 0.7838
vn 0.5413 0.5536 0.6329
vn 0.8471 0.5273 0.0665
vn 0.0359 0.8889 -0.4568
vn 0.1073 0.8891 0.4450
vn 0.4221 0.8893 0.1757
vn 0.4972 -0.8593 -0.1199
vn -0.2968 0.8896 0.3470
vn -0.5097 0.8516 -0.1229
vn 0.2394 0.8895 -0.3891
vn -0.1758 0.8893 0.4221
vn 0.4450 0.8891 0.1073
vn 0.4568 0.8889 -0.0359
vn 0.0226 0.9574 0.2877
vn 0.2803 0.9575 -0.0676
vn 0.1107 0.9576 0.2658
vn 0.1507 0.9577 0.2450
vn -0.2185 0.9578 0.1869
vn -0.1869 0.9578 -0.2185
vn 0.2450 0.9577 0.1507
vn 0.2658 0.9576 0.1107
vn -0.0676 0.9575 0.2803
vn -0.2877 0.9574 0.0226
vn -0.2050 0.9786 0.0161
vn -0.0481 0.9787 0.1997
vn 0.0789 0.9787 -0.1894
vn 0.1066 0.9865 -0.1246
vn 0.1331 0.9788 0.1557
vn -0.1557 0.9788 0.1331
vn 0.1074 0.9788 -0.1746
vn -0.1894 0.9787 0.0789
vn -0.1997 0.9787 0.0481
vn 0.0161 0.9786 0.2050
vn 0.1642 0.9863 0.0129
vn 0.0386 0.9864 -0.1599
vn 0.0631 0.9864 0.1517
vn 0.0860 0.9864 0.1398
vn 0.1066 0.9865 0.1246
vn 0.1246 0.9865 0.1066
vn 0.1398 0.9864 0.0860
vn 0.0596 0.9879 0.1431
vn -0.1509 0.9879 -0.0364
vn 0.1642 0.9863 -0.0129
vn 0.0117 0.9888 0.1489
vn -0.1450 0.9888 0.0350
vn 0.1022 -0.9939 0.0426
vn -0.0780 0.9889 0.1268
vn -0.1131 0.9889 -0.0967
vn -0.1131 0.9889 0.0967
vn -0.1268 0.9889 0.0780
vn -0.0573 0.9888 0.1376
vn 0.0350 0.9888 0.1450
vn 0.1107 -0.9938 -0.0087
vn -0.1549 0.9879 0.0122
vn -0.1509 0.9879 0.0364
vn 0.1431 0.9879 -0.0596
vn 0.0811 0.9879 0.1319
vn 0.1131 0.9889 0.0967
vn 0.1006 0.9880 -0.1176
vn -0.0811 0.9879 0.1319
vn 0.2535 0.9654 0.0611
vn -0.0364 0.9879 0.1509
vn 0.1549 0.9879 0.0122
vn 0.1862 0.9824 -0.0146
vn 0.1814 0.9824 -0.0437
vn 0.0716 0.9825 -0.1720
vn -0.1585 0.9825 -0.0975
vn 0.1209 0.9825 -0.1414
vn 0.1414 0.9825 0.1209
vn 0.0975 0.9825 -0.1585
vn 0.1720 0.9825 -0.0716
vn -0.0437 0.9824 0.1814
vn -0.0146 0.9824 0.1862
vn 0.0082 -0.8732 -0.4872
vn 0.2535 0.9654 -0.0611
vn -0.1176 0.9880 0.1006
vn -0.1363 0.9656 0.2216
vn 0.1976 0.9656 -0.1690
vn 0.2216 0.9656 -0.1363
vn 0.2216 0.9656 0.1363
vn 0.1001 0.9655 -0.2404
vn -0.0611 0.9654 0.2535
vn 0.0204 0.9653 -0.2602
vn -0.4335 0.9005 -0.0340
vn -0.1018 0.9007 0.4223
vn 0.4006 0.9009 -0.1668
vn -0.1758 0.8893 -0.4221
vn -0.2817 0.9012 0.3293
vn 0.3293 0.9012 0.2817
vn 0.3693 0.9011 0.2272
vn 0.4006 0.9009 0.1668
vn 0.4223 0.9007 0.1018
vn 0.4335 0.9005 0.0340
vn -0.8471 0.5273 0.0665
vn 0.8257 0.5278 -0.1991
vn 0.9589 -0.2682 0.0923
vn 0.4447 0.5287 0.7230
vn 0.5516 0.5289 0.6450
vn -0.5516 0.5289 0.6450
vn 0.7230 0.5287 0.4447
vn -0.7838 0.5283 0.3263
vn -0.1991 0.5278 0.8257
vn -0.0665 0.5273 0.8471
vn 0.2481 0.9566 0.1526
vn -0.4450 0.8891 -0.1073
vn 0.5375 0.1232 0.8342
vn 0.3891 0.8895 -0.2394
vn -0.3470 0.8896 -0.2968
vn 0.3470 0.8896 -0.2968
vn -0.3891 0.8895 0.2394
vn 0.4221 0.8893 -0.1758
vn 0.1073 0.8891 -0.4450
vn 0.0359 0.8889 0.4568
vn 0.2877 0.9574 -0.0226
vn -0.0676 0.9575 -0.2803
vn -0.2658 0.9576 -0.1107
vn 0.2450 0.9577 -0.1507
vn -0.1869 0.9578 0.2185
vn 0.2185 0.9578 -0.1869
vn 0.1507 0.9577 -0.2450
vn -0.1957 0.9733 -0.1204
vn 0.2803 0.9575 0.0676
vn -0.2877 0.9574 -0.0226
vn -0.0161 0.9786 0.2050
vn 0.1991 0.9788 0.0477
vn 0.0942 -0.9939 0.0580
vn 0.1746 0.9788 0.1074
vn 0.1557 0.9788 0.1331
vn 0.2658 0.9576 -0.1107
vn -0.1074 0.9788 -0.1746
vn -0.0789 0.9787 -0.1894
vn 0.0481 0.9787 -0.1997
vn 0.2050 0.9786 -0.0161
vn -0.0129 0.9863 0.1642
vn 0.1599 0.9864 0.0386
vn 0.1517 0.9864 -0.0631
vn 0.1398 0.9864 -0.0860
vn 0.2404 0.9655 -0.1001
vn -0.1246 0.9865 -0.1066
vn -0.1398 0.9864 0.0860
vn 0.1517 0.9864 0.0631
vn 0.1599 0.9864 -0.0386
vn -0.0129 0.9863 -0.1642
vn -0.0117 0.9888 0.1489
vn -0.0350 0.9888 0.1450
vn 0.1376 0.9888 0.0573
vn 0.1268 0.9889 0.0780
vn 0.0967 0.9889 0.1131
vn 0.0967 0.9889 -0.1131
vn 0.0780 0.9889 -0.1268
vn 0.0573 0.9888 0.1376
vn -0.1450 0.9888 -0.0350
vn 0.1489 0.9888 0.0117
vn 0.0122 0.9879 0.1549
vn -0.2914 0.9563 0.0229
vn -0.0596 0.9879 0.1431
vn -0.1268 0.9889 -0.0780
vn -0.1006 0.9880 0.1176
vn 0.1006 0.9880 0.1176
vn 0.1319 0.9879 0.0811
vn 0.0596 0.9879 -0.1431
vn 0.0364 0.9879 -0.1509
vn 0.0122 0.9879 -0.1549
vn -0.1862 0.9824 -0.0146
vn -0.1814 0.9824 -0.0437
vn -0.0716 0.9825 0.1720
vn 0.1585 0.9825 0.0975
vn 0.1168 -0.9837 -0.1366
vn 0.1209 0.9825 0.1414
vn 0.0975 0.9825 0.1585
vn 0.1720 0.9825 0.0716
vn 0.1814 0.9824 0.0437
vn 0.1862 0.9824 0.0146
vn -0.0204 0.9653 0.2602
vn -0.1376 0.9888 -0.0573
vn -0.2404 0.9655 -0.1001
vn -0.2216 0.9656 -0.1363
vn -0.1690 0.9656 0.1976
vn 0.1976 0.9656 0.1690
vn 0.1363 0.9656 0.2216
vn 0.1001 0.9655 0.2404
vn 0.0611 0.9654 -0.2535
vn 0.2602 0.9653 -0.0204
vn 0.0340 0.9005 0.4335
vn 0.4223 0.9007 -0.1018
vn -0.1860 -0.0726 0.9799
vn 0.2272 0.9011 -0.3693
vn 0.2817 0.9012 0.3293
vn -0.3293 0.9012 -0.2817
vn 0.2272 0.9011 0.3693
vn 0.1668 0.9009 -0.4006
vn 0.1018 0.9007 0.4223
vn 0.2763 -0.9542 -0.1150
vn 0.0665 0.5273 -0.8471
vn 0.8257 0.5278 0.1991
vn 0.7838 0.5283 -0.3263
vn 0.7230 0.5287 -0.4447
vn 0.8092 -0.5792 -0.0988
vn 0.6450 0.5289 0.5516
vn -0.7230 0.5287 -0.4447
vn 0.3263 0.5283 -0.7838
vn 0.1991 0.5278 -0.8257
vn -0.3186 0.5593 -0.7653
vn -0.0359 0.8889 -0.4568
vn 0.4450 0.8891 -0.1073
vn -0.4221 0.8893 0.1758
vn -0.2394 0.8895 -0.3891
vn -0.2968 0.8896 -0.3470
vn -0.3470 0.8896 0.2968
vn -0.2394 0.8895 0.3891
vn 0.1758 0.8893 -0.4221
vn 0.5200 0.1921 -0.8323
vn -0.4568 0.8889 0.0359
vn -0.0260 -0.9938 -0.1078
vn -0.2803 0.9575 0.0676
vn 0.1107 0.9576 -0.2658
vn -0.2450 0.9577 0.1507
vn 0.2185 0.9578 0.1869
vn -0.2185 0.9578 -0.1869
vn -0.1507 0.9577 -0.2450
vn -0.1107 0.9576 -0.2658
vn 0.0676 0.9575 -0.2803
vn 0.0226 0.9574 -0.2877
vn 0.2050 0.9786 0.0161
vn -0.0481 0.9787 -0.1997
vn -0.0789 0.9787 0.1894
vn -0.1074 0.9788 0.1746
vn -0.1331 0.9788 0.1557
vn 0.1331 0.9788 -0.1557
vn -0.1746 0.9788 -0.1074
vn -0.1894 0.9787 -0.0789
vn 0.1997 0.9787 -0.0481
vn -0.0161 0.9786 -0.2050
vn 0.0129 0.9863 -0.1642
vn -0.0386 0.9864 -0.1599
vn 0.0631 0.9864 -0.1517
vn 0.0860 0.9864 -0.1398
vn 0.1246 0.9865 -0.1066
vn -0.1066 0.9865 -0.1246
vn 0.0840 -0.9939 0.0719
vn -0.1517 0.9864 0.0631
vn -0.1599 0.9864 -0.0386
vn 0.1549 0.9879 -0.0122
vn -0.1489 0.9888 0.0117
vn 0.1450 0.9888 0.0350
vn 0.0573 0.9888 -0.1376
vn 0.0440 -0.9977 0.0514
vn -0.0967 0.9889 0.1131
vn 0.1131 0.9889 -0.0967
vn 0.1268 0.9889 -0.0780
vn 0.1376 0.9888 -0.0573
vn 0.1450 0.9888 -0.0350
vn 0.0117 0.9888 -0.1489
vn -0.0122 0.9879 0.1549
vn 0.1509 0.9879 -0.0364
vn -0.0596 0.9879 -0.1431
vn -0.1319 0.9879 0.0811
vn 0.1176 0.9880 -0.1006
vn -0.1176 0.9880 -0.1006
vn 0.0811 0.9879 -0.1319
vn -0.1431 0.9879 -0.0596
vn 0.0364 0.9879 0.1509
vn 0.1489 0.9888 -0.0117
vn -0.0146 0.9824 -0.1862
vn -0.1814 0.9824 0.0437
vn -0.0576 -0.9977 0.0355
vn -0.1585 0.9825 0.0975
vn 0.1414 0.9825 -0.1209
vn -0.1414 0.9825 0.1209
vn -0.0942 -0.9837 0.1531
vn -0.0716 0.9825 -0.1720
vn -0.0422 -0.9836 -0.1752
vn 0.0146 0.9824 -0.1862
vn 0.2602 0.9653 0.0204
vn -0.0611 0.9654 -0.2535
vn -0.1001 0.9655 -0.2404
vn 0.1363 0.9656 -0.2216
vn -0.1976 0.9656 0.1690
vn 0.1690 0.9656 -0.1976
vn -0.1363 0.9656 -0.2216
vn -0.2404 0.9655 0.1001
vn -0.2535 0.9654 -0.0611
vn -0.0204 0.9653 -0.2602
vn -0.0340 0.9005 -0.4335
vn 0.1018 0.9007 -0.4223
vn -0.1668 0.9009 -0.4006
vn -0.2272 0.9011 -0.3693
vn 0.3293 0.9012 -0.2817
vn 0.2817 0.9012 -0.3293
vn 0.3693 0.9011 -0.2272
vn 0.1668 0.9009 0.4006
vn -0.1018 0.9007 -0.4223
vn 0.0340 0.9005 -0.4335
vn 0.8471 0.5273 -0.0665
vn -0.1991 0.5278 -0.8257
vn -0.3263 0.5283 -0.7838
vn 0.4447 0.5287 -0.7230
vn 0.6450 0.5289 -0.5516
vn -0.5516 0.5289 -0.6450
vn -0.7228 -0.5300 -0.4434
vn -0.3263 0.5283 0.7838
vn -0.8257 0.5278 -0.1991
vn -0.8471 0.5273 -0.0665
vn 0.0056 -1.0000 0.0004
vn 0.0055 -1.0000 0.0013
vn 0.0052 -1.0000 0.0022
vn 0.0048 -1.0000 0.0029
vn 0.0043 -1.0000 0.0036
vn 0.0036 -1.0000 0.0043
vn 0.0029 -1.0000 0.0048
vn 0.0022 -1.0000 0.0052
vn 0.0013 -1.0000 0.0055
vn 0.0004 -1.0000 0.0056
vn 0.0016 -0.9998 -0.0198
vn -0.0046 -0.9998 -0.0192
vn 0.0076 -0.9998 0.0183
vn 0.0168 -0.9998 -0.0103
vn -0.0150 -0.9998 0.0128
vn -0.0150 -0.9998 -0.0128
vn 0.0103 -0.9998 -0.0168
vn -0.0183 -0.9998 0.0076
vn -0.0192 -0.9998 0.0046
vn -0.0198 -0.9998 0.0016
vn -0.0394 -0.9992 0.0031
vn -0.0093 -0.9992 -0.0384
vn -0.0364 -0.9992 -0.0151
vn -0.0335 -0.9992 0.0206
vn -0.0256 -0.9992 -0.0299
vn -0.0256 -0.9992 0.0299
vn 0.0206 -0.9992 -0.0335
vn 0.0183 -0.9998 0.0076
vn 0.0384 -0.9992 -0.0093
vn -0.0031 -0.9992 0.0394
vn -0.0677 -0.9977 0.0053
vn 0.0159 -0.9977 0.0660
vn -0.0625 -0.9977 -0.0260
vn -0.0576 -0.9977 -0.0355
vn 0.2913 -0.9541 -0.0702
vn -0.0440 -0.9977 -0.0514
vn -0.0355 -0.9977 0.0576
vn -0.0260 -0.9977 -0.0625
vn 0.0159 -0.9977 -0.0660
vn -0.0053 -0.9977 -0.0677
vn -0.0087 -0.9938 0.1107
vn 0.1078 -0.9938 -0.0260
vn 0.1022 -0.9939 -0.0426
vn 0.0580 -0.9939 0.0942
vn 0.0719 -0.9939 0.0840
vn -0.0719 -0.9939 -0.0840
vn -0.0942 -0.9939 0.0580
vn 0.0426 -0.9939 -0.1022
vn 0.0260 -0.9938 -0.1078
vn 0.1107 -0.9938 0.0087
vn -0.1799 -0.9836 0.0141
vn 0.2990 -0.9540 -0.0235
vn -0.0692 -0.9837 0.1662
vn -0.0860 0.9864 -0.1398
vn -0.1168 -0.9837 0.1366
vn -0.1168 -0.9837 -0.1366
vn -0.1531 -0.9837 -0.0942
vn -0.0692 -0.9837 -0.1662
vn -0.1752 -0.9836 0.0422
vn 0.0129 0.9863 0.1642
vn -0.0235 -0.9540 0.2990
vn -0.2913 -0.9541 -0.0702
vn -0.2763 -0.9542 -0.1150
vn -0.2547 -0.9543 0.1567
vn 0.1942 -0.9543 0.2271
vn -0.1942 -0.9543 0.2271
vn -0.1567 -0.9543 -0.2547
vn -0.1150 -0.9542 -0.2763
vn 0.2913 -0.9541 0.0702
vn 0.0235 -0.9540 -0.2990
vn -0.5103 -0.8590 0.0401
vn -0.3293 0.9012 0.2817
vn -0.1964 -0.8596 0.4717
vn -0.4349 -0.8598 -0.2675
vn 0.3317 -0.8600 -0.3878
vn -0.3878 -0.8600 0.3317
vn -0.2675 -0.8598 -0.4349
vn -0.4717 -0.8596 -0.1964
vn -0.4972 -0.8593 0.1199
vn 0.0401 -0.8590 -0.5103
vn 0.7778 -0.5999 0.1875
vn 0.7920 -0.5800 -0.1909
vn -0.7517 -0.5805 -0.3130
vn -0.4937 -0.8661 -0.0783
vn -0.6185 -0.5811 -0.5290
vn 0.3157 -0.5675 -0.7604
vn 0.6933 -0.5809 -0.4265
vn 0.3130 -0.5805 -0.7517
vn 0.1909 -0.5800 -0.7919
vn 0.8125 -0.5795 -0.0638
vn -0.9849 -0.1548 0.0773
vn 0.2315 -0.1550 -0.9604
vn -0.9120 -0.1552 -0.3797
vn -0.8414 -0.1554 -0.5176
vn -0.7507 -0.1555 -0.6421
vn 0.7507 -0.1555 0.6421
vn -0.8414 -0.1554 0.5176
vn -0.9120 -0.1552 0.3797
vn -0.9604 -0.1550 0.2315
vn 0.6373 -0.1967 0.7451
vn -0.0004 -1.0000 0.0056
vn -0.0013 -1.0000 0.0055
vn -0.0022 -1.0000 0.0052
vn -0.0029 -1.0000 0.0048
vn -0.0036 -1.0000 0.0043
vn -0.0043 -1.0000 0.0036
vn -0.0048 -1.0000 0.0029
vn -0.0052 -1.0000 0.0022
vn -0.0055 -1.0000 0.0013
vn -0.0056 -1.0000 0.0004
vn -0.0198 -0.9998 -0.0016
vn 0.0046 -0.9998 -0.0192
vn -0.0183 -0.9998 -0.0076
vn -0.0168 -0.9998 0.0103
vn 0.0150 -0.9998 0.0128
vn -0.0128 -0.9998 -0.0150
vn 0.0103 -0.9998 0.0168
vn -0.0076 -0.9998 -0.0183
vn -0.0192 -0.9998 -0.0046
vn -0.0016 -0.9998 -0.0198
vn -0.0394 -0.9992 -0.0031
vn -0.0384 -0.9992 0.0093
vn 0.0364 -0.9992 0.0151
vn 0.0335 -0.9992 -0.0206
vn -0.0128 -0.9998 0.0150
vn -0.0299 -0.9992 -0.0256
vn 0.0168 -0.9998 0.0103
vn 0.0364 -0.9992 -0.0151
vn 0.0192 -0.9998 0.0046
vn 0.0031 -0.9992 0.0394
vn 0.0053 -0.9977 -0.0677
vn -0.0159 -0.9977 -0.0660
vn 0.0625 -0.9977 0.0260
vn -0.1662 -0.9837 -0.0692
vn 0.0440 -0.9977 -0.0514
vn 0.0514 -0.9977 -0.0440
vn 0.0576 -0.9977 -0.0355
vn 0.0260 -0.9977 0.0625
vn -0.0660 -0.9977 -0.0159
vn -0.0677 -0.9977 -0.0053
vn -0.1107 -0.9938 -0.0087
vn -0.1078 -0.9938 0.0260
vn 0.0426 -0.9939 0.1022
vn -0.0580 -0.9939 -0.0942
vn 0.0840 -0.9939 -0.0719
vn -0.0840 -0.9939 -0.0719
vn -0.0580 -0.9939 0.0942
vn -0.0426 -0.9939 -0.1022
vn -0.0104 0.8732 -0.4873
vn -0.0087 -0.9938 -0.1107
vn 0.0141 -0.9836 -0.1799
vn 0.0422 -0.9836 -0.1752
vn 0.0692 -0.9837 -0.1662
vn 0.0942 -0.9837 -0.1531
vn 0.1168 -0.9837 0.1366
vn 0.1740 0.9789 0.1067
vn 0.1531 -0.9837 -0.0942
vn 0.1662 -0.9837 -0.0692
vn 0.1752 -0.9836 -0.0422
vn -0.0141 -0.9836 0.1799
vn -0.2990 -0.9540 -0.0235
vn 0.0702 -0.9541 -0.2913
vn -0.1551 0.9790 0.1325
vn -0.0359 0.8889 0.4568
vn -0.1792 -0.0986 0.9789
vn -0.1942 -0.9543 -0.2271
vn -0.2547 -0.9543 -0.1567
vn 0.1150 -0.9542 0.2763
vn -0.0702 -0.9541 -0.2913
vn 0.0235 -0.9540 0.2990
vn -0.1073 0.8891 0.4450
vn -0.4972 -0.8593 -0.1199
vn 0.4717 -0.8596 -0.1964
vn 0.2675 -0.8598 -0.4349
vn -0.3878 -0.8600 -0.3317
vn -0.3317 -0.8600 -0.3878
vn 0.4349 -0.8598 0.2675
vn 0.1982 -0.9770 -0.0787
vn 0.1199 -0.8593 -0.4972
vn -0.5103 -0.8590 -0.0401
vn 0.0638 -0.5795 -0.8125
vn -0.7920 -0.5800 0.1909
vn 0.7517 -0.5805 -0.3130
vn 0.4265 -0.5809 -0.6933
vn 0.5290 -0.5811 -0.6185
vn -0.5290 -0.5811 -0.6185
vn -0.4265 -0.5809 0.6933
vn 0.7517 -0.5805 0.3130
vn -0.7920 -0.5800 -0.1909
vn 0.0638 -0.5795 0.8125
vn 0.0773 -0.1548 -0.9849
vn -0.2315 -0.1550 -0.9604
vn 0.3797 -0.1552 -0.9120
vn 0.8414 -0.1554 0.5176
vn 0.6421 -0.1555 -0.7507
vn -0.6421 -0.1555 -0.7507
vn 0.8414 -0.1554 -0.5176
vn -0.3797 -0.1552 -0.9120
vn 0.9604 -0.1550 -0.2315
vn 0.9849 -0.1548 -0.0773
vn -0.0056 -1.0000 -0.0004
vn -0.0055 -1.0000 -0.0013
vn -0.0052 -1.0000 -0.0022
vn -0.0048 -1.0000 -0.0029
vn -0.0043 -1.0000 -0.0036
vn -0.0036 -1.0000 -0.0043
vn -0.0029 -1.0000 -0.0048
vn -0.0022 -1.0000 -0.0052
vn -0.0013 -1.0000 -0.0055
vn -0.0004 -1.0000 -0.0056
vn 0.0198 -0.9998 0.0016
vn 0.0192 -0.9998 -0.0046
vn 0.0076 -0.9998 -0.0183
vn -0.0103 -0.9998 -0.0168
vn 0.0782 0.9789 0.1888
vn 0.0128 -0.9998 -0.0150
vn -0.0103 -0.9998 0.0168
vn -0.0076 -0.9998 0.0183
vn -0.0046 -0.9998 0.0192
vn 0.0198 -0.9998 -0.0016
vn 0.0016 -0.9998 0.0198
vn 0.0384 -0.9992 0.0093
vn -0.0364 -0.9992 0.0151
vn 0.0206 -0.9992 0.0335
vn 0.0256 -0.9992 -0.0299
vn 0.0299 -0.9992 -0.0256
vn 0.0335 -0.9992 0.0206
vn 0.0151 -0.9992 0.0364
vn 0.0093 -0.9992 -0.0384
vn 0.0394 -0.9992 0.0031
vn 0.0677 -0.9977 -0.0053
vn 0.0660 -0.9977 -0.0159
vn 0.0260 -0.9977 -0.0625
vn 0.0355 -0.9977 -0.0576
vn 0.0514 -0.9977 0.0440
vn -0.0440 -0.9977 0.0514
vn 0.0355 -0.9977 0.0576
vn 0.0625 -0.9977 -0.0260
vn -0.2602 0.9653 -0.0204
vn -0.0053 -0.9977 0.0677
vn 0.0087 -0.9938 -0.1107
vn -0.0260 -0.9938 0.1078
vn -0.0426 -0.9939 0.1022
vn 0.0942 -0.9939 -0.0580
vn 0.0719 -0.9939 -0.0840
vn -0.0719 -0.9939 0.0840
vn 0.0580 -0.9939 -0.0942
vn -0.0540 0.9731 0.2238
vn 0.1078 -0.9938 0.0260
vn 0.0087 -0.9938 0.1107
vn 0.1799 -0.9836 -0.0141
vn 0.1752 -0.9836 0.0422
vn 0.1662 -0.9837 0.0692
vn -0.0942 -0.9837 -0.1531
vn -0.1366 -0.9837 0.1168
vn -0.1366 -0.9837 -0.1168
vn -0.1531 -0.9837 0.0942
vn -0.0335 -0.9992 -0.0206
vn 0.0422 -0.9836 0.1752
vn -0.1799 -0.9836 -0.0141
vn 0.0386 0.9864 0.1599
vn -0.0702 -0.9541 0.2913
vn -0.2763 -0.9542 0.1150
vn 0.2547 -0.9543 -0.1567
vn 0.2271 -0.9543 0.1942
vn 0.2271 -0.9543 -0.1942
vn 0.1567 -0.9543 -0.2547
vn 0.1150 -0.9542 -0.2763
vn 0.0702 -0.9541 0.2913
vn -0.2990 -0.9540 0.0235
vn 0.5103 -0.8590 -0.0401
vn 0.4972 -0.8593 0.1199
vn 0.1964 -0.8596 -0.4717
vn -0.2675 -0.8598 0.4349
vn 0.3878 -0.8600 0.3317
vn 0.3878 -0.8600 -0.3317
vn 0.4349 -0.8598 -0.2675
vn -0.4717 -0.8596 0.1964
vn 0.1199 -0.8593 0.4972
vn -0.0401 -0.8590 0.5103
vn 0.8125 -0.5795 0.0638
vn 0.7920 -0.5800 0.1909
vn -0.8311 0.5523 0.0652
vn 0.6933 -0.5809 0.4265
vn -0.5290 -0.5811 0.6185
vn 0.5290 -0.5811 0.6185
vn 0.4265 -0.5809 0.6933
vn 0.3130 -0.5805 0.7517
vn 0.1909 -0.5800 0.7919
vn -0.8125 -0.5795 0.0638
vn 0.9849 -0.1548 0.0773
vn -0.2315 -0.1550 0.9604
vn 0.3797 -0.1552 0.9120
vn 0.9402 0.3248 0.1023
vn -0.6421 -0.1555 0.7507
vn 0.6421 -0.1555 0.7507
vn 0.5176 -0.1554 0.8414
vn 0.9120 -0.1552 -0.3797
vn 0.2315 -0.1550 0.9604
vn 0.0773 -0.1548 0.9849
vn 0.0004 -1.0000 -0.0056
vn 0.0013 -1.0000 -0.0055
vn 0.0022 -1.0000 -0.0052
vn 0.0029 -1.0000 -0.0048
vn 0.0036 -1.0000 -0.0043
vn 0.0043 -1.0000 -0.0036
vn 0.0048 -1.0000 -0.0029
vn 0.0052 -1.0000 -0.0022
vn 0.0055 -1.0000 -0.0013
vn 0.0056 -1.0000 -0.0004
vn 0.1808 0.0960 -0.9788
vn 0.0046 -0.9998 0.0192
vn 0.0183 -0.9998 -0.0076
vn -0.0631 0.9864 -0.1517
vn 0.0150 -0.9998 -0.0128
vn 0.0128 -0.9998 0.0150
vn -0.0168 -0.9998 -0.0103
vn 0.0481 0.9787 0.1997
vn -0.1931 -0.0455 0.9801
vn -0.0016 -0.9998 0.0198
vn 0.0394 -0.9992 -0.0031
vn 0.0093 -0.9992 0.0384
vn -0.0151 -0.9992 0.0364
vn -0.0206 -0.9992 0.0335
vn 0.0299 -0.9992 0.0256
vn 0.0256 -0.9992 0.0299
vn -0.0206 -0.9992 -0.0335
vn -0.0151 -0.9992 -0.0364
vn -0.0093 -0.9992 0.0384
vn -0.0031 -0.9992 -0.0394
vn 0.0031 -0.9992 -0.0394
vn -0.0159 -0.9977 0.0660
vn -0.0625 -0.9977 0.0260
vn -0.0355 -0.9977 -0.0576
vn -0.0514 -0.9977 0.0440
vn -0.0514 -0.9977 -0.0440
vn 0.0576 -0.9977 0.0355
vn 0.7277 0.3580 -0.5851
vn 0.0660 -0.9977 0.0159
vn 0.0053 -0.9977 0.0677
vn 0.0677 -0.9977 0.0053
vn -0.1078 -0.9938 -0.0260
vn -0.1022 -0.9939 0.0426
vn -0.0942 -0.9939 -0.0580
vn -0.2123 0.9732 -0.0884
vn -0.0840 -0.9939 0.0719
vn -0.0684 0.9564 0.2838
vn -0.1022 -0.9939 -0.0426
vn 0.0260 -0.9938 0.1078
vn -0.1107 -0.9938 0.0087
vn -0.0141 -0.9836 -0.1799
vn -0.1752 -0.9836 -0.0422
vn -0.1662 -0.9837 0.0692
vn 0.0942 -0.9837 0.1531
vn 0.1366 -0.9837 -0.1168
vn 0.1366 -0.9837 0.1168
vn 0.1531 -0.9837 0.0942
vn 0.0692 -0.9837 0.1662
vn -0.0422 -0.9836 0.1752
vn 0.0141 -0.9836 0.1799
vn 0.2990 -0.9540 0.0235
vn -0.0299 -0.9992 0.0256
vn -0.1150 -0.9542 0.2763
vn 0.2547 -0.9543 0.1567
vn -0.2271 -0.9543 -0.1942
vn 0.1942 -0.9543 -0.2271
vn -0.1567 -0.9543 0.2547
vn 0.2763 -0.9542 0.1150
vn -0.2913 -0.9541 0.0702
vn -0.0235 -0.9540 -0.2990
vn -0.0401 -0.8590 -0.5103
vn -0.1199 -0.8593 0.4972
vn -0.1964 -0.8596 -0.4717
vn 0.4616 0.8838 0.0769
vn -0.4898 -0.2781 -0.8263
vn -0.3317 -0.8600 0.3878
vn -0.4349 -0.8598 0.2675
vn 0.1964 -0.8596 0.4717
vn -0.1199 -0.8593 -0.4972
vn 0.0401 -0.8590 0.5103
vn -0.8125 -0.5795 -0.0638
vn -0.1909 -0.5800 0.7919
vn -0.3130 -0.5805 0.7517
vn -0.6933 -0.5809 -0.4265
vn 0.6185 -0.5811 -0.5290
vn -0.6185 -0.5811 0.5290
vn -0.6933 -0.5809 0.4265
vn -0.7517 -0.5805 0.3130
vn 0.0583 -0.9953 0.0768
vn -0.0638 -0.5795 0.8125
vn -0.0773 -0.1548 -0.9849
vn -0.9604 -0.1550 -0.2315
vn 0.9120 -0.1552 0.3797
vn -0.5176 -0.1554 0.8414
vn -0.5176 -0.1554 -0.8414
vn -0.7507 -0.1555 0.6421
vn 0.5176 -0.1554 -0.8414
vn 0.9604 -0.1550 0.2315
vn -0.0123 0.9969 -0.0773
vn -0.0773 -0.1548 0.9849
vt 0.581254 0.317565
vt 0.579857 0.322949
vt 0.575591 0.323259
vt 0.576990 0.317874
vt 0.660291 0.919052
vt 0.664864 0.918005
vt 0.668979 0.937189
vt 0.664448 0.938432
vt 0.205265 0.898956
vt 0.202876 0.897631
vt 0.216648 0.874191
vt 0.219177 0.875279
vt 0.654749 0.873800
vt 0.659377 0.873207
vt 0.661663 0.896524
vt 0.657058 0.897353
vt 0.546739 0.909502
vt 0.548457 0.910545
vt 0.550824 0.935897
vt 0.549129 0.935111
vt 0.557184 0.960426
vt 0.555554 0.959889
vt 0.215806 0.108767
vt 0.199035 0.105284
vt 0.195994 0.074265
vt 0.212864 0.078754
vt 0.411154 0.747220
vt 0.415825 0.747178
vt 0.414018 0.757625
vt 0.409329 0.757773
vt 0.228924 0.746501
vt 0.226297 0.746709
vt 0.216390 0.722390
vt 0.218916 0.721935
vt 0.409252 0.771892
vt 0.413942 0.771603
vt 0.415673 0.789023
vt 0.411001 0.789488
vt 0.204924 0.698855
vt 0.202538 0.699542
vt 0.184744 0.678627
vt 0.186949 0.677728
vt 0.419033 0.788237
vt 0.422632 0.808927
vt 0.419287 0.809795
vt 0.761889 0.283534
vt 0.754914 0.283646
vt 0.754804 0.280556
vt 0.761771 0.280227
vt 0.417384 0.756965
vt 0.417308 0.770887
vt 0.226472 0.849450
vt 0.225049 0.848988
vt 0.230902 0.823509
vt 0.232348 0.823869
vt 0.966953 0.438701
vt 0.965867 0.439293
vt 0.968210 0.414084
vt 0.969306 0.413391
vt 0.234277 0.797911
vt 0.232823 0.797653
vt 0.230814 0.771882
vt 0.232260 0.772036
vt 0.224875 0.746656
vt 0.215265 0.873630
vt 0.961794 0.362233
vt 0.960727 0.363130
vt 0.950748 0.338271
vt 0.951774 0.337274
vt 0.418521 0.817258
vt 0.421715 0.818553
vt 0.418171 0.834566
vt 0.414963 0.833335
vt 0.950650 0.338696
vt 0.936391 0.314808
vt 0.936508 0.314414
vt 0.201547 0.896976
vt 0.201162 0.896909
vt 0.214897 0.873532
vt 0.417067 0.847110
vt 0.418969 0.848501
vt 0.420191 0.857581
vt 0.418287 0.856178
vt 0.045127 0.467210
vt 0.045454 0.467402
vt 0.051489 0.492705
vt 0.051154 0.492480
vt 0.230555 0.823344
vt 0.232479 0.797455
vt 0.230467 0.771650
vt 0.419184 0.746560
vt 0.421290 0.745494
vt 0.419488 0.755913
vt 0.224520 0.746390
vt 0.214639 0.722136
vt 0.215007 0.722434
vt 0.020960 0.419931
vt 0.021255 0.420060
vt 0.035376 0.443034
vt 0.035063 0.442874
vt 0.900888 0.545248
vt 0.900967 0.545005
vt 0.919070 0.523807
vt 0.918968 0.524077
vt 0.557608 0.382357
vt 0.556877 0.381948
vt 0.575171 0.360547
vt 0.575798 0.361078
vt 0.900967 0.743032
vt 0.900327 0.743533
vt 0.886165 0.720192
vt 0.886886 0.719825
vt 0.533356 0.429912
vt 0.532484 0.429778
vt 0.542648 0.405180
vt 0.543461 0.405455
vt 0.876828 0.695253
vt 0.876050 0.695478
vt 0.869980 0.669855
vt 0.870793 0.669777
vt 0.663324 0.823009
vt 0.664519 0.823157
vt 0.664978 0.848842
vt 0.663780 0.848547
vt 0.868782 0.643859
vt 0.867957 0.643787
vt 0.869980 0.617739
vt 0.870793 0.617960
vt 0.051430 0.544278
vt 0.052471 0.544579
vt 0.046344 0.570075
vt 0.045338 0.569628
vt 0.008985 0.880809
vt 0.004533 0.881121
vt 0.002818 0.878277
vt 0.006881 0.877323
vt 0.108868 0.826131
vt 0.109423 0.827978
vt 0.086206 0.842702
vt 0.085894 0.840700
vt 0.575798 0.600550
vt 0.575171 0.601401
vt 0.556877 0.580181
vt 0.557608 0.579452
vt 0.600490 0.608205
vt 0.601831 0.609115
vt 0.583454 0.630635
vt 0.582282 0.629526
vt 0.022122 0.419645
vt 0.023441 0.418770
vt 0.037775 0.442091
vt 0.036325 0.442750
vt 0.730890 0.716970
vt 0.744113 0.726242
vt 0.737927 0.733957
vt 0.726287 0.722710
vt 0.046461 0.467259
vt 0.048005 0.466827
vt 0.054131 0.492513
vt 0.052530 0.492709
vt 0.526386 0.507151
vt 0.524830 0.507452
vt 0.522779 0.481286
vt 0.524354 0.481226
vt 0.866419 0.643757
vt 0.868461 0.617467
vt 0.874587 0.591667
vt 0.876050 0.592176
vt 0.036153 0.594662
vt 0.037602 0.595414
vt 0.023214 0.618845
vt 0.021898 0.617877
vt 0.574069 0.602578
vt 0.555604 0.581161
vt 0.024861 0.619976
vt 0.006152 0.641812
vt 0.004725 0.640425
vt 0.899090 0.744430
vt 0.897376 0.745638
vt 0.882912 0.721801
vt 0.884797 0.720872
vt 0.039595 0.441121
vt 0.049947 0.466151
vt 0.874587 0.695929
vt 0.872581 0.696561
vt 0.866382 0.670392
vt 0.868461 0.670067
vt 0.522771 0.507721
vt 0.520695 0.481244
vt 0.522771 0.454747
vt 0.524830 0.455100
vt 0.866382 0.617167
vt 0.872581 0.591060
vt 0.616125 0.431652
vt 0.617905 0.430768
vt 0.628237 0.456008
vt 0.626335 0.456596
vt 0.039420 0.596266
vt 0.583454 0.386392
vt 0.584846 0.384971
vt 0.603442 0.406930
vt 0.601831 0.408094
vt 0.006431 0.395830
vt 0.008039 0.394002
vt 0.026951 0.415989
vt 0.025090 0.417523
vt 0.553911 0.582306
vt 0.551918 0.583530
vt 0.537189 0.559629
vt 0.539379 0.558724
vt 0.880643 0.722912
vt 0.870172 0.697330
vt 0.528999 0.533706
vt 0.526668 0.534272
vt 0.520356 0.507936
vt 0.863889 0.670807
vt 0.861795 0.643824
vt 0.864316 0.643769
vt 0.863889 0.616861
vt 0.870172 0.590401
vt 0.041652 0.439906
vt 0.052144 0.465276
vt 0.882912 0.565922
vt 0.880643 0.564923
vt 0.895302 0.540908
vt 0.897376 0.542228
vt 0.914150 0.518838
vt 0.915972 0.520453
vt 0.009719 0.391953
vt 0.028902 0.414254
vt 0.040121 0.170358
vt 0.031409 0.171118
vt 0.030879 0.141409
vt 0.039568 0.139392
vt 0.534804 0.560505
vt 0.524134 0.534785
vt 0.636616 0.535841
vt 0.638857 0.536350
vt 0.632484 0.563189
vt 0.630333 0.562301
vt 0.861128 0.671291
vt 0.859004 0.643922
vt 0.636616 0.481895
vt 0.638857 0.481633
vt 0.640981 0.509002
vt 0.638710 0.508878
vt 0.861128 0.616574
vt 0.867501 0.589735
vt 0.526668 0.427845
vt 0.524134 0.426837
vt 0.534804 0.401010
vt 0.537189 0.402383
vt 0.878121 0.563893
vt 0.892990 0.539535
vt 0.570854 0.605495
vt 0.568951 0.607027
vt 0.549744 0.584748
vt 0.606994 0.613389
vt 0.608697 0.615039
vt 0.589308 0.637742
vt 0.587877 0.635774
vt 0.043633 0.598008
vt 0.045763 0.598768
vt 0.030584 0.623488
vt 0.028666 0.622382
vt 0.054333 0.572194
vt 0.056616 0.572587
vt 0.867501 0.698194
vt 0.864707 0.699107
vt 0.858244 0.671823
vt 0.856090 0.644065
vt 0.858244 0.616329
vt 0.864707 0.589109
vt 0.875479 0.562900
vt 0.365236 0.316152
vt 0.374460 0.312058
vt 0.397832 0.339624
vt 0.389480 0.344746
vt 0.890559 0.538196
vt 0.909948 0.515493
vt 0.912108 0.517150
vt 0.547510 0.374789
vt 0.545336 0.372928
vt 0.565076 0.349836
vt 0.566990 0.351999
vt 0.532358 0.399526
vt 0.529983 0.397994
vt 0.532358 0.561285
vt 0.529983 0.561904
vt 0.519017 0.535471
vt 0.521536 0.535200
vt 0.287047 0.235485
vt 0.283315 0.235840
vt 0.284800 0.207642
vt 0.288512 0.207657
vt 0.285295 0.179437
vt 0.289000 0.179822
vt 0.284800 0.151723
vt 0.288512 0.152472
vt 0.283315 0.124999
vt 0.287047 0.126098
vt 0.280841 0.099763
vt 0.284605 0.101194
vt 0.281186 0.289152
vt 0.277377 0.290220
vt 0.280841 0.263532
vt 0.284605 0.262814
vt 0.888129 0.536977
vt 0.907775 0.513972
vt 0.565264 0.831999
vt 0.566796 0.833822
vt 0.556296 0.859082
vt 0.554657 0.857516
vt 0.660291 0.719594
vt 0.664864 0.720552
vt 0.661663 0.745210
vt 0.657058 0.744503
vt 0.548531 0.883494
vt 0.550232 0.884798
vt 0.971571 0.412536
vt 0.967612 0.387753
vt 0.969859 0.386638
vt 0.235037 0.824445
vt 0.236985 0.798223
vt 0.234947 0.772086
vt 0.653364 0.848858
vt 0.658005 0.848516
vt 0.187363 0.920852
vt 0.185154 0.919307
vt 0.567390 0.834951
vt 0.556932 0.860110
vt 0.201211 0.699677
vt 0.550892 0.885724
vt 0.549124 0.911368
vt 0.551481 0.936618
vt 0.557816 0.961050
vt 0.419287 0.740351
vt 0.422632 0.739760
vt 0.183896 0.918566
vt 0.002818 0.398840
vt 0.003090 0.398942
vt 0.423623 0.819906
vt 0.420075 0.835941
vt 0.662833 0.771015
vt 0.665148 0.771035
vt 0.663780 0.797018
vt 0.661467 0.796965
vt 0.661011 0.822921
vt 0.661467 0.848425
vt 0.424743 0.738685
vt 0.224695 0.848857
vt 0.419412 0.769854
vt 0.421139 0.787227
vt 0.424743 0.807944
vt 0.581435 0.388291
vt 0.582282 0.387534
vt 0.600490 0.409036
vt 0.599539 0.409670
vt 0.035205 0.594073
vt 0.021032 0.617155
vt 0.053481 0.518484
vt 0.054533 0.518636
vt 0.770093 0.283012
vt 0.769947 0.278958
vt 0.886886 0.568072
vt 0.886165 0.567563
vt 0.900327 0.544363
vt 0.003579 0.639258
vt 0.002818 0.638414
vt 0.555604 0.381085
vt 0.574069 0.359485
vt 0.530985 0.429360
vt 0.541243 0.404533
vt 0.054072 0.544866
vt 0.047888 0.570599
vt 0.056153 0.518682
vt 0.630837 0.534829
vt 0.632460 0.535057
vt 0.626335 0.560858
vt 0.624768 0.560392
vt 0.884797 0.566824
vt 0.899090 0.543409
vt 0.917468 0.521890
vt 0.918536 0.523042
vt 0.781488 0.733373
vt 0.797246 0.741038
vt 0.788101 0.756982
vt 0.773714 0.746928
vt 0.056146 0.492142
vt 0.058192 0.518622
vt 0.056086 0.545117
vt 0.634435 0.535402
vt 0.628237 0.561509
vt 0.700504 0.736886
vt 0.703273 0.753011
vt 0.692733 0.754182
vt 0.692663 0.737758
vt 0.719841 0.413339
vt 0.711934 0.417561
vt 0.702959 0.394873
vt 0.711357 0.391893
vt 0.727533 0.331286
vt 0.727351 0.337824
vt 0.720088 0.337241
vt 0.721272 0.330784
vt 0.058427 0.491619
vt 0.060500 0.518457
vt 0.058366 0.545311
vt 0.052024 0.571702
vt 0.049828 0.571156
vt 0.041474 0.597153
vt 0.026718 0.621183
vt 0.007756 0.643315
vt 0.586355 0.383372
vt 0.587877 0.381701
vt 0.606994 0.404277
vt 0.605203 0.405629
vt 0.895302 0.747073
vt 0.892990 0.748647
vt 0.878121 0.724142
vt 0.043814 0.438513
vt 0.054455 0.464246
vt 0.060828 0.490966
vt 0.062931 0.518187
vt 0.060766 0.545425
vt 0.874363 0.177432
vt 0.873061 0.195133
vt 0.863889 0.191984
vt 0.863680 0.174202
vt 0.605203 0.611794
vt 0.586355 0.633863
vt 0.011368 0.389787
vt 0.030823 0.412405
vt 0.045947 0.437009
vt 0.056739 0.463106
vt 0.063202 0.490205
vt 0.065336 0.517814
vt 0.641011 0.481412
vt 0.643166 0.509170
vt 0.060531 0.851522
vt 0.060575 0.853638
vt 0.032867 0.860434
vt 0.033114 0.858247
vt 0.875479 0.725424
vt 0.011078 0.646255
vt 0.009433 0.644831
vt 0.012881 0.387609
vt 0.032594 0.410527
vt 0.047919 0.435457
vt 0.058855 0.461902
vt 0.065404 0.489361
vt 0.645117 0.509382
vt 0.642934 0.537487
vt 0.641011 0.536906
vt 0.067565 0.517336
vt 0.065340 0.545328
vt 0.063140 0.545438
vt 0.058730 0.572838
vt 0.634548 0.564126
vt 0.636386 0.565069
vt 0.625471 0.591626
vt 0.623777 0.590336
vt 0.047733 0.599367
vt 0.032352 0.624416
vt 0.012587 0.647485
vt 0.664448 0.696088
vt 0.668979 0.697282
vt 0.948752 0.549537
vt 0.946524 0.566168
vt 0.936523 0.565643
vt 0.938766 0.548829
vt 0.659377 0.770796
vt 0.654749 0.770348
vt 0.952492 0.486452
vt 0.950419 0.486563
vt 0.960632 0.463240
vt 0.962809 0.462892
vt 0.653364 0.796667
vt 0.658005 0.796849
vt 0.657548 0.822909
vt 0.652902 0.822991
vt 0.550442 0.698121
vt 0.545121 0.713714
vt 0.537803 0.710750
vt 0.542968 0.695584
vt 0.963982 0.360859
vt 0.413966 0.816109
vt 0.410372 0.832350
vt 0.672396 0.697794
vt 0.668297 0.720971
vt 0.665110 0.745531
vt 0.949398 0.486965
vt 0.959570 0.463734
vt 0.662833 0.873018
vt 0.665110 0.896242
vt 0.668297 0.917637
vt 0.672396 0.936745
vt 0.674723 0.697717
vt 0.670619 0.720924
vt 0.200825 0.699349
vt 0.665148 0.873173
vt 0.667428 0.896427
vt 0.423623 0.863175
vt 0.421715 0.861765
vt 0.525385 0.480805
vt 0.525272 0.481065
vt 0.527293 0.455269
vt 0.527403 0.455042
vt 0.968135 0.414609
vt 0.966445 0.389040
vt 0.966522 0.388548
vt 0.960643 0.363588
vt 0.670619 0.917850
vt 0.183487 0.918527
vt 0.667428 0.745517
vt 0.668647 0.745218
vt 0.666354 0.770883
vt 0.533356 0.532138
vt 0.532484 0.532594
vt 0.527293 0.506842
vt 0.664978 0.797017
vt 0.526386 0.455281
vt 0.629712 0.534742
vt 0.623677 0.560158
vt 0.614652 0.585006
vt 0.613619 0.584630
vt 0.599539 0.607697
vt 0.003852 0.398404
vt 0.005000 0.397332
vt 0.839456 0.644413
vt 0.834860 0.631064
vt 0.842268 0.629096
vt 0.844747 0.643007
vt 0.614652 0.432376
vt 0.624768 0.457090
vt 0.825893 0.365360
vt 0.814417 0.373675
vt 0.810657 0.367309
vt 0.823208 0.360814
vt 0.630837 0.482714
vt 0.632460 0.482457
vt 0.634502 0.508767
vt 0.632860 0.508782
vt 0.268904 0.872746
vt 0.276889 0.861600
vt 0.282322 0.866502
vt 0.272785 0.876246
vt 0.530985 0.533131
vt 0.616125 0.585700
vt 0.918536 0.765035
vt 0.917468 0.766132
vt 0.553911 0.379853
vt 0.572595 0.357995
vt 0.606816 0.073818
vt 0.614137 0.052025
vt 0.633760 0.061216
vt 0.623159 0.081472
vt 0.541243 0.557856
vt 0.636501 0.508800
vt 0.617905 0.586647
vt 0.603442 0.610340
vt 0.928622 0.540684
vt 0.927795 0.537117
vt 0.933127 0.541264
vt 0.933874 0.544600
vt 0.856298 0.899706
vt 0.856675 0.883174
vt 0.875582 0.882530
vt 0.876717 0.899270
vt 0.518252 0.481100
vt 0.520356 0.454244
vt 0.374645 0.605788
vt 0.377489 0.602145
vt 0.395278 0.622556
vt 0.392008 0.625710
vt 0.619862 0.587779
vt 0.619862 0.429790
vt 0.915972 0.767598
vt 0.914150 0.769330
vt 0.621863 0.428782
vt 0.630333 0.455372
vt 0.632484 0.454730
vt 0.517731 0.508072
vt 0.515597 0.480853
vt 0.621863 0.589031
vt 0.551918 0.378336
vt 0.549744 0.376619
vt 0.568951 0.354149
vt 0.570854 0.356183
vt 0.589308 0.380062
vt 0.608697 0.402958
vt 0.623777 0.427812
vt 0.634548 0.454128
vt 0.515042 0.508108
vt 0.512878 0.480502
vt 0.610190 0.616658
vt 0.590544 0.639663
vt 0.610190 0.401758
vt 0.625471 0.426942
vt 0.446572 0.911960
vt 0.446167 0.909047
vt 0.454073 0.906815
vt 0.454469 0.909563
vt 0.515042 0.452875
vt 0.512437 0.452053
vt 0.519017 0.424535
vt 0.521536 0.425719
vt 0.566990 0.608467
vt 0.565076 0.609713
vt 0.545336 0.586817
vt 0.547510 0.585872
vt 0.229800 0.271247
vt 0.212864 0.273529
vt 0.215806 0.240594
vt 0.232634 0.239525
vt 0.413855 0.845929
vt 0.409252 0.845072
vt 0.229101 0.850286
vt 0.567390 0.983706
vt 0.565863 0.983406
vt 0.969195 0.438104
vt 0.538166 0.729183
vt 0.529559 0.744496
vt 0.522654 0.740933
vt 0.531037 0.725885
vt 0.953861 0.335647
vt 0.937477 0.313322
vt 0.939419 0.311451
vt 0.047336 0.876616
vt 0.046251 0.869791
vt 0.047939 0.869839
vt 0.049145 0.876668
vt 0.415079 0.855034
vt 0.183487 0.678845
vt 0.674723 0.936983
vt 0.527403 0.506547
vt 0.302080 0.141165
vt 0.307417 0.142664
vt 0.304589 0.179857
vt 0.299233 0.178621
vt 0.581435 0.628895
vt 0.542648 0.557091
vt 0.543461 0.556495
vt 0.876828 0.592544
vt 0.958360 0.928919
vt 0.958035 0.897894
vt 0.965884 0.898146
vt 0.966203 0.928494
vt 0.459433 0.192680
vt 0.468685 0.189085
vt 0.476472 0.221990
vt 0.467511 0.226813
vt 0.719094 0.767243
vt 0.725181 0.784636
vt 0.709633 0.788929
vt 0.706399 0.770748
vt 0.584846 0.632115
vt 0.766980 0.429821
vt 0.755288 0.441166
vt 0.742140 0.425208
vt 0.755384 0.415746
vt 0.634435 0.482177
vt 0.836812 0.684159
vt 0.844904 0.683720
vt 0.843595 0.709520
vt 0.835575 0.708546
vt 0.539379 0.403579
vt 0.572595 0.603978
vt 0.528999 0.428701
vt 0.344071 0.183129
vt 0.354909 0.183622
vt 0.357295 0.214916
vt 0.346562 0.215804
vt 0.170522 0.526319
vt 0.166205 0.524254
vt 0.170002 0.496700
vt 0.174415 0.498074
vt 0.517731 0.453613
vt 0.508541 0.063000
vt 0.516612 0.065218
vt 0.504724 0.092700
vt 0.496151 0.091645
vt 0.912108 0.771223
vt 0.909948 0.773173
vt 0.890559 0.750277
vt 0.877904 0.951379
vt 0.877532 0.921770
vt 0.893991 0.921389
vt 0.894633 0.952236
vt 0.919070 0.764411
vt 0.970168 0.518037
vt 0.968351 0.522986
vt 0.962747 0.519234
vt 0.964619 0.513972
vt 0.794518 0.281200
vt 0.787163 0.281624
vt 0.786948 0.275632
vt 0.794281 0.274593
vt 0.937760 0.795711
vt 0.938050 0.785578
vt 0.947995 0.784572
vt 0.947700 0.794777
vt 0.636386 0.453608
vt 0.642934 0.481255
vt 0.512437 0.508020
vt 0.510244 0.480047
vt 0.574428 0.676796
vt 0.573065 0.690339
vt 0.569064 0.688004
vt 0.570509 0.673915
vt 0.337421 0.287099
vt 0.346380 0.284929
vt 0.356835 0.319246
vt 0.276791 0.314006
vt 0.272924 0.315405
vt 0.609090 0.203670
vt 0.609456 0.199941
vt 0.620738 0.202037
vt 0.620477 0.205785
vt 0.520830 0.391874
vt 0.536948 0.365559
vt 0.643064 0.568778
vt 0.631605 0.596659
vt 0.266403 0.237114
vt 0.267961 0.207511
vt 0.268481 0.177900
vt 0.649939 0.480788
vt 0.652231 0.510316
vt 0.267961 0.148805
vt 0.266403 0.120749
vt 0.263805 0.094256
vt 0.260169 0.294204
vt 0.263805 0.266186
vt 0.557671 0.614144
vt 0.536948 0.590107
vt 0.550400 0.618450
vt 0.528713 0.593295
vt 0.511845 0.385841
vt 0.528713 0.358302
vt 0.246786 0.268778
vt 0.249504 0.238354
vt 0.502410 0.448627
vt 0.492568 0.445234
vt 0.499797 0.415001
vt 0.509318 0.419738
vt 0.251135 0.207374
vt 0.251679 0.176386
vt 0.500107 0.478016
vt 0.490158 0.475990
vt 0.509318 0.536203
vt 0.499797 0.536883
vt 0.492568 0.506723
vt 0.502410 0.507383
vt 0.249504 0.116577
vt 0.246786 0.088851
vt 0.242980 0.298099
vt 0.260169 0.069849
vt 0.242980 0.063308
vt 0.238087 0.040496
vt 0.255493 0.048051
vt 0.238087 0.325769
vt 0.220730 0.330667
vt 0.225832 0.301817
vt 0.483098 0.441907
vt 0.490635 0.410386
vt 0.234334 0.207225
vt 0.234901 0.174916
vt 0.480585 0.473974
vt 0.490635 0.537463
vt 0.483098 0.506017
vt 0.232634 0.112557
vt 0.229800 0.083650
vt 0.503197 0.379983
vt 0.520784 0.351270
vt 0.599208 0.367515
vt 0.603230 0.362311
vt 0.625735 0.388887
vt 0.620793 0.393004
vt 0.203447 0.335223
vt 0.208744 0.305270
vt 0.655741 0.575959
vt 0.661401 0.579313
vt 0.648419 0.610899
vt 0.643238 0.606381
vt 0.414651 0.810472
vt 0.217572 0.207058
vt 0.218160 0.173512
vt 0.217572 0.140551
vt 0.234334 0.143170
vt 0.081883 0.447523
vt 0.088746 0.443020
vt 0.096534 0.475678
vt 0.089384 0.478978
vt 0.081739 0.574600
vt 0.088597 0.574960
vt 0.075518 0.606511
vt 0.069142 0.604989
vt 0.251135 0.145938
vt 0.225832 0.057018
vt 0.208744 0.051103
vt 0.203447 0.026409
vt 0.220730 0.033234
vt 0.186262 0.339325
vt 0.191736 0.308368
vt 0.191736 0.045689
vt 0.669189 0.546509
vt 0.674430 0.548528
vt 0.666381 0.582431
vt 0.099105 0.508950
vt 0.105619 0.506903
vt 0.102884 0.541310
vt 0.096459 0.542241
vt 0.669189 0.479631
vt 0.674430 0.479410
vt 0.677113 0.513983
vt 0.671786 0.513083
vt 0.094758 0.575124
vt 0.495053 0.569328
vt 0.487582 0.570608
vt 0.474103 0.538119
vt 0.482010 0.537892
vt 0.081242 0.607732
vt 0.062336 0.638521
vt 0.057225 0.636302
vt 0.186262 0.020167
vt 0.530716 0.629374
vt 0.525308 0.631935
vt 0.500358 0.602994
vt 0.506453 0.601231
vt 0.174830 0.311023
vt 0.179208 0.277290
vt 0.195994 0.275564
vt 0.643113 0.294642
vt 0.641174 0.279812
vt 0.670432 0.275094
vt 0.672942 0.289832
vt 0.199035 0.241526
vt 0.182335 0.242287
vt 0.184212 0.206645
vt 0.200860 0.206866
vt 0.111219 0.504889
vt 0.108407 0.540271
vt 0.666381 0.445427
vt 0.670512 0.444367
vt 0.678789 0.479313
vt 0.453407 0.896263
vt 0.453174 0.888246
vt 0.463191 0.888091
vt 0.463427 0.895961
vt 0.100050 0.575043
vt 0.086151 0.608576
vt 0.480952 0.571504
vt 0.174830 0.040900
vt 0.169200 0.014655
vt 0.795073 0.126290
vt 0.790893 0.143199
vt 0.767851 0.124774
vt 0.772544 0.108276
vt 0.158043 0.313147
vt 0.162522 0.278644
vt 0.182335 0.102184
vt 0.165720 0.099544
vt 0.162522 0.066919
vt 0.179208 0.070286
vt 0.100209 0.434820
vt 0.104461 0.431248
vt 0.112927 0.466748
vt 0.108487 0.469529
vt 0.458774 0.503394
vt 0.452647 0.502275
vt 0.449812 0.466111
vt 0.456002 0.468037
vt 0.452647 0.429919
vt 0.458774 0.432652
vt 0.184212 0.135964
vt 0.167640 0.134094
vt 0.656715 0.410661
vt 0.659513 0.409145
vt 0.673623 0.443620
vt 0.158043 0.036862
vt 0.066709 0.640237
vt 0.070197 0.641351
vt 0.044643 0.671176
vt 0.041726 0.669397
vt 0.950903 0.535764
vt 0.940931 0.534894
vt 0.141398 0.314651
vt 0.145952 0.279565
vt 0.149205 0.243159
vt 0.165720 0.242843
vt 0.151156 0.206089
vt 0.167640 0.206388
vt 0.444938 0.464221
vt 0.447821 0.427417
vt 0.682090 0.552061
vt 0.684156 0.553512
vt 0.675547 0.589773
vt 0.673623 0.587720
vt 0.151156 0.132574
vt 0.149205 0.097441
vt 0.104298 0.574670
vt 0.107328 0.573955
vt 0.092872 0.608831
vt 0.090082 0.608967
vt 0.808854 0.159854
vt 0.804208 0.176448
vt 0.785944 0.159511
vt 0.762513 0.140775
vt 0.135543 0.347760
vt 0.118997 0.348904
vt 0.124913 0.315446
vt 0.129515 0.279991
vt 0.563744 0.670868
vt 0.562268 0.685157
vt 0.554147 0.682436
vt 0.555593 0.668348
vt 0.116020 0.537789
vt 0.117749 0.536302
vt 0.108967 0.572849
vt 0.134774 0.205741
vt 0.135432 0.168271
vt 0.151807 0.169008
vt 0.297445 0.138869
vt 0.299018 0.139927
vt 0.296180 0.177247
vt 0.294637 0.175801
vt 0.825222 0.204257
vt 0.819805 0.220358
vt 0.811802 0.207384
vt 0.817301 0.191418
vt 0.876255 0.429177
vt 0.874258 0.445998
vt 0.864151 0.454503
vt 0.866255 0.437593
vt 0.094358 0.608092
vt 0.073924 0.641369
vt 0.072651 0.641762
vt 0.141398 0.033700
vt 0.124913 0.031538
vt 0.118997 0.003954
vt 0.135543 0.006403
vt 0.102672 0.349023
vt 0.108610 0.315443
vt 0.798570 0.192256
vt 0.791818 0.207180
vt 0.773295 0.190003
vt 0.780114 0.175141
vt 0.113228 0.279860
vt 0.116527 0.242937
vt 0.132802 0.243202
vt 0.299018 0.214455
vt 0.302080 0.215964
vt 0.310623 0.252529
vt 0.307529 0.250887
vt 0.444481 0.499532
vt 0.442812 0.497862
vt 0.439888 0.460565
vt 0.441567 0.462370
vt 0.863677 0.470956
vt 0.859508 0.479487
vt 0.859997 0.463004
vt 0.134774 0.131453
vt 0.118507 0.130781
vt 0.116527 0.095149
vt 0.132802 0.095950
vt 0.129515 0.062424
vt 0.113228 0.061501
vt 0.108610 0.030503
vt 0.102672 0.002818
vt 0.810139 0.017070
vt 0.808270 0.035771
vt 0.789558 0.020809
vt 0.792316 0.002818
vt 0.277377 0.076514
vt 0.055282 0.429264
vt 0.066763 0.457026
vt 0.073638 0.485854
vt 0.075908 0.515223
vt 0.073572 0.544610
vt 0.649939 0.539821
vt 0.055087 0.601341
vt 0.038939 0.627638
vt 0.018189 0.651858
vt 0.018498 0.379030
vt 0.023987 0.370589
vt 0.045645 0.395768
vt 0.039193 0.403091
vt 0.062482 0.423159
vt 0.074497 0.452213
vt 0.081622 0.543870
vt 0.074359 0.574094
vt 0.066631 0.573491
vt 0.656767 0.480345
vt 0.659166 0.511246
vt 0.062278 0.603240
vt 0.045379 0.630761
vt 0.615563 0.622938
vt 0.620793 0.629107
vt 0.599208 0.654382
vt 0.594938 0.647089
vt 0.029219 0.362420
vt 0.051801 0.388672
vt 0.034067 0.354660
vt 0.057513 0.381917
vt 0.649572 0.449970
vt 0.655741 0.448281
vt 0.663243 0.479951
vt 0.084067 0.513116
vt 0.091860 0.511023
vt 0.089312 0.543088
vt 0.656767 0.542124
vt 0.663243 0.544364
vt 0.649572 0.572428
vt 0.069355 0.417231
vt 0.625735 0.635055
vt 0.630246 0.640670
vt 0.606880 0.668031
vt 0.603230 0.661407
vt 0.474185 0.438679
vt 0.482010 0.405951
vt 0.634182 0.645843
vt 0.610034 0.674120
vt 0.630246 0.385083
vt 0.648419 0.415035
vt 0.643238 0.417735
vt 0.075739 0.411568
vt 0.051523 0.633682
vt 0.033717 0.663740
vt 0.028882 0.660108
vt 0.930754 0.344070
vt 0.925401 0.361552
vt 0.904809 0.369023
vt 0.910829 0.351299
vt 0.062634 0.375616
vt 0.081470 0.406260
vt 0.094913 0.438765
vt 0.102962 0.472517
vt 0.201468 0.172198
vt 0.200860 0.138133
vt 0.447002 0.913243
vt 0.454883 0.910770
vt 0.536789 0.626189
vt 0.513313 0.598959
vt 0.920770 0.378874
vt 0.899594 0.386557
vt 0.067015 0.369882
vt 0.086386 0.401394
vt 0.184837 0.170994
vt 0.637401 0.650462
vt 0.612568 0.679540
vt 0.152286 0.010018
vt 0.895347 0.403862
vt 0.879640 0.412001
vt 0.884237 0.394514
vt 0.495180 0.604147
vt 0.475331 0.571938
vt 0.168279 0.169923
vt 0.115722 0.502916
vt 0.112845 0.539105
vt 0.169200 0.342857
vt 0.152286 0.345707
vt 0.892227 0.420901
vt 0.090322 0.397060
vt 0.093116 0.393345
vt 0.107494 0.428111
vt 0.116103 0.464211
vt 0.118945 0.500989
vt 0.145952 0.064264
vt 0.917006 0.396004
vt 0.914252 0.412910
vt 0.912654 0.429559
vt 0.890398 0.437635
vt 0.109134 0.425470
vt 0.117833 0.461950
vt 0.120705 0.499115
vt 0.303823 0.488067
vt 0.302914 0.488664
vt 0.284701 0.467171
vt 0.285652 0.466624
vt 0.982545 0.464432
vt 0.983018 0.461801
vt 0.995149 0.500032
vt 0.994550 0.502265
vt 0.912356 0.445921
vt 0.890019 0.454026
vt 0.873820 0.462419
vt 0.118507 0.205340
vt 0.119167 0.167733
vt 0.321715 0.067610
vt 0.324860 0.068585
vt 0.310623 0.104264
vt 0.307529 0.103160
vt 0.467791 0.571117
vt 0.466207 0.569707
vt 0.451585 0.534465
vt 0.453222 0.536002
vt 0.977208 0.423570
vt 0.979175 0.420577
vt 0.985007 0.458947
vt 0.997182 0.497316
vt 0.590544 0.378558
vt 0.594938 0.372973
vt 0.615563 0.397329
vt 0.631605 0.423768
vt 0.643064 0.451763
vt 0.520830 0.563952
vt 0.806290 0.054387
vt 0.786709 0.038729
vt 0.637581 0.420673
vt 0.081692 0.482381
vt 0.637581 0.601606
vt 0.023663 0.656107
vt 0.520784 0.596279
vt 0.503197 0.567741
vt 0.511845 0.565923
vt 0.463044 0.878277
vt 0.472956 0.879124
vt 0.473098 0.889111
vt 0.665744 0.512170
vt 0.543395 0.622506
vt 0.661401 0.446750
vt 0.804091 0.072832
vt 0.801562 0.091021
vt 0.780364 0.074071
vt 0.783675 0.056506
vt 0.634182 0.381695
vt 0.652965 0.412650
vt 0.466015 0.504376
vt 0.474185 0.505242
vt 0.471576 0.471973
vt 0.463319 0.469993
vt 0.466015 0.435583
vt 0.652965 0.615075
vt 0.038041 0.666877
vt 0.610034 0.353178
vt 0.612568 0.349503
vt 0.637401 0.378828
vt 0.670512 0.585253
vt 0.656715 0.618822
vt 0.467091 0.397870
vt 0.474102 0.401760
vt 0.678789 0.550389
vt 0.467091 0.538094
vt 0.442976 0.163955
vt 0.448885 0.160807
vt 0.451516 0.196439
vt 0.445659 0.200282
vt 0.812633 0.142574
vt 0.659513 0.622054
vt 0.682090 0.479363
vt 0.681548 0.514865
vt 0.684912 0.515726
vt 0.520700 0.633748
vt 0.614358 0.346593
vt 0.615280 0.344573
vt 0.641109 0.375074
vt 0.639757 0.376587
vt 0.051405 0.876496
vt 0.050048 0.869680
vt 0.052568 0.869303
vt 0.054106 0.876092
vt 0.461154 0.537766
vt 0.456471 0.537086
vt 0.447821 0.500996
vt 0.684156 0.479586
vt 0.687026 0.516563
vt 0.456471 0.391241
vt 0.461154 0.394344
vt 0.661197 0.408182
vt 0.675547 0.443239
vt 0.661197 0.624687
vt 0.641109 0.657596
vt 0.639757 0.654416
vt 0.046666 0.672091
vt 0.979832 0.046995
vt 0.982612 0.046831
vt 0.985086 0.072066
vt 0.982300 0.072172
vt 0.491072 0.604588
vt 0.488187 0.604214
vt 0.470888 0.571835
vt 0.319905 0.067305
vt 0.305867 0.102485
vt 0.444481 0.425180
vt 0.297445 0.212621
vt 0.527052 0.762999
vt 0.514977 0.777973
vt 0.507319 0.774524
vt 0.519283 0.759621
vt 0.676111 0.591353
vt 0.661611 0.626634
vt 0.641311 0.659889
vt 0.517023 0.634688
vt 0.514410 0.634632
vt 0.166789 0.663409
vt 0.168503 0.659943
vt 0.191568 0.627906
vt 0.189770 0.631488
vt 0.341575 0.033941
vt 0.344792 0.034794
vt 0.977462 0.385935
vt 0.979431 0.382805
vt 0.117938 0.460001
vt 0.120820 0.497301
vt 0.995149 0.314840
vt 0.997182 0.311451
vt 0.985518 0.346230
vt 0.983527 0.349493
vt 0.324860 0.287647
vt 0.321715 0.285878
vt 0.367109 0.002818
vt 0.370420 0.003558
vt 0.053143 0.518225
vt 0.856090 0.921892
vt 0.546547 0.680441
vt 0.255493 0.320644
vt 0.169346 0.469026
vt 0.167828 0.468376
vt 0.162818 0.441324
vt 0.164290 0.441721
vt 0.512639 0.755840
vt 0.606880 0.357490
vt 0.495053 0.374385
vt 0.513313 0.344573
vt 0.487582 0.369136
vt 0.818084 0.106343
vt 0.815668 0.124704
vt 0.798592 0.108869
vt 0.776685 0.091351
vt 0.614358 0.684158
vt 0.825222 0.156967
vt 0.821730 0.174576
vt 0.613948 0.326227
vt 0.613753 0.333146
vt 0.612269 0.333508
vt 0.612357 0.326614
vt 0.562322 0.659672
vt 0.554163 0.657311
vt 0.615280 0.687840
vt 0.756436 0.156208
vt 0.305867 0.248674
vt 0.364827 0.003189
vt 0.339559 0.033987
vt 0.749531 0.171001
vt 0.344792 0.320653
vt 0.341575 0.318764
vt 0.822579 0.231010
vt 0.815914 0.246075
vt 0.813130 0.235384
vt 0.805097 0.222363
vt 0.486677 0.602925
vt 0.370420 0.350879
vt 0.367109 0.348880
vt 0.647496 0.309741
vt 0.677535 0.304897
vt 0.622329 0.311928
vt 0.618123 0.296813
vt 0.097475 0.278859
vt 0.100750 0.242195
vt 0.102716 0.204861
vt 0.443019 0.131115
vt 0.446086 0.127776
vt 0.439888 0.167549
vt 0.442590 0.204132
vt 0.102716 0.130824
vt 0.100750 0.095442
vt 0.097475 0.062030
vt 0.092888 0.031248
vt 0.464894 0.910168
vt 0.464486 0.908989
vt 0.474393 0.910428
vt 0.474807 0.911635
vt 0.086992 0.347539
vt 0.072407 0.344253
vt 0.078191 0.311546
vt 0.092888 0.314194
vt 0.468417 0.270794
vt 0.473838 0.265602
vt 0.493537 0.297866
vt 0.488500 0.303687
vt 0.082689 0.276887
vt 0.085903 0.240925
vt 0.087831 0.204305
vt 0.088473 0.167676
vt 0.103371 0.167517
vt 0.451935 0.125320
vt 0.087831 0.131685
vt 0.085903 0.096979
vt 0.598096 0.296457
vt 0.597018 0.281592
vt 0.616661 0.281942
vt 0.082689 0.064206
vt 0.078191 0.034014
vt 0.914097 0.461533
vt 0.918132 0.475929
vt 0.896375 0.483823
vt 0.891916 0.469580
vt 0.500246 0.291192
vt 0.524910 0.320206
vt 0.518931 0.327739
vt 0.281186 0.078250
vt 0.068968 0.274195
vt 0.072089 0.239267
vt 0.215051 0.549668
vt 0.209053 0.545191
vt 0.213798 0.510758
vt 0.219937 0.514216
vt 0.212979 0.476174
vt 0.219094 0.478608
vt 0.206660 0.442053
vt 0.212587 0.443477
vt 0.073962 0.133167
vt 0.072089 0.099459
vt 0.960790 0.527135
vt 0.958753 0.537726
vt 0.952975 0.524802
vt 0.068968 0.067629
vt 0.064599 0.038304
vt 0.058982 0.012114
vt 0.072407 0.007049
vt 0.058982 0.339624
vt 0.046779 0.334113
vt 0.052195 0.303488
vt 0.064599 0.307858
vt 0.501799 0.027213
vt 0.509527 0.029565
vt 0.490733 0.058822
vt 0.482304 0.057561
vt 0.332912 0.251707
vt 0.343298 0.249928
vt 0.356282 0.281956
vt 0.201515 0.540756
vt 0.206090 0.507561
vt 0.205300 0.474220
vt 0.199208 0.441325
vt 0.468317 0.089897
vt 0.477248 0.089996
vt 0.469076 0.122493
vt 0.459840 0.123606
vt 0.059416 0.102580
vt 0.056407 0.071893
vt 0.617379 0.267568
vt 0.619710 0.253947
vt 0.642662 0.251953
vt 0.641187 0.265499
vt 0.052195 0.043622
vt 0.046779 0.018374
vt 0.364454 0.245557
vt 0.354037 0.247798
vt 0.041059 0.298796
vt 0.045101 0.267660
vt 0.056407 0.271036
vt 0.047987 0.235353
vt 0.059416 0.237362
vt 0.049719 0.202455
vt 0.061221 0.203074
vt 0.050296 0.169549
vt 0.061823 0.168776
vt 0.335507 0.148365
vt 0.346562 0.150355
vt 0.332910 0.182525
vt 0.478543 0.185730
vt 0.486014 0.217301
vt 0.498596 0.247863
vt 0.489586 0.253845
vt 0.374460 0.051354
vt 0.383935 0.057280
vt 0.366494 0.086847
vt 0.356282 0.082172
vt 0.645109 0.239421
vt 0.671393 0.235182
vt 0.670058 0.247535
vt 0.648036 0.228151
vt 0.673209 0.224092
vt 0.517729 0.032681
vt 0.525810 0.036117
vt 0.499697 0.060752
vt 0.180077 0.410544
vt 0.172196 0.411953
vt 0.157022 0.384174
vt 0.164233 0.381539
vt 0.193165 0.536508
vt 0.184730 0.532590
vt 0.188934 0.502088
vt 0.197554 0.504659
vt 0.533627 0.002818
vt 0.540851 0.007020
vt 0.049719 0.137216
vt 0.190951 0.441111
vt 0.182610 0.441227
vt 0.045101 0.076596
vt 0.035145 0.081336
vt 0.031274 0.055359
vt 0.041059 0.049473
vt 0.148529 0.625555
vt 0.141983 0.617872
vt 0.161311 0.591025
vt 0.168711 0.597523
vt 0.026298 0.322279
vt 0.018147 0.316875
vt 0.022922 0.289877
vt 0.031274 0.294139
vt 0.709320 0.871683
vt 0.705153 0.866909
vt 0.710229 0.862545
vt 0.713696 0.867921
vt 0.175542 0.562417
vt 0.168124 0.557762
vt 0.176940 0.529146
vt 0.180973 0.499881
vt 0.039568 0.201872
vt 0.030879 0.201354
vt 0.188208 0.471453
vt 0.180277 0.470489
vt 0.174906 0.441489
vt 0.164914 0.413403
vt 0.035145 0.264320
vt 0.026635 0.261268
vt 0.029287 0.231582
vt 0.037909 0.233379
vt 0.026635 0.085708
vt 0.022922 0.060785
vt 0.073263 0.905013
vt 0.065852 0.906008
vt 0.065852 0.874147
vt 0.073263 0.871805
vt 0.135927 0.610967
vt 0.130937 0.605291
vt 0.148836 0.580430
vt 0.154471 0.585210
vt 0.515601 0.237147
vt 0.522279 0.232995
vt 0.537973 0.258700
vt 0.531861 0.263779
vt 0.504040 0.209064
vt 0.511120 0.205890
vt 0.023762 0.143070
vt 0.022226 0.115420
vt 0.029287 0.112760
vt 0.495002 0.150642
vt 0.502398 0.149503
vt 0.504494 0.177891
vt 0.497175 0.180055
vt 0.024274 0.171745
vt 0.168559 0.441715
vt 0.158915 0.414607
vt 0.536359 0.693491
vt 0.539752 0.679145
vt 0.162013 0.553939
vt 0.059743 0.906819
vt 0.059743 0.876068
vt 0.127589 0.601292
vt 0.145049 0.577040
vt 0.016082 0.286368
vt 0.010839 0.283971
vt 0.014335 0.257034
vt 0.019666 0.258755
vt 0.022226 0.230103
vt 0.016832 0.229084
vt 0.018331 0.200623
vt 0.023762 0.200928
vt 0.018830 0.172155
vt 0.018331 0.144182
vt 0.016832 0.117208
vt 0.154882 0.415277
vt 0.141175 0.390183
vt 0.144864 0.388883
vt 0.011474 0.312426
vt 0.006344 0.309391
vt 0.002818 0.308230
vt 0.007272 0.283045
vt 0.143756 0.575391
vt 0.156492 0.549788
vt 0.157904 0.551197
vt 0.315234 0.144426
vt 0.324831 0.146357
vt 0.322137 0.181790
vt 0.312460 0.180907
vt 0.013210 0.228665
vt 0.014695 0.200467
vt 0.272924 0.055751
vt 0.015189 0.172262
vt 0.014695 0.144548
vt 0.516623 0.094032
vt 0.518552 0.093814
vt 0.511831 0.120539
vt 0.509840 0.121007
vt 0.013210 0.117824
vt 0.010736 0.092588
vt 0.014335 0.091737
vt 0.007272 0.069339
vt 0.010839 0.068271
vt 0.542173 0.255111
vt 0.543866 0.253402
vt 0.563420 0.276405
vt 0.561910 0.278328
vt 0.875831 0.477915
vt 0.865759 0.486392
vt 0.307417 0.216939
vt 0.315899 0.253248
vt 0.315899 0.106021
vt 0.454138 0.236110
vt 0.451128 0.240213
vt 0.465508 0.275141
vt 0.485732 0.308266
vt 0.514389 0.334143
vt 0.511804 0.338937
vt 0.349830 0.320895
vt 0.381796 0.348687
vt 0.375278 0.350909
vt 0.330037 0.288120
vt 0.880597 0.491999
vt 0.870718 0.500313
vt 0.315234 0.217280
vt 0.323554 0.252894
vt 0.454984 0.092392
vt 0.460662 0.090614
vt 0.459833 0.231582
vt 0.923878 0.489078
vt 0.902747 0.496745
vt 0.475064 0.057320
vt 0.073962 0.203700
vt 0.074586 0.168124
vt 0.324831 0.217117
vt 0.481114 0.259855
vt 0.165366 0.648790
vt 0.160796 0.641463
vt 0.182616 0.611156
vt 0.187832 0.617586
vt 0.930754 0.500944
vt 0.910382 0.508335
vt 0.061221 0.135076
vt 0.176028 0.604351
vt 0.191515 0.573217
vt 0.198680 0.578861
vt 0.389480 0.016181
vt 0.397832 0.022867
vt 0.365236 0.045730
vt 0.508030 0.284055
vt 0.516292 0.276848
vt 0.539106 0.303684
vt 0.531808 0.312027
vt 0.354037 0.118067
vt 0.343298 0.114711
vt 0.486759 0.090661
vt 0.478919 0.121840
vt 0.476179 0.153720
vt 0.466221 0.155721
vt 0.047987 0.106038
vt 0.947593 0.846065
vt 0.947513 0.825487
vt 0.957521 0.826079
vt 0.957601 0.846507
vt 0.035864 0.025249
vt 0.035864 0.328178
vt 0.393088 0.063095
vt 0.376385 0.091412
vt 0.376385 0.274986
vt 0.366494 0.278527
vt 0.488642 0.121506
vt 0.486018 0.152037
vt 0.196796 0.472671
vt 0.037909 0.109532
vt 0.081240 0.903780
vt 0.081240 0.869105
vt 0.393088 0.302644
vt 0.401346 0.298216
vt 0.421951 0.322517
vt 0.414563 0.327974
vt 0.507487 0.242200
vt 0.524435 0.269959
vt 0.150356 0.386751
vt 0.364717 0.184022
vt 0.372784 0.184349
vt 0.374993 0.213327
vt 0.367006 0.214046
vt 0.488282 0.182694
vt 0.497520 0.121350
vt 0.495437 0.212930
vt 0.552823 0.288438
vt 0.546284 0.295660
vt 0.533181 0.039426
vt 0.539247 0.042159
vt 0.523255 0.067053
vt 0.019666 0.089309
vt 0.373874 0.124240
vt 0.381622 0.126648
vt 0.374993 0.155283
vt 0.367006 0.153908
vt 0.440817 0.915748
vt 0.440401 0.912593
vt 0.504828 0.121230
vt 0.428025 0.048500
vt 0.432290 0.052097
vt 0.412890 0.075743
vt 0.408138 0.072739
vt 0.511781 0.093579
vt 0.016082 0.065255
vt 0.408138 0.294565
vt 0.428025 0.318021
vt 0.558205 0.282500
vt 0.526864 0.230035
vt 0.527816 0.068157
vt 0.507470 0.148587
vt 0.509515 0.176281
vt 0.048850 0.894505
vt 0.050631 0.885127
vt 0.053948 0.884630
vt 0.052981 0.893886
vt 0.515979 0.203594
vt 0.559753 0.019402
vt 0.563420 0.021671
vt 0.543416 0.043872
vt 0.434251 0.053557
vt 0.415031 0.076984
vt 0.685119 0.709862
vt 0.681366 0.709992
vt 0.680360 0.696346
vt 0.684104 0.696088
vt 0.010736 0.256357
vt 0.603177 0.802443
vt 0.603497 0.821850
vt 0.586249 0.822390
vt 0.584051 0.802805
vt 0.509483 0.147864
vt 0.511509 0.175301
vt 0.517913 0.202362
vt 0.528698 0.228558
vt 0.002818 0.048576
vt 0.006344 0.047314
vt 0.168127 0.655099
vt 0.191030 0.623287
vt 0.349830 0.037037
vt 0.330037 0.070591
vt 0.587119 0.308775
vt 0.583159 0.293683
vt 0.602161 0.311569
vt 0.577329 0.303657
vt 0.573437 0.288601
vt 0.560037 0.719281
vt 0.553082 0.734750
vt 0.546113 0.732384
vt 0.553138 0.716792
vt 0.565358 0.703688
vt 0.558517 0.701041
vt 0.086992 0.003757
vt 0.356835 0.040820
vt 0.337421 0.073732
vt 0.582367 0.278871
vt 0.323554 0.108484
vt 0.381796 0.010396
vt 0.346380 0.077696
vt 0.204371 0.584335
vt 0.332912 0.111449
vt 0.456878 0.158073
vt 0.887422 0.504685
vt 0.154992 0.633569
vt 0.335507 0.216582
vt 0.777680 0.302523
vt 0.769219 0.299258
vt 0.769658 0.295336
vt 0.778228 0.297640
vt 0.187874 0.409466
vt 0.383935 0.307407
vt 0.183570 0.567652
vt 0.364454 0.121311
vt 0.357295 0.152234
vt 0.137144 0.358431
vt 0.143478 0.354660
vt 0.385321 0.271679
vt 0.650954 0.218393
vt 0.675105 0.214498
vt 0.401346 0.068385
vt 0.385321 0.095553
vt 0.859759 0.839393
vt 0.860347 0.829227
vt 0.869027 0.827621
vt 0.869467 0.838090
vt 0.620598 0.742741
vt 0.619619 0.776242
vt 0.603052 0.776690
vt 0.603165 0.742254
vt 0.653370 0.210393
vt 0.676681 0.206634
vt 0.392671 0.098961
vt 0.373874 0.243444
vt 0.381622 0.241701
vt 0.392671 0.268953
vt 0.011475 0.043771
vt 0.397801 0.101323
vt 0.387024 0.128332
vt 0.380557 0.212889
vt 0.387024 0.240568
vt 0.380557 0.156266
vt 0.378402 0.184620
vt 0.397802 0.267153
vt 0.412890 0.292138
vt 0.654796 0.204402
vt 0.677535 0.200735
vt 0.635744 0.206057
vt 0.635864 0.202306
vt 0.654739 0.200666
vt 0.400082 0.102327
vt 0.389404 0.129087
vt 0.382997 0.156763
vt 0.380861 0.184854
vt 0.382997 0.212862
vt 0.389404 0.240285
vt 0.529641 0.068177
vt 0.415031 0.291378
vt 0.434251 0.314048
vt 0.432290 0.315019
vt 0.219515 0.558175
vt 0.218781 0.554044
vt 0.223762 0.517900
vt 0.224531 0.521776
vt 0.572918 0.296326
vt 0.569057 0.281321
vt 0.861618 0.494864
vt 0.207893 0.589387
vt 0.208550 0.593767
vt 0.222903 0.481598
vt 0.572831 0.273886
vt 0.375278 0.006020
vt 0.598300 0.267229
vt 0.584070 0.264586
vt 0.669604 0.260917
vt 0.194903 0.409006
vt 0.406359 0.333854
vt 0.892001 0.276036
vt 0.897363 0.278939
vt 0.893908 0.282858
vt 0.887896 0.280692
vt 0.452999 0.866196
vt 0.453093 0.851948
vt 0.463096 0.852378
vt 0.463007 0.866408
vt 0.171360 0.379234
vt 0.623088 0.241334
vt 0.406359 0.029949
vt 0.414564 0.036919
vt 0.547955 0.011541
vt 0.131285 0.362053
vt 0.554427 0.015847
vt 0.421951 0.043271
vt 0.941985 0.561118
vt 0.941828 0.553002
vt 0.951671 0.554088
vt 0.951817 0.562117
vt 0.173743 0.469705
vt 0.126457 0.365046
vt 0.531425 0.708027
vt 0.524937 0.722668
vt 0.520074 0.719712
vt 0.526224 0.705670
vt 0.941105 0.599864
vt 0.941603 0.584580
vt 0.951428 0.585347
vt 0.950931 0.600478
vt 0.633841 0.212090
vt 0.126457 0.599419
vt 0.164716 0.523093
vt 0.168478 0.495794
vt 0.400082 0.266624
vt 0.684104 0.727821
vt 0.680360 0.727786
vt 0.938797 0.963671
vt 0.938418 0.929045
vt 0.948357 0.929121
vt 0.948739 0.964035
vt 0.958740 0.963545
vt 0.966574 0.962336
vt 0.924707 0.687106
vt 0.925884 0.660806
vt 0.931102 0.660008
vt 0.929976 0.685177
vt 0.972229 0.960592
vt 0.971871 0.927903
vt 0.975351 0.927208
vt 0.975694 0.958495
vt 0.434474 0.648385
vt 0.453641 0.646613
vt 0.453930 0.650833
vt 0.435745 0.652517
vt 0.434861 0.644873
vt 0.455010 0.643011
vt 0.487647 0.785016
vt 0.472640 0.799175
vt 0.468767 0.794390
vt 0.483206 0.780533
vt 0.879007 0.843210
vt 0.876982 0.834529
vt 0.882311 0.829275
vt 0.885142 0.838746
vt 0.710217 0.706903
vt 0.716757 0.713418
vt 0.712879 0.716959
vt 0.707441 0.709437
vt 0.938621 0.659549
vt 0.939594 0.637380
vt 0.949433 0.637603
vt 0.948470 0.659527
vt 0.926927 0.636988
vt 0.932104 0.637172
vt 0.945080 0.052814
vt 0.947585 0.038352
vt 0.955540 0.040505
vt 0.953790 0.054748
vt 0.919753 0.058879
vt 0.922642 0.040142
vt 0.927014 0.038357
vt 0.923851 0.055728
vt 0.470846 0.645261
vt 0.470291 0.649534
vt 0.971562 0.898556
vt 0.975055 0.899074
vt 0.948029 0.897846
vt 0.938322 0.508335
vt 0.936391 0.508226
vt 0.932960 0.616693
vt 0.940429 0.617474
vt 0.927815 0.615664
vt 0.513566 0.913708
vt 0.513949 0.907970
vt 0.519298 0.909618
vt 0.519289 0.915501
vt 0.486021 0.644571
vt 0.484757 0.648837
vt 0.976950 0.637933
vt 0.977876 0.615582
vt 0.979465 0.614396
vt 0.978497 0.637864
vt 0.971316 0.872532
vt 0.974817 0.874090
vt 0.965631 0.871267
vt 0.702601 0.269962
vt 0.700393 0.282315
vt 0.683172 0.281730
vt 0.683514 0.269533
vt 0.947769 0.870172
vt 0.957777 0.870434
vt 0.601317 0.253620
vt 0.473059 0.641606
vt 0.901989 0.860986
vt 0.903514 0.856761
vt 0.906235 0.874855
vt 0.900324 0.878085
vt 0.920570 0.810515
vt 0.920777 0.801600
vt 0.921743 0.796604
vt 0.921510 0.805901
vt 0.974832 0.597804
vt 0.975342 0.581499
vt 0.979128 0.578842
vt 0.978610 0.595887
vt 0.488943 0.640923
vt 0.502597 0.641224
vt 0.499099 0.644783
vt 0.971145 0.849817
vt 0.974649 0.852250
vt 0.965457 0.847830
vt 0.892403 0.898037
vt 0.903401 0.896206
vt 0.905515 0.920812
vt 0.933650 0.598594
vt 0.934153 0.582897
vt 0.924531 0.830686
vt 0.924548 0.814537
vt 0.929948 0.811398
vt 0.929923 0.828032
vt 0.599152 0.332328
vt 0.602003 0.330367
vt 0.603943 0.333270
vt 0.602090 0.333936
vt 0.436313 0.831999
vt 0.439809 0.833273
vt 0.436019 0.851264
vt 0.434697 0.851233
vt 0.980752 0.575899
vt 0.980225 0.593748
vt 0.511392 0.848064
vt 0.511898 0.850190
vt 0.506788 0.855865
vt 0.505903 0.853959
vt 0.905453 0.151158
vt 0.901258 0.135640
vt 0.905899 0.125487
vt 0.909945 0.139258
vt 0.965376 0.827808
vt 0.896978 0.271956
vt 0.901552 0.275505
vt 0.941903 0.571654
vt 0.951729 0.572548
vt 0.961749 0.572066
vt 0.961831 0.561530
vt 0.969795 0.559536
vt 0.969729 0.570358
vt 0.480655 0.853159
vt 0.480907 0.835981
vt 0.486297 0.835291
vt 0.486026 0.853411
vt 0.961866 0.587384
vt 0.959732 0.607333
vt 0.955858 0.607764
vt 0.958094 0.586753
vt 0.537305 0.856501
vt 0.537935 0.852429
vt 0.541102 0.857701
vt 0.540798 0.862893
vt 0.979406 0.564445
vt 0.981019 0.560830
vt 0.902701 0.117829
vt 0.907671 0.098548
vt 0.911991 0.092047
vt 0.907238 0.109501
vt 0.836299 0.101490
vt 0.838828 0.120633
vt 0.834720 0.116826
vt 0.831584 0.098412
vt 0.960951 0.600275
vt 0.961449 0.584992
vt 0.969435 0.583629
vt 0.968932 0.599326
vt 0.934447 0.569626
vt 0.934513 0.558804
vt 0.896624 0.864863
vt 0.890119 0.880739
vt 0.619224 0.874374
vt 0.618405 0.894946
vt 0.613373 0.901212
vt 0.613569 0.879363
vt 0.530423 0.855687
vt 0.531287 0.853768
vt 0.536412 0.859845
vt 0.535348 0.862365
vt 0.914453 0.102613
vt 0.918673 0.086817
vt 0.927272 0.083333
vt 0.923870 0.097782
vt 0.507343 0.890446
vt 0.506718 0.896691
vt 0.503835 0.892542
vt 0.504852 0.888506
vt 0.525192 0.850090
vt 0.525670 0.847956
vt 0.532096 0.851070
vt 0.496030 0.766345
vt 0.480359 0.776040
vt 0.492572 0.762186
vt 0.947544 0.808403
vt 0.957703 0.795585
vt 0.957550 0.809116
vt 0.696713 0.315880
vt 0.691600 0.319953
vt 0.688048 0.314198
vt 0.693651 0.310919
vt 0.934329 0.550454
vt 0.924679 0.801647
vt 0.930092 0.798126
vt 0.926496 0.551593
vt 0.926221 0.542479
vt 0.929138 0.546821
vt 0.929363 0.555516
vt 0.485899 0.869112
vt 0.489149 0.853571
vt 0.488998 0.870324
vt 0.522956 0.645839
vt 0.518689 0.648884
vt 0.513957 0.642775
vt 0.519308 0.640325
vt 0.535355 0.648961
vt 0.539507 0.656440
vt 0.533612 0.657567
vt 0.529529 0.650682
vt 0.439538 0.851393
vt 0.445235 0.851621
vt 0.439411 0.867094
vt 0.435868 0.868017
vt 0.957993 0.785452
vt 0.965821 0.787965
vt 0.965544 0.797902
vt 0.941414 0.547340
vt 0.951272 0.548496
vt 0.965258 0.685909
vt 0.966384 0.660740
vt 0.972191 0.661767
vt 0.971015 0.688067
vt 0.961674 0.553414
vt 0.969610 0.551186
vt 0.925632 0.535999
vt 0.529075 0.659494
vt 0.530646 0.667843
vt 0.527810 0.669546
vt 0.526194 0.662039
vt 0.535140 0.666759
vt 0.540993 0.666406
vt 0.618481 0.801336
vt 0.617275 0.820271
vt 0.547910 0.666898
vt 0.546457 0.656294
vt 0.940722 0.544161
vt 0.950600 0.545375
vt 0.238670 0.471984
vt 0.234456 0.472535
vt 0.235298 0.448077
vt 0.239495 0.448005
vt 0.835969 0.657725
vt 0.830142 0.649446
vt 0.834566 0.646582
vt 0.839136 0.655674
vt 0.486889 0.914611
vt 0.486525 0.909599
vt 0.489561 0.913896
vt 0.489928 0.919352
vt 0.529713 0.678544
vt 0.527037 0.679184
vt 0.978555 0.537097
vt 0.977630 0.533249
vt 0.978972 0.527943
vt 0.980003 0.532097
vt 0.534046 0.678522
vt 0.463734 0.901994
vt 0.473331 0.897128
vt 0.473637 0.903282
vt 0.931121 0.962560
vt 0.930750 0.928717
vt 0.925698 0.960885
vt 0.925339 0.928197
vt 0.922515 0.958831
vt 0.922172 0.927544
vt 0.865054 0.248478
vt 0.863657 0.256104
vt 0.856116 0.252403
vt 0.857401 0.244857
vt 0.921561 0.956579
vt 0.921234 0.926817
vt 0.975856 0.662944
vt 0.974618 0.690618
vt 0.957375 0.684362
vt 0.958467 0.659961
vt 0.947391 0.683645
vt 0.959440 0.637791
vt 0.930431 0.898370
vt 0.938092 0.898020
vt 0.480699 0.891041
vt 0.480924 0.899458
vt 0.471505 0.654104
vt 0.455920 0.655355
vt 0.920951 0.900004
vt 0.921876 0.899410
vt 0.977348 0.664173
vt 0.973235 0.637949
vt 0.086300 0.692131
vt 0.115700 0.697326
vt 0.111827 0.715398
vt 0.083440 0.705474
vt 0.967386 0.637904
vt 0.960568 0.544572
vt 0.961260 0.547751
vt 0.930178 0.871491
vt 0.937835 0.870560
vt 0.445127 0.866455
vt 0.508276 0.912506
vt 0.509077 0.908760
vt 0.920722 0.876150
vt 0.921638 0.874425
vt 0.924614 0.850110
vt 0.930004 0.848054
vt 0.974122 0.616625
vt 0.518523 0.848064
vt 0.518552 0.849479
vt 0.512417 0.851492
vt 0.722314 0.230876
vt 0.720538 0.254250
vt 0.704290 0.253201
vt 0.705238 0.230689
vt 0.950260 0.617909
vt 0.960275 0.617886
vt 0.636955 0.321657
vt 0.632274 0.321480
vt 0.632588 0.317565
vt 0.637217 0.318379
vt 0.937659 0.846633
vt 0.888695 0.846777
vt 0.892859 0.841974
vt 0.892635 0.854955
vt 0.884460 0.858528
vt 0.532779 0.847716
vt 0.533268 0.843829
vt 0.538210 0.847727
vt 0.538091 0.895622
vt 0.536764 0.895983
vt 0.537385 0.885002
vt 0.538760 0.884217
vt 0.497257 0.648962
vt 0.445487 0.834443
vt 0.453333 0.835411
vt 0.968242 0.617425
vt 0.937579 0.826205
vt 0.518508 0.845853
vt 0.966013 0.555691
vt 0.963963 0.570197
vt 0.960277 0.568581
vt 0.962402 0.553183
vt 0.971062 0.830393
vt 0.937343 0.082071
vt 0.935013 0.095625
vt 0.535449 0.894878
vt 0.536022 0.884476
vt 0.486016 0.893631
vt 0.485901 0.882488
vt 0.488977 0.884648
vt 0.489073 0.896628
vt 0.928525 0.596844
vt 0.921350 0.150066
vt 0.917644 0.129081
vt 0.928670 0.138387
vt 0.937608 0.809242
vt 0.952198 0.586175
vt 0.954453 0.567192
vt 0.965400 0.811174
vt 0.971080 0.814244
vt 0.975629 0.567719
vt 0.975670 0.556476
vt 0.979419 0.552691
vt 0.975445 0.547781
vt 0.979143 0.543577
vt 0.939487 0.023275
vt 0.947246 0.024827
vt 0.939902 0.037350
vt 0.932906 0.037389
vt 0.929034 0.580538
vt 0.937529 0.683950
vt 0.855462 0.262827
vt 0.855207 0.261324
vt 0.862691 0.261568
vt 0.862132 0.264947
vt 0.971211 0.801353
vt 0.918185 0.073874
vt 0.929707 0.053522
vt 0.924360 0.070225
vt 0.913508 0.116929
vt 0.923588 0.110726
vt 0.928055 0.121524
vt 0.507686 0.856867
vt 0.504350 0.864761
vt 0.503184 0.864198
vt 0.600076 0.322987
vt 0.603350 0.320091
vt 0.604556 0.324098
vt 0.602441 0.325613
vt 0.929321 0.566758
vt 0.502400 0.874331
vt 0.501076 0.874300
vt 0.760786 0.556882
vt 0.755652 0.549635
vt 0.775833 0.536569
vt 0.779862 0.544532
vt 0.603968 0.837246
vt 0.588762 0.837929
vt 0.472923 0.867061
vt 0.480547 0.867993
vt 0.480568 0.880587
vt 0.924936 0.791999
vt 0.930368 0.788189
vt 0.888750 0.833319
vt 0.881583 0.850729
vt 0.522261 0.656446
vt 0.525066 0.653255
vt 0.728566 0.274113
vt 0.723799 0.287391
vt 0.713947 0.284316
vt 0.717632 0.271583
vt 0.625065 0.832386
vt 0.622746 0.845210
vt 0.615018 0.848651
vt 0.616091 0.835293
vt 0.569079 0.662879
vt 0.925332 0.785577
vt 0.930791 0.781561
vt 0.526125 0.845139
vt 0.526517 0.841779
vt 0.518528 0.839635
vt 0.518509 0.842995
vt 0.510942 0.845254
vt 0.510590 0.841899
vt 0.971468 0.791705
vt 0.969155 0.545332
vt 0.974930 0.541645
vt 0.575798 0.679397
vt 0.574556 0.692136
vt 0.512421 0.733896
vt 0.503256 0.748096
vt 0.500785 0.744642
vt 0.509442 0.730863
vt 0.978108 0.522592
vt 0.979246 0.527051
vt 0.974102 0.538078
vt 0.968409 0.541996
vt 0.233373 0.526039
vt 0.236078 0.525386
vt 0.239025 0.548016
vt 0.236313 0.548615
vt 0.939777 0.542812
vt 0.949676 0.544058
vt 0.932125 0.539830
vt 0.926710 0.535556
vt 0.922106 0.790433
vt 0.922611 0.787383
vt 0.925879 0.782364
vt 0.526792 0.690866
vt 0.524362 0.690452
vt 0.976443 0.531534
vt 0.977674 0.526060
vt 0.530879 0.691898
vt 0.967407 0.540562
vt 0.973017 0.536516
vt 0.959623 0.543224
vt 0.441271 0.917142
vt 0.522442 0.703806
vt 0.520317 0.702561
vt 0.787164 0.287727
vt 0.778770 0.287440
vt 0.778769 0.282302
vt 0.582376 0.776806
vt 0.615210 0.690451
vt 0.437229 0.920496
vt 0.436798 0.917045
vt 0.516660 0.717195
vt 0.514902 0.715297
vt 0.966446 0.530451
vt 0.964461 0.540495
vt 0.944221 0.585700
vt 0.941846 0.608180
vt 0.931806 0.608077
vt 0.934203 0.585378
vt 0.754585 0.277577
vt 0.761536 0.277040
vt 0.440037 0.907580
vt 0.445806 0.904401
vt 0.436431 0.911589
vt 0.508120 0.728450
vt 0.516883 0.737326
vt 0.453713 0.902417
vt 0.858178 0.002818
vt 0.850101 0.046239
vt 0.839376 0.044693
vt 0.846928 0.003117
vt 0.885463 0.822891
vt 0.886446 0.815940
vt 0.889846 0.827411
vt 0.969927 0.534408
vt 0.968005 0.543788
vt 0.526808 0.838018
vt 0.533493 0.839531
vt 0.734577 0.710543
vt 0.749068 0.717603
vt 0.507252 0.751914
vt 0.537424 0.747795
vt 0.480952 0.364322
vt 0.445504 0.897920
vt 0.445279 0.889504
vt 0.627677 0.841017
vt 0.624911 0.853521
vt 0.620735 0.858501
vt 0.836157 0.076830
vt 0.830858 0.074828
vt 0.833526 0.044279
vt 0.490685 0.758360
vt 0.500975 0.770553
vt 0.453032 0.878259
vt 0.445148 0.879049
vt 0.875757 0.823241
vt 0.435943 0.894322
vt 0.435847 0.882341
vt 0.439412 0.880469
vt 0.439527 0.891613
vt 0.479138 0.771850
vt 0.479574 0.768279
vt 0.490455 0.755153
vt 0.501182 0.792691
vt 0.493649 0.789174
vt 0.774509 0.533286
vt 0.797260 0.523195
vt 0.798140 0.526675
vt 0.455937 0.812975
vt 0.437524 0.826363
vt 0.434997 0.820765
vt 0.452702 0.807830
vt 0.466611 0.789530
vt 0.466141 0.784942
vt 0.101821 0.870406
vt 0.099834 0.878734
vt 0.087659 0.876407
vt 0.091167 0.869105
vt 0.478256 0.803537
vt 0.805717 0.312631
vt 0.805983 0.295670
vt 0.815748 0.294410
vt 0.815476 0.311186
vt 0.510452 0.888212
vt 0.514375 0.891906
vt 0.510234 0.896549
vt 0.533075 0.864545
vt 0.532052 0.864010
vt 0.528805 0.856692
vt 0.529572 0.856703
vt 0.525943 0.920092
vt 0.525431 0.917717
vt 0.530162 0.912342
vt 0.531052 0.914417
vt 0.451319 0.802532
vt 0.451690 0.797467
vt 0.805985 0.275799
vt 0.815756 0.274742
vt 0.880541 0.816780
vt 0.883385 0.808932
vt 0.925633 0.009575
vt 0.934043 0.010893
vt 0.932150 0.022512
vt 0.925705 0.022509
vt 0.490359 0.833125
vt 0.490041 0.853636
vt 0.489443 0.834306
vt 0.963473 0.588020
vt 0.961450 0.606812
vt 0.434474 0.814917
vt 0.842770 0.136220
vt 0.839283 0.131867
vt 0.815493 0.252139
vt 0.822895 0.251712
vt 0.823145 0.273718
vt 0.805717 0.252976
vt 0.569486 0.705482
vt 0.571164 0.706481
vt 0.523854 0.690716
vt 0.526303 0.680417
vt 0.976699 0.520541
vt 0.439740 0.900619
vt 0.938492 0.778810
vt 0.564321 0.720648
vt 0.566229 0.721018
vt 0.975166 0.520618
vt 0.971890 0.515536
vt 0.973510 0.515421
vt 0.976234 0.526096
vt 0.975097 0.531528
vt 0.971758 0.536473
vt 0.839579 0.292153
vt 0.847142 0.294513
vt 0.845969 0.299555
vt 0.838185 0.298143
vt 0.481992 0.913498
vt 0.482422 0.914781
vt 0.544476 0.750064
vt 0.534199 0.765188
vt 0.557555 0.735782
vt 0.973519 0.522902
vt 0.974668 0.528145
vt 0.687026 0.068235
vt 0.691931 0.063218
vt 0.708825 0.084467
vt 0.703184 0.088559
vt 0.825991 0.493217
vt 0.824234 0.502067
vt 0.800037 0.495662
vt 0.803119 0.487163
vt 0.481587 0.910585
vt 0.487306 0.917767
vt 0.473997 0.907679
vt 0.464093 0.906301
vt 0.549172 0.750830
vt 0.409642 0.645659
vt 0.406027 0.648259
vt 0.972991 0.532302
vt 0.971769 0.527472
vt 0.975020 0.517626
vt 0.604546 0.850968
vt 0.407039 0.439066
vt 0.397657 0.468109
vt 0.381084 0.460969
vt 0.394803 0.433794
vt 0.481226 0.905939
vt 0.539156 0.765738
vt 0.971219 0.538662
vt 0.489272 0.906349
vt 0.490076 0.910280
vt 0.490358 0.918463
vt 0.486229 0.902637
vt 0.581435 0.742023
vt 0.522235 0.780091
vt 0.677268 0.197033
vt 0.249461 0.557103
vt 0.249233 0.552265
vt 0.278977 0.554161
vt 0.278493 0.558954
vt 0.857183 0.870984
vt 0.857784 0.861823
vt 0.872851 0.860945
vt 0.874252 0.870204
vt 0.489892 0.899781
vt 0.677742 0.150318
vt 0.699300 0.143881
vt 0.704079 0.165799
vt 0.681722 0.168571
vt 0.603560 0.696799
vt 0.581435 0.696088
vt 0.956639 0.551061
vt 0.940122 0.187570
vt 0.917271 0.177836
vt 0.917398 0.163556
vt 0.939202 0.172010
vt 0.926206 0.577744
vt 0.871503 0.853404
vt 0.870334 0.846235
vt 0.980671 0.538949
vt 0.913046 0.954993
vt 0.912151 0.920102
vt 0.913949 0.919324
vt 0.914835 0.956626
vt 0.850747 0.254416
vt 0.850667 0.250903
vt 0.855404 0.257870
vt 0.926483 0.563347
vt 0.467329 0.780972
vt 0.501826 0.884733
vt 0.500455 0.885280
vt 0.969365 0.547319
vt 0.516080 0.652548
vt 0.515406 0.656558
vt 0.507722 0.650126
vt 0.510010 0.646141
vt 0.932165 0.068019
vt 0.974564 0.833553
vt 0.975867 0.837007
vt 0.453719 0.793020
vt 0.524728 0.851400
vt 0.524317 0.851744
vt 0.518594 0.849952
vt 0.473017 0.852813
vt 0.621330 0.698584
vt 0.622787 0.868305
vt 0.949880 0.608061
vt 0.624228 0.861691
vt 0.622821 0.879027
vt 0.621562 0.887326
vt 0.435782 0.809254
vt 0.920472 0.837357
vt 0.920472 0.822437
vt 0.921395 0.818328
vt 0.921385 0.833888
vt 0.507615 0.882746
vt 0.505566 0.883021
vt 0.463331 0.836075
vt 0.473257 0.836276
vt 0.705225 0.201078
vt 0.683570 0.230811
vt 0.683172 0.201662
vt 0.722607 0.200023
vt 0.385976 0.630822
vt 0.399385 0.652390
vt 0.942083 0.157164
vt 0.948392 0.144161
vt 0.633617 0.743414
vt 0.631970 0.775541
vt 0.605852 0.882735
vt 0.606492 0.905453
vt 0.597785 0.906995
vt 0.596101 0.883954
vt 0.874386 0.004366
vt 0.865805 0.049008
vt 0.895621 0.008051
vt 0.886589 0.053089
vt 0.683665 0.252998
vt 0.734748 0.231312
vt 0.732365 0.255946
vt 0.742491 0.231933
vt 0.739724 0.258094
vt 0.436142 0.904043
vt 0.846145 0.079627
vt 0.860943 0.083162
vt 0.880673 0.087378
vt 0.645941 0.745052
vt 0.643593 0.773696
vt 0.639997 0.774666
vt 0.642104 0.744207
vt 0.856466 0.209301
vt 0.853213 0.202224
vt 0.857363 0.187183
vt 0.845388 0.105088
vt 0.858979 0.109044
vt 0.877202 0.113199
vt 0.974574 0.817992
vt 0.942612 0.012861
vt 0.887388 0.868050
vt 0.897401 0.850611
vt 0.513120 0.917809
vt 0.507417 0.914595
vt 0.627503 0.817910
vt 0.629868 0.799667
vt 0.637244 0.797619
vt 0.967446 0.558368
vt 0.859092 0.128873
vt 0.846909 0.124727
vt 0.875506 0.132834
vt 0.947404 0.096758
vt 0.948439 0.083506
vt 0.960113 0.088114
vt 0.960568 0.101799
vt 0.898782 0.845878
vt 0.896803 0.841142
vt 0.434474 0.884487
vt 0.847154 0.150212
vt 0.844292 0.145331
vt 0.592964 0.327497
vt 0.589983 0.330274
vt 0.589354 0.326407
vt 0.590833 0.324729
vt 0.634100 0.815024
vt 0.976043 0.693341
vt 0.874915 0.148563
vt 0.860460 0.144864
vt 0.950995 0.069292
vt 0.961186 0.073453
vt 0.974689 0.805566
vt 0.630826 0.828837
vt 0.636987 0.811868
vt 0.849787 0.140651
vt 0.853103 0.154964
vt 0.862263 0.159234
vt 0.876186 0.310944
vt 0.881032 0.309023
vt 0.882503 0.314984
vt 0.877809 0.317517
vt 0.941183 0.067594
vt 0.936918 0.052478
vt 0.633307 0.824963
vt 0.914059 0.078623
vt 0.851004 0.164569
vt 0.848762 0.159014
vt 0.855935 0.169773
vt 0.874757 0.162669
vt 0.963350 0.043922
vt 0.962645 0.058495
vt 0.860835 0.815530
vt 0.869137 0.813482
vt 0.917817 0.062759
vt 0.920206 0.042632
vt 0.853348 0.181253
vt 0.954960 0.027197
vt 0.962162 0.030415
vt 0.640512 0.795373
vt 0.920617 0.023235
vt 0.503635 0.906318
vt 0.504773 0.904664
vt 0.981001 0.548520
vt 0.965477 0.571903
vt 0.870182 0.218055
vt 0.862070 0.214796
vt 0.086877 0.884458
vt 0.101821 0.887070
vt 0.089432 0.892934
vt 0.884292 0.800388
vt 0.880168 0.799678
vt 0.875581 0.807904
vt 0.882902 0.789686
vt 0.883787 0.778810
vt 0.621493 0.912542
vt 0.622705 0.901881
vt 0.618466 0.922333
vt 0.613649 0.930388
vt 0.852323 0.238231
vt 0.779057 0.860726
vt 0.784558 0.861390
vt 0.783071 0.868279
vt 0.777775 0.866665
vt 0.634620 0.701171
vt 0.643306 0.704286
vt 0.647265 0.707658
vt 0.614148 0.862592
vt 0.906330 0.953485
vt 0.559742 0.735658
vt 0.909752 0.893975
vt 0.911500 0.891541
vt 0.438637 0.656957
vt 0.461121 0.817583
vt 0.924707 0.532152
vt 0.485319 0.653402
vt 0.590345 0.332882
vt 0.586891 0.336093
vt 0.588288 0.332365
vt 0.512187 0.920776
vt 0.512648 0.920192
vt 0.519317 0.922219
vt 0.519349 0.922879
vt 0.489864 0.871533
vt 0.852156 0.194220
vt 0.510343 0.834120
vt 0.510376 0.838141
vt 0.504055 0.844049
vt 0.503949 0.839754
vt 0.607066 0.935842
vt 0.921471 0.852586
vt 0.591381 0.851790
vt 0.743154 0.197033
vt 0.735267 0.198631
vt 0.598739 0.937832
vt 0.499971 0.741806
vt 0.274694 0.744623
vt 0.274747 0.741319
vt 0.299257 0.747837
vt 0.298725 0.751014
vt 0.605189 0.865352
vt 0.230168 0.650773
vt 0.231282 0.636115
vt 0.239507 0.641888
vt 0.239741 0.657628
vt 0.894092 0.836743
vt 0.870014 0.264346
vt 0.869388 0.265669
vt 0.861958 0.266319
vt 0.519296 0.919730
vt 0.232784 0.621161
vt 0.239741 0.625943
vt 0.593897 0.866342
vt 0.851164 0.245522
vt 0.626638 0.848091
vt 0.685404 0.307870
vt 0.691371 0.305463
vt 0.925031 0.898849
vt 0.497290 0.653445
vt 0.509753 0.903420
vt 0.505831 0.901442
vt 0.870938 0.261040
vt 0.505105 0.851274
vt 0.504465 0.847929
vt 0.849625 0.229443
vt 0.911566 0.008985
vt 0.917355 0.024663
vt 0.907050 0.009762
vt 0.534205 0.863964
vt 0.539062 0.870520
vt 0.537842 0.872823
vt 0.917950 0.008931
vt 0.499593 0.852718
vt 0.499434 0.848019
vt 0.496979 0.863223
vt 0.496786 0.858034
vt 0.496201 0.874640
vt 0.495996 0.868918
vt 0.890956 0.234487
vt 0.892336 0.228156
vt 0.895621 0.217941
vt 0.894340 0.223746
vt 0.885994 0.243979
vt 0.887443 0.237161
vt 0.879655 0.251336
vt 0.881136 0.244111
vt 0.588923 0.319846
vt 0.591536 0.317565
vt 0.593515 0.322277
vt 0.518567 0.835921
vt 0.920559 0.855265
vt 0.500142 0.856780
vt 0.497611 0.867507
vt 0.496860 0.879166
vt 0.497879 0.890811
vt 0.497250 0.886043
vt 0.884519 0.248969
vt 0.889441 0.239236
vt 0.878283 0.256539
vt 0.872142 0.255673
vt 0.500986 0.860112
vt 0.498575 0.870824
vt 0.497862 0.882468
vt 0.498836 0.894098
vt 0.883098 0.252180
vt 0.501486 0.904773
vt 0.877071 0.259788
vt 0.901231 0.852532
vt 0.907887 0.871334
vt 0.526962 0.833995
vt 0.518627 0.831999
vt 0.502031 0.862616
vt 0.499766 0.873110
vt 0.499097 0.884515
vt 0.500015 0.895909
vt 0.502509 0.906366
vt 0.876073 0.261154
vt 0.506570 0.914963
vt 0.536529 0.874033
vt 0.535826 0.906116
vt 0.534656 0.906084
vt 0.921105 0.795701
vt 0.489818 0.886890
vt 0.526465 0.920668
vt 0.535228 0.874084
vt 0.434520 0.869130
vt 0.501311 0.896249
vt 0.502620 0.895125
vt 0.528601 0.643685
vt 0.925688 0.594789
vt 0.588944 0.327363
vt 0.503630 0.873140
vt 0.505436 0.864211
vt 0.503099 0.882846
vt 0.924785 0.872826
vt 0.524973 0.913623
vt 0.629760 0.836443
vt 0.587740 0.333787
vt 0.605033 0.333369
vt 0.605638 0.335822
vt 0.604548 0.335508
vt 0.632274 0.331429
vt 0.633411 0.331158
vt 0.633411 0.335463
vt 0.650652 0.319473
vt 0.651190 0.317565
vt 0.651190 0.325948
vt 0.504164 0.879588
vt 0.504659 0.870662
vt 0.507343 0.654431
vt 0.524611 0.907890
vt 0.603968 0.329315
vt 0.605638 0.318075
vt 0.848274 0.241572
vt 0.848599 0.236348
vt 0.514230 0.900676
vt 0.521407 0.660022
vt 0.112717 0.895700
vt 0.114705 0.898731
vt 0.111168 0.902506
vt 0.109185 0.899660
vt 0.599421 0.335488
vt 0.599383 0.328035
vt 0.601195 0.317565
vt 0.111637 0.893782
vt 0.107973 0.898008
vt 0.873609 0.248165
vt 0.908798 0.006197
vt 0.903979 0.006863
vt 0.915497 0.006255
vt 0.923479 0.007003
vt 0.645015 0.323823
vt 0.642854 0.326078
vt 0.642854 0.317565
vt 0.113982 0.890109
vt 0.116137 0.893548
vt 0.907071 0.004147
vt 0.902082 0.004693
vt 0.913910 0.004310
vt 0.921993 0.005142
vt 0.540083 0.867188
vt 0.924954 0.614484
vt 0.848547 0.245128
vt 0.906297 0.002818
vt 0.901258 0.003248
vt 0.540036 0.882150
vt 0.541102 0.878833
vt 0.540351 0.890492
vt 0.539322 0.893793
vt 0.531954 0.914772
vt 0.851316 0.256101
vt 0.536912 0.904506
vt 0.532793 0.913344
vt 0.621706 0.334876
vt 0.622362 0.335445
vt 0.621706 0.338250
vt 0.438747 0.804210
vt 0.892413 0.831508
vt 0.533498 0.904448
vt 0.519326 0.902169
vt 0.519377 0.893241
vt 0.524346 0.891831
vt 0.524388 0.900599
vt 0.529356 0.908607
vt 0.532447 0.901242
vt 0.534253 0.892313
vt 0.534784 0.882607
vt 0.534048 0.872910
vt 0.508527 0.856845
vt 0.512910 0.851830
vt 0.528708 0.903277
vt 0.531597 0.896503
vt 0.533285 0.888291
vt 0.533781 0.879365
vt 0.533092 0.870448
vt 0.531227 0.862263
vt 0.528192 0.855534
vt 0.111608 0.878447
vt 0.111969 0.880451
vt 0.112848 0.887725
vt 0.111362 0.892880
vt 0.112614 0.886331
vt 0.586891 0.321806
vt 0.587413 0.321231
vt 0.528291 0.896413
vt 0.531043 0.890267
vt 0.532652 0.882817
vt 0.533124 0.874720
vt 0.532469 0.866631
vt 0.113309 0.883442
vt 0.109361 0.872571
vt 0.111025 0.876256
vt 0.528178 0.888079
vt 0.530880 0.882571
vt 0.532461 0.875895
vt 0.532926 0.868640
vt 0.113855 0.880945
vt 0.107458 0.869105
vt 0.110724 0.874521
vt 0.115757 0.887454
vt 0.107458 0.897426
vt 0.742033 0.855591
vt 0.765747 0.854934
vt 0.765525 0.858886
vt 0.764717 0.862629
vt 0.763367 0.866116
vt 0.761519 0.869301
vt 0.759217 0.872139
vt 0.756504 0.874582
vt 0.753425 0.876586
vt 0.750022 0.878104
vt 0.746340 0.879090
vt 0.742422 0.879498
vt 0.727634 0.316979
vt 0.723688 0.316663
vt 0.794905 0.874956
vt 0.797180 0.860985
vt 0.803024 0.862493
vt 0.798589 0.875906
vt 0.263900 0.854549
vt 0.269206 0.838773
vt 0.278369 0.842854
vt 0.270718 0.857584
vt 0.722029 0.879541
vt 0.718649 0.864865
vt 0.725150 0.877615
vt 0.716920 0.884684
vt 0.705590 0.876082
vt 0.719271 0.881912
vt 0.716512 0.314333
vt 0.709885 0.327088
vt 0.704902 0.324036
vt 0.713372 0.312410
vt 0.724106 0.862588
vt 0.728589 0.876180
vt 0.704845 0.300706
vt 0.689946 0.299585
vt 0.703947 0.297002
vt 0.249280 0.779963
vt 0.249381 0.763852
vt 0.271441 0.766081
vt 0.268738 0.781929
vt 0.729999 0.861161
vt 0.729140 0.854704
vt 0.736396 0.854116
vt 0.736255 0.860654
vt 0.713237 0.335590
vt 0.715366 0.329361
vt 0.715974 0.859001
vt 0.722305 0.856359
vt 0.702578 0.881045
vt 0.697332 0.877769
vt 0.700826 0.872012
vt 0.700487 0.320276
vt 0.695978 0.325052
vt 0.813315 0.867980
vt 0.816533 0.862910
vt 0.821529 0.867358
vt 0.817622 0.871815
vt 0.706879 0.332953
vt 0.701099 0.329413
vt 0.780586 0.874697
vt 0.775633 0.872198
vt 0.305863 0.565076
vt 0.307019 0.560434
vt 0.333015 0.570747
vt 0.331236 0.575142
vt 0.023068 0.918987
vt 0.023158 0.917597
vt 0.026082 0.911128
vt 0.025990 0.912521
vt 0.835468 0.322815
vt 0.836774 0.323285
vt 0.840361 0.329205
vt 0.839054 0.328731
vt 0.799369 0.301329
vt 0.793808 0.301290
vt 0.794283 0.294665
vt 0.799844 0.294708
vt 0.697554 0.877138
vt 0.701050 0.871378
vt 0.877000 0.292657
vt 0.877661 0.291423
vt 0.876130 0.297784
vt 0.875470 0.299014
vt 0.874972 0.305554
vt 0.875632 0.304329
vt 0.875526 0.312166
vt 0.799372 0.268282
vt 0.793811 0.268224
vt 0.793110 0.262209
vt 0.798671 0.262272
vt 0.044167 0.916793
vt 0.042228 0.911578
vt 0.046758 0.911233
vt 0.048695 0.916447
vt 0.879858 0.325151
vt 0.880520 0.323936
vt 0.884335 0.330088
vt 0.883672 0.331300
vt 0.019606 0.914089
vt 0.022257 0.908224
vt 0.884961 0.320805
vt 0.786519 0.299842
vt 0.786950 0.293835
vt 0.794519 0.287930
vt 0.026673 0.884930
vt 0.022792 0.884467
vt 0.020564 0.878948
vt 0.024216 0.878844
vt 0.028123 0.891310
vt 0.024107 0.890253
vt 0.786522 0.269856
vt 0.785886 0.264402
vt 0.840361 0.278011
vt 0.845154 0.280862
vt 0.841902 0.286358
vt 0.836774 0.284072
vt 0.792130 0.313742
vt 0.784998 0.311132
vt 0.785869 0.305643
vt 0.793091 0.307687
vt 0.776947 0.307143
vt 0.888130 0.306711
vt 0.889368 0.311730
vt 0.880530 0.303024
vt 0.887708 0.301661
vt 0.016783 0.884491
vt 0.014907 0.879844
vt 0.778588 0.277256
vt 0.024476 0.896207
vt 0.018202 0.894375
vt 0.017890 0.889362
vt 0.891202 0.287176
vt 0.884680 0.285821
vt 0.851834 0.285007
vt 0.849097 0.289633
vt 0.785043 0.259376
vt 0.776985 0.263571
vt 0.776102 0.259790
vt 0.783993 0.254883
vt 0.768630 0.302968
vt 0.045393 0.894769
vt 0.047856 0.885338
vt 0.847142 0.314770
vt 0.855033 0.313250
vt 0.856602 0.317109
vt 0.849097 0.319572
vt 0.012288 0.875505
vt 0.770094 0.287141
vt 0.895208 0.300258
vt 0.895547 0.304316
vt 0.778230 0.272393
vt 0.769659 0.275050
vt 0.769230 0.271361
vt 0.777695 0.267802
vt 0.902962 0.282001
vt 0.900188 0.285150
vt 0.906325 0.279243
vt 0.768660 0.267962
vt 0.760722 0.271261
vt 0.760145 0.268788
vt 0.767951 0.264926
vt 0.761186 0.274032
vt 0.769949 0.291273
vt 0.761772 0.290271
vt 0.761890 0.286902
vt 0.895514 0.296243
vt 0.901324 0.295561
vt 0.901074 0.298836
vt 0.896453 0.292340
vt 0.902090 0.292378
vt 0.901349 0.302146
vt 0.902157 0.305432
vt 0.896540 0.308348
vt 0.010136 0.900611
vt 0.005477 0.897267
vt 0.006363 0.893965
vt 0.011225 0.896559
vt 0.008345 0.904575
vt 0.004019 0.900496
vt 0.616069 0.325994
vt 0.615731 0.332929
vt 0.761178 0.296781
vt 0.754251 0.296023
vt 0.754585 0.293037
vt 0.761535 0.293584
vt 0.005004 0.892058
vt 0.005311 0.888956
vt 0.006694 0.890644
vt 0.903362 0.289343
vt 0.905484 0.288542
vt 0.904296 0.291378
vt 0.903581 0.294353
vt 0.006488 0.887360
vt 0.005118 0.885887
vt 0.004439 0.882904
vt 0.005762 0.884167
vt 0.903347 0.297414
vt 0.903603 0.300507
vt 0.862662 0.295769
vt 0.865520 0.296934
vt 0.864328 0.299920
vt 0.861384 0.298965
vt 0.754258 0.274766
vt 0.753825 0.272179
vt 0.903509 0.308640
vt 0.905617 0.306572
vt 0.907391 0.309438
vt 0.905411 0.311710
vt 0.411446 0.897929
vt 0.414047 0.900559
vt 0.411428 0.903626
vt 0.409252 0.900498
vt 0.626123 0.324550
vt 0.621718 0.325460
vt 0.621706 0.321550
vt 0.626114 0.321276
vt 0.749531 0.294349
vt 0.749795 0.290652
vt 0.754806 0.289943
vt 0.749925 0.286889
vt 0.754915 0.286794
vt 0.749924 0.283128
vt 0.749792 0.279435
vt 0.749531 0.275876
vt 0.844343 0.878266
vt 0.847898 0.878806
vt 0.846436 0.882345
vt 0.843118 0.881227
vt 0.741495 0.322931
vt 0.737950 0.324626
vt 0.735903 0.321304
vt 0.739780 0.320151
vt 0.622331 0.317565
vt 0.626637 0.317939
vt 0.736396 0.898912
vt 0.712486 0.898882
vt 0.712760 0.894955
vt 0.713621 0.891250
vt 0.715022 0.887811
vt 0.732302 0.875281
vt 0.736245 0.874962
vt 0.779409 0.854454
vt 0.754456 0.891222
vt 0.748613 0.892786
vt 0.706282 0.304144
vt 0.805074 0.879364
vt 0.807788 0.881781
vt 0.764743 0.885633
vt 0.759856 0.888813
vt 0.719966 0.315766
vt 0.814101 0.894969
vt 0.827640 0.892742
vt 0.827995 0.899009
vt 0.814325 0.898918
vt 0.833151 0.891634
vt 0.833563 0.898902
vt 0.826356 0.886817
vt 0.831661 0.884761
vt 0.804597 0.856545
vt 0.810862 0.859277
vt 0.808426 0.864848
vt 0.767954 0.890282
vt 0.762285 0.893971
vt 0.769047 0.881755
vt 0.772947 0.885784
vt 0.233532 0.606591
vt 0.239389 0.610545
vt 0.824212 0.881306
vt 0.829174 0.878368
vt 0.790961 0.860399
vt 0.790604 0.854116
vt 0.797817 0.854796
vt 0.052172 0.910421
vt 0.054106 0.915636
vt 0.572374 0.323916
vt 0.573775 0.318531
vt 0.832907 0.316528
vt 0.834211 0.316995
vt 0.800080 0.287977
vt 0.036110 0.915232
vt 0.034167 0.910016
vt 0.035911 0.910950
vt 0.037853 0.916165
vt 0.800079 0.281251
vt 0.799842 0.274648
vt 0.877149 0.318736
vt 0.792180 0.256667
vt 0.797741 0.256732
vt 0.791022 0.251712
vt 0.796585 0.251779
vt 0.047184 0.903563
vt 0.052093 0.902827
vt 0.880209 0.285359
vt 0.882370 0.291321
vt 0.880981 0.297089
vt 0.802684 0.796528
vt 0.804401 0.798475
vt 0.786359 0.814948
vt 0.784994 0.812679
vt 0.834211 0.290464
vt 0.845077 0.875195
vt 0.848775 0.875137
vt 0.581254 0.330533
vt 0.577387 0.330814
vt 0.845154 0.327285
vt 0.851834 0.324091
vt 0.855353 0.328236
vt 0.849336 0.332211
vt 0.889257 0.291807
vt 0.888088 0.296664
vt 0.838185 0.310279
vt 0.845969 0.309774
vt 0.839579 0.316213
vt 0.841902 0.321918
vt 0.891436 0.316629
vt 0.849336 0.275771
vt 0.855353 0.280723
vt 0.854091 0.309236
vt 0.854091 0.301025
vt 0.853777 0.305136
vt 0.845578 0.304672
vt 0.778590 0.292582
vt 0.898200 0.312283
vt 0.861624 0.285896
vt 0.858799 0.289337
vt 0.003419 0.862740
vt 0.003975 0.860528
vt 0.907391 0.283947
vt 0.905132 0.286514
vt 0.010492 0.884543
vt 0.856602 0.293053
vt 0.855033 0.296973
vt 0.760699 0.299803
vt 0.866752 0.289937
vt 0.869335 0.291490
vt 0.867189 0.294105
vt 0.864451 0.292740
vt 0.862662 0.315387
vt 0.865520 0.315266
vt 0.867189 0.318029
vt 0.864451 0.318345
vt 0.611274 0.334002
vt 0.611291 0.327142
vt 0.863612 0.303008
vt 0.860617 0.302269
vt 0.863374 0.306142
vt 0.860361 0.305623
vt 0.904356 0.303577
vt 0.753287 0.269870
vt 0.839200 0.857601
vt 0.841757 0.854116
vt 0.844389 0.857169
vt 0.841404 0.860157
vt 0.846436 0.860490
vt 0.843118 0.862938
vt 0.847898 0.864015
vt 0.844343 0.865888
vt 0.415346 0.885958
vt 0.418704 0.886255
vt 0.418413 0.890002
vt 0.415102 0.889094
vt 0.023870 0.902230
vt 0.027861 0.904518
vt 0.414371 0.879735
vt 0.417540 0.878819
vt 0.418413 0.882505
vt 0.415102 0.882820
vt 0.626637 0.327713
vt 0.622333 0.329239
vt 0.411446 0.873949
vt 0.414047 0.871905
vt 0.416084 0.875263
vt 0.413152 0.876759
vt 0.841404 0.884025
vt 0.844389 0.885687
vt 0.841757 0.888766
vt 0.839200 0.886603
vt 0.727634 0.293028
vt 0.710590 0.310041
vt 0.708211 0.307271
vt 0.703633 0.293075
vt 0.689447 0.293354
vt 0.811940 0.887762
vt 0.813292 0.891235
vt 0.801993 0.877391
vt 0.772701 0.877252
vt 0.731016 0.801336
vt 0.736167 0.816223
vt 0.715432 0.821948
vt 0.712727 0.806386
vt 0.790987 0.874587
vt 0.698553 0.898612
vt 0.692663 0.898146
vt 0.693168 0.890919
vt 0.698989 0.892381
vt 0.825770 0.872539
vt 0.821277 0.876281
vt 0.700354 0.886502
vt 0.694752 0.884099
vt 0.756022 0.896765
vt 0.749244 0.898580
vt 0.784967 0.854116
vt 0.843664 0.271956
vt 0.844973 0.272397
vt 0.839054 0.277567
vt 0.027769 0.905915
vt 0.040546 0.916692
vt 0.038605 0.911478
vt 0.831371 0.296613
vt 0.832674 0.297068
vt 0.832162 0.303770
vt 0.830858 0.303311
vt 0.832674 0.310451
vt 0.831371 0.309988
vt 0.835468 0.283625
vt 0.832907 0.290013
vt 0.571600 0.319506
vt 0.570198 0.324891
vt 0.569057 0.326156
vt 0.570459 0.320770
vt 0.844973 0.334637
vt 0.843664 0.334161
vt 0.043077 0.903876
vt 0.028530 0.897876
vt 0.837720 0.304220
vt 0.883756 0.279703
vt 0.888283 0.274568
vt 0.888420 0.326383
vt 0.894347 0.321324
vt 0.017452 0.873794
vt 0.008952 0.871557
vt 0.013489 0.869105
vt 0.966219 0.540486
vt 0.004202 0.874150
vt 0.900537 0.316053
vt 0.011633 0.892485
vt 0.011382 0.888458
vt 0.898015 0.288619
vt 0.858799 0.320738
vt 0.014105 0.909427
vt 0.016336 0.904490
vt 0.613619 0.432876
vt 0.860617 0.308967
vt 0.861384 0.312241
vt 0.613878 0.317565
vt 0.611274 0.317850
vt 0.045118 0.875884
vt 0.044180 0.869105
vt 0.044994 0.869543
vt 0.045990 0.876351
vt 0.863612 0.309267
vt 0.864328 0.312327
vt 0.869335 0.320560
vt 0.866752 0.321057
vt 0.741495 0.299063
vt 0.737950 0.296107
vt 0.740582 0.293028
vt 0.743699 0.296485
vt 0.738556 0.304823
vt 0.734441 0.302988
vt 0.735903 0.299449
vt 0.739780 0.301861
vt 0.417540 0.893680
vt 0.414371 0.892172
vt 0.845322 0.872072
vt 0.849068 0.871405
vt 0.848775 0.867675
vt 0.845077 0.868951
vt 0.416084 0.897221
vt 0.413152 0.895135
vt 0.743699 0.325487
vt 0.740582 0.327679
vt 0.790604 0.898585
vt 0.810091 0.884595
vt 0.742396 0.893434
vt 0.742033 0.899331
vt 0.777185 0.880561
vt 0.683751 0.301051
vt 0.683172 0.293824
vt 0.797692 0.313775
vt 0.798652 0.307724
vt 0.028438 0.899276
vt 0.705379 0.866273
vt 0.039792 0.903785
vt 0.017693 0.899445
vt 0.861624 0.324067
vt 0.045636 0.885276
vt 0.734441 0.317780
vt 0.738556 0.317201
vt 0.753804 0.298843
vt 0.004178 0.895142
vt 0.856090 0.951044
vt 0.002818 0.898155
vt 0.356620 0.584763
vt 0.357492 0.582623
vt 0.378582 0.600189
vt 0.733563 0.314119
vt 0.737821 0.314138
vt 0.733271 0.310390
vt 0.737576 0.311017
vt 0.733563 0.306657
vt 0.737821 0.307893
vt 0.249136 0.742041
vt 0.248680 0.738685
vt 0.409252 0.871358
vt 0.411428 0.868812
vt 0.272665 0.896847
vt 0.281766 0.895224
vt 0.282057 0.900875
vt 0.272873 0.900893
vt 0.849838 0.369237
vt 0.847825 0.379338
vt 0.842521 0.377934
vt 0.846041 0.368232
vt 0.256817 0.877151
vt 0.259628 0.867709
vt 0.264497 0.869877
vt 0.260303 0.878703
vt 0.263458 0.880757
vt 0.266236 0.883262
vt 0.276076 0.880312
vt 0.268591 0.886173
vt 0.278712 0.884875
vt 0.270478 0.889439
vt 0.842636 0.654122
vt 0.826746 0.673757
vt 0.817257 0.671843
vt 0.818389 0.666511
vt 0.827556 0.669940
vt 0.846424 0.653115
vt 0.850377 0.642431
vt 0.850453 0.652703
vt 0.816975 0.677467
vt 0.803384 0.677345
vt 0.803778 0.669470
vt 0.813133 0.459416
vt 0.807614 0.474719
vt 0.788280 0.466186
vt 0.796080 0.451890
vt 0.837697 0.391279
vt 0.830823 0.388245
vt 0.837611 0.375767
vt 0.740264 0.597155
vt 0.729768 0.589419
vt 0.743996 0.571941
vt 0.753257 0.581195
vt 0.720858 0.727667
vt 0.821819 0.638111
vt 0.828013 0.634101
vt 0.807902 0.360345
vt 0.821241 0.355841
vt 0.254360 0.866308
vt 0.256524 0.852587
vt 0.820056 0.350508
vt 0.806243 0.352879
vt 0.805772 0.345003
vt 0.819719 0.344883
vt 0.829265 0.615158
vt 0.839223 0.612512
vt 0.290621 0.878583
vt 0.305120 0.871078
vt 0.308730 0.880475
vt 0.293306 0.885575
vt 0.822719 0.403106
vt 0.814342 0.397719
vt 0.824590 0.384237
vt 0.816368 0.643001
vt 0.804410 0.631202
vt 0.811738 0.624630
vt 0.811748 0.648676
vt 0.798201 0.638830
vt 0.286663 0.848251
vt 0.737258 0.703523
vt 0.752672 0.708168
vt 0.310868 0.890554
vt 0.294897 0.893074
vt 0.849816 0.611428
vt 0.850150 0.628289
vt 0.852543 0.410906
vt 0.852063 0.429333
vt 0.838481 0.427950
vt 0.841941 0.409827
vt 0.825694 0.424565
vt 0.831959 0.407184
vt 0.820063 0.619240
vt 0.811301 0.603007
vt 0.823090 0.597779
vt 0.800636 0.609912
vt 0.803125 0.412438
vt 0.793657 0.404021
vt 0.806952 0.391148
vt 0.785607 0.394251
vt 0.800668 0.383522
vt 0.779133 0.383290
vt 0.795614 0.374966
vt 0.774390 0.371300
vt 0.791912 0.365607
vt 0.771534 0.358443
vt 0.789683 0.355571
vt 0.835847 0.594388
vt 0.849418 0.592999
vt 0.768892 0.677468
vt 0.750373 0.677608
vt 0.751205 0.661002
vt 0.769571 0.663909
vt 0.295304 0.900986
vt 0.772301 0.651054
vt 0.754548 0.645258
vt 0.760213 0.630574
vt 0.776927 0.639065
vt 0.768012 0.617149
vt 0.783294 0.628103
vt 0.777755 0.605181
vt 0.791249 0.618332
vt 0.811256 0.747860
vt 0.800888 0.765937
vt 0.286855 0.826714
vt 0.295580 0.810195
vt 0.308593 0.818664
vt 0.297480 0.833629
vt 0.819289 0.442337
vt 0.804791 0.435938
vt 0.813856 0.419340
vt 0.832377 0.575856
vt 0.848999 0.574154
vt 0.732593 0.677730
vt 0.733571 0.658198
vt 0.737503 0.639679
vt 0.789252 0.594869
vt 0.778324 0.580409
vt 0.793688 0.570461
vt 0.802315 0.586412
vt 0.320051 0.829001
vt 0.332731 0.816446
vt 0.344160 0.830566
vt 0.329768 0.841006
vt 0.753341 0.606616
vt 0.764800 0.592538
vt 0.744167 0.622407
vt 0.337552 0.854480
vt 0.353316 0.846415
vt 0.359979 0.863758
vt 0.343216 0.869224
vt 0.363925 0.882360
vt 0.346571 0.885039
vt 0.829049 0.558045
vt 0.848600 0.556044
vt 0.851122 0.466285
vt 0.850684 0.482508
vt 0.828500 0.480248
vt 0.831555 0.464293
vt 0.292185 0.771597
vt 0.287034 0.786795
vt 0.311359 0.780135
vt 0.303946 0.794326
vt 0.729864 0.615059
vt 0.768589 0.567444
vt 0.731566 0.407305
vt 0.746057 0.399955
vt 0.786009 0.556165
vt 0.805263 0.547625
vt 0.810671 0.562929
vt 0.717850 0.655638
vt 0.722308 0.634641
vt 0.249741 0.577468
vt 0.249636 0.565202
vt 0.277403 0.566972
vt 0.275540 0.579113
vt 0.249351 0.750820
vt 0.273509 0.753261
vt 0.367333 0.839192
vt 0.378517 0.833323
vt 0.386789 0.854855
vt 0.374886 0.858854
vt 0.781947 0.477818
vt 0.762753 0.465473
vt 0.770753 0.454913
vt 0.328713 0.791429
vt 0.336226 0.781020
vt 0.352960 0.796115
vt 0.343994 0.805214
vt 0.723818 0.387722
vt 0.296225 0.759302
vt 0.850284 0.495691
vt 0.849934 0.504684
vt 0.800947 0.535180
vt 0.822279 0.520261
vt 0.823764 0.529116
vt 0.777638 0.485776
vt 0.757333 0.472716
vt 0.722837 0.584057
vt 0.737889 0.565567
vt 0.731421 0.432944
vt 0.724185 0.438301
vt 0.973613 0.533342
vt 0.706249 0.368898
vt 0.697555 0.370546
vt 0.696017 0.344885
vt 0.704796 0.344643
vt 0.695586 0.677465
vt 0.692663 0.676990
vt 0.693972 0.650823
vt 0.696870 0.651810
vt 0.234465 0.518277
vt 0.230168 0.519750
vt 0.232749 0.496569
vt 0.236996 0.495550
vt 0.385785 0.829324
vt 0.388053 0.827707
vt 0.396978 0.850940
vt 0.394536 0.852103
vt 0.710788 0.604799
vt 0.708168 0.602875
vt 0.720457 0.581720
vt 0.235282 0.423629
vt 0.239480 0.424034
vt 0.735809 0.562862
vt 0.753926 0.546613
vt 0.238631 0.400496
vt 0.234417 0.399622
vt 0.232709 0.376488
vt 0.236957 0.377815
vt 0.321914 0.757925
vt 0.320939 0.760906
vt 0.399720 0.876536
vt 0.402265 0.875861
vt 0.403615 0.902154
vt 0.401044 0.902317
vt 0.697036 0.714150
vt 0.698342 0.723543
vt 0.692742 0.724165
vt 0.693027 0.714596
vt 0.253047 0.876149
vt 0.280630 0.889868
vt 0.271851 0.893013
vt 0.266615 0.413491
vt 0.262013 0.415116
vt 0.254941 0.386943
vt 0.259713 0.385992
vt 0.836529 0.362132
vt 0.829232 0.369413
vt 0.834139 0.359232
vt 0.708475 0.719872
vt 0.704289 0.711522
vt 0.832217 0.355977
vt 0.830809 0.352417
vt 0.716842 0.689202
vt 0.726012 0.688690
vt 0.725725 0.694346
vt 0.716637 0.693250
vt 0.248758 0.865742
vt 0.248680 0.851794
vt 0.738844 0.696006
vt 0.724592 0.699714
vt 0.833160 0.372904
vt 0.819092 0.379349
vt 0.822949 0.656992
vt 0.826249 0.652938
vt 0.286929 0.872194
vt 0.853459 0.379912
vt 0.853012 0.394049
vt 0.845124 0.393245
vt 0.714692 0.731746
vt 0.722341 0.746102
vt 0.713182 0.750275
vt 0.707877 0.734851
vt 0.750794 0.746339
vt 0.741445 0.754874
vt 0.730630 0.740620
vt 0.293966 0.854839
vt 0.248749 0.835072
vt 0.259292 0.836137
vt 0.328489 0.887823
vt 0.329189 0.901447
vt 0.311414 0.901189
vt 0.275116 0.821487
vt 0.306836 0.842069
vt 0.314769 0.851870
vt 0.300159 0.862490
vt 0.321125 0.862872
vt 0.281201 0.803793
vt 0.816753 0.580008
vt 0.755344 0.687422
vt 0.773107 0.686722
vt 0.772415 0.700357
vt 0.754804 0.698065
vt 0.248909 0.816745
vt 0.249104 0.797985
vt 0.265647 0.799656
vt 0.262416 0.818109
vt 0.834951 0.446482
vt 0.294390 0.601117
vt 0.299863 0.584553
vt 0.322410 0.593498
vt 0.314466 0.609082
vt 0.770193 0.405210
vt 0.762263 0.391785
vt 0.791648 0.427485
vt 0.780052 0.417176
vt 0.756454 0.377100
vt 0.296860 0.379552
vt 0.279780 0.382436
vt 0.277402 0.356599
vt 0.294742 0.356546
vt 0.851586 0.448177
vt 0.787142 0.718569
vt 0.803897 0.723624
vt 0.319253 0.804287
vt 0.764007 0.759034
vt 0.776684 0.771221
vt 0.763216 0.783517
vt 0.752557 0.769487
vt 0.391689 0.877950
vt 0.379360 0.879944
vt 0.739224 0.382682
vt 0.735109 0.364161
vt 0.752956 0.361354
vt 0.364933 0.901987
vt 0.347429 0.901725
vt 0.808828 0.685336
vt 0.824387 0.684707
vt 0.823257 0.706977
vt 0.807831 0.704978
vt 0.818796 0.728117
vt 0.747919 0.793634
vt 0.755331 0.807491
vt 0.787943 0.782080
vt 0.772674 0.796020
vt 0.356951 0.821223
vt 0.719154 0.366723
vt 0.717827 0.344573
vt 0.733939 0.344625
vt 0.830690 0.731696
vt 0.780621 0.441947
vt 0.811079 0.773111
vt 0.796904 0.790789
vt 0.822433 0.753315
vt 0.367149 0.813646
vt 0.761191 0.818616
vt 0.740205 0.828178
vt 0.717499 0.834448
vt 0.693348 0.837131
vt 0.693379 0.824398
vt 0.847959 0.517632
vt 0.848038 0.526632
vt 0.838427 0.734011
vt 0.829692 0.756883
vt 0.820308 0.661538
vt 0.828930 0.666380
vt 0.745818 0.450419
vt 0.739416 0.456789
vt 0.358747 0.789960
vt 0.373758 0.808507
vt 0.392940 0.902319
vt 0.849647 0.508335
vt 0.823435 0.505665
vt 0.846128 0.709733
vt 0.840857 0.734713
vt 0.342419 0.771271
vt 0.341044 0.773990
vt 0.360476 0.787559
vt 0.375786 0.806475
vt 0.699742 0.396336
vt 0.694230 0.371523
vt 0.692663 0.345351
vt 0.437712 0.922025
vt 0.714455 0.700682
vt 0.722677 0.704728
vt 0.720044 0.709319
vt 0.712570 0.703968
vt 0.833182 0.660224
vt 0.842527 0.366681
vt 0.839340 0.364632
vt 0.715826 0.697093
vt 0.700805 0.713110
vt 0.703608 0.722089
vt 0.249036 0.875743
vt 0.739246 0.688087
vt 0.805363 0.662005
vt 0.789049 0.344986
vt 0.342884 0.605655
vt 0.332696 0.619906
vt 0.808050 0.655042
vt 0.793230 0.647386
vt 0.789620 0.656745
vt 0.770721 0.344882
vt 0.325750 0.874910
vt 0.769684 0.713300
vt 0.765067 0.725387
vt 0.758719 0.736455
vt 0.786959 0.677362
vt 0.787489 0.666779
vt 0.751961 0.344745
vt 0.739552 0.778089
vt 0.730827 0.761897
vt 0.693276 0.808547
vt 0.693096 0.790767
vt 0.826100 0.542088
vt 0.848266 0.539819
vt 0.341987 0.484509
vt 0.334650 0.494400
vt 0.315118 0.477412
vt 0.323839 0.468726
vt 0.380504 0.902197
vt 0.317222 0.768652
vt 0.780183 0.806055
vt 0.764902 0.825967
vt 0.742700 0.836083
vt 0.284617 0.435303
vt 0.277405 0.439069
vt 0.274297 0.410838
vt 0.718678 0.842716
vt 0.718721 0.845584
vt 0.692663 0.848479
vt 0.693129 0.845554
vt 0.831947 0.758041
vt 0.819696 0.779401
vt 0.817680 0.777826
vt 0.765866 0.828502
vt 0.743222 0.838819
vt 0.826544 0.677783
vt 0.830820 0.663126
vt 0.490359 0.922803
vt 0.853871 0.369648
vt 0.048760 0.811279
vt 0.054093 0.827876
vt 0.030312 0.833709
vt 0.027586 0.816473
vt 0.692897 0.772248
vt 0.360985 0.620731
vt 0.348813 0.633330
vt 0.791335 0.686017
vt 0.790487 0.702716
vt 0.332175 0.650212
vt 0.362551 0.649093
vt 0.343616 0.663340
vt 0.716741 0.677783
vt 0.662198 0.117596
vt 0.680635 0.104591
vt 0.691399 0.123385
vt 0.671162 0.133248
vt 0.641397 0.046375
vt 0.646520 0.036126
vt 0.668033 0.050645
vt 0.661384 0.059864
vt 0.057616 0.839525
vt 0.032020 0.845803
vt 0.705223 0.653461
vt 0.710105 0.630469
vt 0.718379 0.609025
vt 0.704009 0.677712
vt 0.702035 0.627485
vt 0.847463 0.683419
vt 0.699240 0.626014
vt 0.037349 0.903306
vt 0.230168 0.354660
vt 0.234465 0.356413
vt 0.821881 0.516653
vt 0.848072 0.513972
vt 0.248680 0.733048
vt 0.249157 0.686343
vt 0.256956 0.686840
vt 0.264309 0.688485
vt 0.271125 0.691189
vt 0.277315 0.694864
vt 0.282787 0.699422
vt 0.287451 0.704774
vt 0.291217 0.710832
vt 0.293995 0.717507
vt 0.295694 0.724712
vt 0.296224 0.732357
vt 0.433644 0.404971
vt 0.434058 0.443636
vt 0.420179 0.442402
vt 0.425981 0.404290
vt 0.018646 0.722959
vt 0.031361 0.759705
vt 0.018341 0.762899
vt 0.011456 0.724723
vt 0.325661 0.692690
vt 0.330691 0.704780
vt 0.395602 0.385315
vt 0.365160 0.408037
vt 0.358183 0.396693
vt 0.391749 0.379051
vt 0.602635 0.150536
vt 0.629746 0.124298
vt 0.637965 0.134636
vt 0.607173 0.156245
vt 0.041138 0.706077
vt 0.072098 0.729130
vt 0.063932 0.739114
vt 0.036630 0.711590
vt 0.411969 0.399537
vt 0.383634 0.426755
vt 0.405802 0.395650
vt 0.610828 0.162625
vt 0.644584 0.146193
vt 0.649442 0.158796
vt 0.613510 0.169584
vt 0.652381 0.172273
vt 0.615133 0.177026
vt 0.653240 0.186453
vt 0.615607 0.184855
vt 0.682886 0.187777
vt 0.041291 0.788850
vt 0.023656 0.793176
vt 0.105344 0.732177
vt 0.078653 0.717862
vt 0.085406 0.760961
vt 0.072380 0.772520
vt 0.054316 0.747648
vt 0.620085 0.115351
vt 0.637980 0.091475
vt 0.651065 0.103594
vt 0.365957 0.451434
vt 0.276927 0.652219
vt 0.289272 0.657116
vt 0.352934 0.384248
vt 0.324376 0.393863
vt 0.319827 0.375742
vt 0.349575 0.370869
vt 0.570214 0.096901
vt 0.570434 0.066487
vt 0.589169 0.068745
vt 0.584047 0.098569
vt 0.705476 0.188859
vt 0.359668 0.694574
vt 0.381825 0.686597
vt 0.386829 0.707816
vt 0.363836 0.712246
vt 0.133454 0.723083
vt 0.125669 0.743230
vt 0.115009 0.761555
vt 0.096465 0.747439
vt 0.267695 0.384537
vt 0.101729 0.777792
vt 0.086090 0.791670
vt 0.651557 0.073227
vt 0.057604 0.781890
vt 0.068347 0.802922
vt 0.415454 0.472628
vt 0.411681 0.495884
vt 0.390312 0.490459
vt 0.005082 0.818234
vt 0.004915 0.794643
vt 0.570452 0.043223
vt 0.570296 0.026167
vt 0.595561 0.029212
vt 0.592948 0.045935
vt 0.302321 0.401309
vt 0.285913 0.406873
vt 0.310858 0.421548
vt 0.295502 0.429603
vt 0.376414 0.638435
vt 0.388872 0.658473
vt 0.373644 0.666935
vt 0.113583 0.790266
vt 0.096018 0.805853
vt 0.694043 0.095089
vt 0.706131 0.116197
vt 0.384736 0.506996
vt 0.362386 0.497367
vt 0.370412 0.481886
vt 0.408736 0.513089
vt 0.249762 0.594809
vt 0.272733 0.596273
vt 0.720372 0.163831
vt 0.731523 0.162547
vt 0.733212 0.190423
vt 0.721941 0.189730
vt 0.257037 0.356917
vt 0.265136 0.356727
vt 0.619359 0.036053
vt 0.622800 0.025016
vt 0.679030 0.076207
vt 0.121646 0.799045
vt 0.102741 0.815822
vt 0.140470 0.751450
vt 0.150585 0.757266
vt 0.137698 0.779419
vt 0.128497 0.772031
vt 0.076092 0.818490
vt 0.081293 0.829423
vt 0.715005 0.139215
vt 0.725746 0.136052
vt 0.569993 0.014376
vt 0.569571 0.006908
vt 0.598002 0.010334
vt 0.597187 0.017654
vt 0.165617 0.706682
vt 0.172571 0.708223
vt 0.166693 0.735647
vt 0.159995 0.732913
vt 0.156855 0.761109
vt 0.722428 0.108219
vt 0.716195 0.111277
vt 0.369369 0.611767
vt 0.672074 0.044827
vt 0.106832 0.822330
vt 0.084409 0.836550
vt 0.059654 0.847112
vt 0.303582 0.572828
vt 0.433776 0.527587
vt 0.433354 0.535554
vt 0.404829 0.533018
vt 0.406493 0.525161
vt 0.738453 0.161823
vt 0.742084 0.161536
vt 0.743894 0.191396
vt 0.740219 0.190967
vt 0.624782 0.018032
vt 0.625623 0.014216
vt 0.651032 0.026116
vt 0.649582 0.029648
vt 0.160118 0.763407
vt 0.146314 0.787137
vt 0.143381 0.784270
vt 0.329716 0.500856
vt 0.326663 0.504626
vt 0.305739 0.486429
vt 0.309294 0.483095
vt 0.694420 0.060511
vt 0.711729 0.082281
vt 0.170199 0.737320
vt 0.732413 0.134122
vt 0.735897 0.133155
vt 0.432844 0.540176
vt 0.403619 0.537577
vt 0.259634 0.416000
vt 0.252487 0.387528
vt 0.234129 0.566898
vt 0.237376 0.567487
vt 0.236649 0.582562
vt 0.233409 0.581815
vt 0.147265 0.788571
vt 0.129889 0.809817
vt 0.129119 0.808160
vt 0.287759 0.465211
vt 0.270805 0.442484
vt 0.273068 0.441322
vt 0.375949 0.530552
vt 0.374776 0.532657
vt 0.348735 0.521439
vt 0.350181 0.519451
vt 0.402739 0.539757
vt 0.249716 0.357424
vt 0.252200 0.357154
vt 0.976376 0.237004
vt 0.979148 0.237287
vt 0.974694 0.262472
vt 0.971933 0.262130
vt 0.402063 0.540476
vt 0.374034 0.533359
vt 0.240091 0.566932
vt 0.239362 0.582043
vt 0.236925 0.593256
vt 0.234218 0.593748
vt 0.232865 0.600478
vt 0.230168 0.600954
vt 0.357460 0.581664
vt 0.378600 0.599271
vt 0.983781 0.154620
vt 0.986570 0.154709
vt 0.985086 0.182907
vt 0.982300 0.182752
vt 0.982612 0.210599
vt 0.979832 0.210379
vt 0.569057 0.182952
vt 0.569764 0.135409
vt 0.577402 0.136330
vt 0.584596 0.138397
vt 0.591258 0.141518
vt 0.597300 0.145596
vt 0.049407 0.677845
vt 0.087074 0.677999
vt 0.048980 0.685648
vt 0.418726 0.402447
vt 0.047401 0.693015
vt 0.044758 0.699855
vt 0.300482 0.663772
vt 0.310392 0.672026
vt 0.031320 0.716302
vt 0.318840 0.681719
vt 0.025296 0.720122
vt 0.043406 0.754567
vt 0.004504 0.763982
vt 0.003816 0.725321
vt 0.116749 0.678185
vt 0.286850 0.623384
vt 0.303570 0.630017
vt 0.340935 0.426083
vt 0.331486 0.410719
vt 0.263611 0.649240
vt 0.333769 0.717828
vt 0.365136 0.731001
vt 0.334728 0.731675
vt 0.434251 0.474299
vt 0.434251 0.497891
vt 0.149213 0.728823
vt 0.352249 0.470437
vt 0.336090 0.456383
vt 0.352500 0.439730
vt 0.322204 0.439997
vt 0.352855 0.678199
vt 0.138105 0.701384
vt 0.139364 0.678401
vt 0.155850 0.678640
vt 0.154436 0.704453
vt 0.398061 0.680555
vt 0.308244 0.450322
vt 0.005038 0.835687
vt 0.434084 0.515343
vt 0.380662 0.518603
vt 0.356606 0.508239
vt 0.298332 0.457603
vt 0.167139 0.678900
vt 0.174162 0.679176
vt 0.377822 0.526161
vt 0.829961 0.348600
vt 0.829719 0.344573
vt 0.126598 0.804790
vt 0.416367 0.673108
vt 0.409275 0.676156
vt 0.032893 0.853676
vt 0.415325 0.701807
vt 0.422692 0.699927
vt 0.424664 0.728386
vt 0.417211 0.729028
vt 0.176220 0.709223
vt 0.352672 0.515326
vt 0.354276 0.588822
vt 0.177851 0.679463
vt 0.432273 0.542383
vt 0.976803 0.209647
vt 0.973384 0.235993
vt 0.324967 0.506457
vt 0.979246 0.072887
vt 0.983781 0.098833
vt 0.980711 0.099269
vt 0.307366 0.558037
vt 0.333637 0.568459
vt 0.233077 0.548223
vt 0.902090 0.216822
vt 0.905357 0.216275
vt 0.904516 0.234035
vt 0.901258 0.234396
vt 0.431667 0.543108
vt 0.060109 0.854345
vt 0.032335 0.861158
vt 0.347933 0.522114
vt 0.333549 0.567466
vt 0.324109 0.507097
vt 0.129586 0.810422
vt 0.109072 0.828625
vt 0.269819 0.442973
vt 0.085800 0.843384
vt 0.258621 0.416427
vt 0.251458 0.387888
vt 0.248680 0.357713
vt 0.002818 0.677728
vt 0.249486 0.648339
vt 0.388851 0.372180
vt 0.386997 0.364792
vt 0.373698 0.418113
vt 0.400316 0.390878
vt 0.609142 0.107965
vt 0.597076 0.102314
vt 0.348273 0.356723
vt 0.386278 0.356982
vt 0.268813 0.619350
vt 0.318752 0.639032
vt 0.249682 0.618130
vt 0.318064 0.356583
vt 0.667268 0.087779
vt 0.403681 0.704387
vt 0.405434 0.729677
vt 0.388390 0.730335
vt 0.327851 0.582455
vt 0.291745 0.462385
vt 0.349887 0.595540
vt 0.674076 0.041669
vt 0.725666 0.106616
vt 0.420236 0.671118
vt 0.426716 0.698594
vt 0.569057 0.002818
vt 0.598187 0.006329
vt 0.248967 0.549781
vt 0.279027 0.551697
vt 0.637217 0.325041
vt 0.632587 0.325521
vt 0.984275 0.126482
vt 0.981200 0.126628
vt 0.396559 0.620816
vt 0.411074 0.644164
vt 0.421781 0.669892
vt 0.428329 0.697659
vt 0.968987 0.260856
vt 0.248680 0.548745
vt 0.278810 0.550665
vt 0.976376 0.023801
vt 0.979148 0.023582
vt 0.901258 0.193207
vt 0.903940 0.193790
vt 0.906918 0.203276
vt 0.904229 0.202670
vt 0.986570 0.098790
vt 0.987065 0.126504
vt 0.396619 0.619947
vt 0.411169 0.643350
vt 0.908049 0.216912
vt 0.907206 0.234714
vt 0.432983 0.357372
vt 0.972009 0.537086
vt 0.004817 0.847933
vt 0.004452 0.855903
vt 0.428737 0.727753
vt 0.230168 0.525884
vt 0.973384 0.025023
vt 0.976803 0.047975
vt 0.161216 0.764591
vt 0.980711 0.154473
vt 0.979246 0.182310
vt 0.968987 0.004526
vt 0.971933 0.003086
vt 0.002818 0.863468
vt 0.307216 0.557020
vt 0.974694 0.002818
s 0
usemtl Teapot
f 1883/1/1 1880/2/1 1959/3/1 1957/4/1
f 2162/5/2 2158/6/2 1715/7/2 1812/8/2
f 702/9/3 714/10/3 754/11/3 746/12/3
f 2480/13/4 2476/14/4 2358/15/4 2362/16/4
f 2481/17/5 2477/18/5 2568/19/5 2576/20/5
f 2576/20/6 2568/19/6 2670/21/6 2674/22/6
f 1049/23/7 1038/24/7 1185/25/7 1193/26/7
f 2748/27/8 2738/28/8 2820/29/8 2828/30/8
f 1143/31/9 1147/32/9 1265/33/9 1261/34/9
f 2878/35/10 2870/36/10 2910/37/10 2922/38/10
f 1461/39/11 1465/40/11 1915/41/11 1817/42/11
f 2910/37/12 2902/43/12 2918/44/12 2932/45/12
f 1602/46/13 1610/47/13 1632/48/13 1627/49/13
f 2820/29/14 2814/50/14 2864/51/14 2870/36/14
f 804/52/15 810/53/15 894/54/15 886/55/15
f 953/56/16 959/57/16 893/58/16 885/59/16
f 954/60/17 960/61/17 1062/62/17 1056/63/17
f 1056/63/18 1062/62/18 1155/64/18 1147/32/18
f 754/11/19 760/65/19 810/53/19 804/52/19
f 753/66/20 759/67/20 721/68/20 713/69/20
f 1821/70/21 1829/71/21 1470/72/21 1464/73/21
f 721/68/22 719/74/22 699/75/22 705/76/22
f 722/77/23 720/78/23 758/79/23 760/65/23
f 1272/80/24 1268/81/24 1151/82/24 1154/83/24
f 2469/84/25 2472/85/25 2563/86/25 2562/87/25
f 894/54/26 890/88/26 958/89/26 960/61/26
f 960/61/27 958/89/27 1059/90/27 1062/62/27
f 2730/91/28 2734/92/28 2816/93/28 2814/50/28
f 1155/64/29 1150/94/29 1269/95/29 1273/96/29
f 2153/97/30 2154/98/30 2355/99/30 2351/100/30
f 1471/101/31 1468/102/31 1697/103/31 1917/104/31
f 719/105/32 711/106/32 687/107/32 699/108/32
f 720/109/33 712/110/33 748/111/33 758/112/33
f 807/113/34 799/114/34 747/115/34 757/116/34
f 808/117/35 800/118/35 882/119/35 890/120/35
f 2665/121/36 2671/122/36 2571/123/36 2564/124/36
f 958/125/37 952/126/37 1052/127/37 1059/128/37
f 2734/129/38 2742/130/38 2824/131/38 2816/132/38
f 1538/133/39 1585/134/39 1569/135/39 1510/136/39
f 1019/137/40 1018/138/40 1111/139/40 1114/140/40
f 1835/141/41 1839/142/41 1462/143/41 1469/144/41
f 2160/145/42 2164/146/42 1842/147/42 1718/148/42
f 2161/149/43 2165/150/43 2365/151/43 2361/152/43
f 2275/153/44 2349/154/44 2324/155/44 2234/156/44
f 2479/157/45 2483/158/45 2578/159/45 2572/160/45
f 1051/161/46 1045/162/46 945/163/46 951/164/46
f 952/126/47 946/165/47 1046/166/47 1052/127/47
f 1052/127/48 1046/166/48 1141/167/48 1145/168/48
f 2361/152/49 2365/151/49 2483/158/49 2479/157/49
f 2876/169/50 2882/170/50 2930/171/50 2912/172/50
f 1839/142/51 1843/173/51 1458/174/51 1462/143/51
f 2930/171/52 2946/175/52 2960/176/52 2948/177/52
f 694/178/53 678/179/53 726/180/53 742/181/53
f 2365/151/54 2369/182/54 2487/183/54 2483/158/54
f 794/184/55 788/185/55 862/186/55 872/187/55
f 1045/162/56 1043/188/56 943/189/56 945/163/56
f 945/163/57 943/189/57 861/190/57 871/191/57
f 1046/166/58 1044/192/58 1137/193/58 1141/167/58
f 2881/194/59 2897/195/59 2835/196/59 2829/197/59
f 2882/170/60 2898/198/60 2946/175/60 2930/171/60
f 2947/199/61 2959/200/61 2945/201/61 2929/202/61
f 1841/203/62 1837/204/62 2175/205/62 2173/206/62
f 1450/207/63 1448/208/63 1252/209/63 1254/210/63
f 726/180/64 716/211/64 778/212/64 788/185/64
f 1136/213/65 1133/214/65 1035/215/65 1043/188/65
f 862/186/66 854/216/66 938/217/66 944/218/66
f 944/218/67 938/217/67 1036/219/67 1044/192/67
f 1044/192/68 1036/219/68 1132/220/68 1137/193/68
f 2369/182/69 2371/221/69 2490/222/69 2487/183/69
f 1255/223/70 1253/224/70 1449/225/70 1451/226/70
f 1451/226/71 1449/225/71 1837/227/71 1898/228/71
f 1837/204/72 1831/229/72 2179/230/72 2175/205/72
f 834/231/73 869/232/73 971/233/73 948/234/73
f 1252/209/74 1248/235/74 1122/236/74 1133/214/74
f 2587/237/75 2595/238/75 2500/239/75 2491/240/75
f 854/216/76 844/241/76 932/242/76 938/217/76
f 2769/243/77 2779/244/77 2691/245/77 2685/246/77
f 1036/219/78 1028/247/78 1123/248/78 1132/220/78
f 777/249/79 767/250/79 689/251/79 715/252/79
f 1253/224/80 1249/253/80 1445/254/80 1449/225/80
f 1834/255/81 1828/256/81 1444/257/81 1448/208/81
f 2178/258/82 2180/259/82 1714/260/82 1716/261/82
f 2934/262/83 2950/263/83 2991/264/83 2983/265/83
f 2856/266/84 2872/267/84 2950/263/84 2934/262/84
f 768/268/85 752/269/85 832/270/85 844/241/85
f 844/241/86 832/270/86 924/271/86 932/242/86
f 932/242/87 924/271/87 1022/272/87 1028/247/87
f 1028/247/88 1022/272/88 1117/273/88 1123/248/88
f 1123/248/89 1117/273/89 1245/274/89 1249/253/89
f 2265/275/90 2251/276/90 1907/277/90 1707/278/90
f 1445/254/91 1443/279/91 1916/280/91 1918/281/91
f 632/282/92 614/283/92 597/284/92 620/285/92
f 673/286/93 649/287/93 614/283/93 632/282/93
f 1244/288/94 1233/289/94 1106/290/94 1116/291/94
f 752/292/95 737/293/95 822/294/95 832/295/95
f 832/295/96 822/294/96 914/296/96 924/297/96
f 924/297/97 914/296/97 1014/298/97 1022/299/97
f 1022/299/98 1014/298/98 1104/300/98 1117/301/98
f 1117/301/99 1104/300/99 1237/302/99 1245/303/99
f 633/304/100 616/305/100 654/306/100 674/307/100
f 1443/279/101 1433/308/101 1819/309/101 1916/280/101
f 1816/310/102 1822/311/102 2159/312/102 2163/313/102
f 2921/314/103 2909/315/103 2869/316/103 2877/317/103
f 2363/318/104 2359/319/104 2477/18/104 2481/17/104
f 875/320/105 885/59/105 803/321/105 795/322/105
f 876/323/106 886/55/106 954/60/106 950/324/106
f 950/324/107 954/60/107 1056/63/107 1048/325/107
f 2575/326/108 2567/327/108 2476/14/108 2480/13/108
f 2828/30/109 2820/29/109 2870/36/109 2878/35/109
f 1261/34/110 1265/33/110 1465/40/110 1461/39/110
f 684/328/111 692/329/111 714/10/111 702/9/111
f 1822/311/112 1830/330/112 2153/331/112 2159/312/112
f 1265/33/113 1273/96/113 1471/332/113 1465/40/113
f 2359/319/114 2351/333/114 2469/334/114 2477/18/114
f 2477/18/115 2469/334/115 2562/335/115 2568/19/115
f 2568/19/116 2562/335/116 2664/336/116 2670/21/116
f 2670/337/117 2664/338/117 2730/91/117 2738/28/117
f 2738/28/118 2730/91/118 2814/50/118 2820/29/118
f 2159/312/119 2153/331/119 2351/333/119 2359/319/119
f 2870/36/120 2864/51/120 2902/43/120 2910/37/120
f 692/329/121 706/339/121 722/77/121 714/10/121
f 1830/340/122 1836/341/122 2154/98/122 2153/97/122
f 1829/71/123 1835/342/123 1469/343/123 1470/72/123
f 2351/100/124 2355/99/124 2472/85/124 2469/84/124
f 2813/344/125 2815/345/125 2733/346/125 2729/347/125
f 2663/348/126 2665/121/126 2564/124/126 2561/349/126
f 2664/338/127 2666/350/127 2734/92/127 2730/91/127
f 810/53/128 808/351/128 890/88/128 894/54/128
f 2814/50/129 2816/93/129 2866/352/129 2864/51/129
f 2864/51/130 2866/352/130 2904/353/130 2902/43/130
f 2902/43/131 2904/353/131 2924/354/131 2918/44/131
f 2923/355/132 2935/356/132 2911/357/132 2903/358/132
f 2866/359/133 2876/169/133 2912/172/133 2904/360/133
f 758/112/134 748/111/134 800/118/134 808/117/134
f 2472/85/135 2479/157/135 2572/160/135 2563/86/135
f 890/120/136 882/119/136 952/126/136 958/125/136
f 2666/361/137 2672/362/137 2742/130/137 2734/129/137
f 1579/363/138 1602/46/138 1627/49/138 1599/364/138
f 2816/132/139 2824/131/139 2876/169/139 2866/359/139
f 1269/365/140 1263/366/140 1463/367/140 1468/102/140
f 2904/360/141 2912/172/141 2936/368/141 2924/369/141
f 711/106/142 693/370/142 675/371/142 687/107/142
f 712/110/143 694/178/143 742/181/143 748/111/143
f 799/114/144 793/372/144 741/373/144 747/115/144
f 2742/130/145 2752/374/145 2830/375/145 2824/131/145
f 2572/160/146 2578/159/146 2678/376/146 2672/362/146
f 2672/362/147 2678/376/147 2752/374/147 2742/130/147
f 2571/377/148 2577/378/148 2482/379/148 2478/380/148
f 2824/131/149 2830/375/149 2882/170/149 2876/169/149
f 1263/366/150 1259/381/150 1459/382/150 1463/367/150
f 1463/367/151 1459/382/151 1845/383/151 1919/384/151
f 1459/382/152 1451/226/152 1898/228/152 1845/383/152
f 2929/202/153 2945/201/153 2897/195/153 2881/194/153
f 2531/385/154 2593/386/154 2551/387/154 2492/388/154
f 2483/158/155 2487/183/155 2580/389/155 2578/159/155
f 872/187/156 862/186/156 944/218/156 946/165/156
f 2678/376/157 2680/390/157 2762/391/157 2752/374/157
f 2577/378/158 2579/392/158 2486/393/158 2482/379/158
f 1141/167/159 1137/193/159 1255/223/159 1259/381/159
f 2165/150/160 2173/206/160 2369/182/160 2365/151/160
f 1968/394/161 1976/395/161 1729/396/161 1858/397/161
f 1201/398/162 1182/399/162 1283/400/162 1293/401/162
f 2173/206/163 2175/205/163 2371/221/163 2369/182/163
f 1362/402/164 1308/403/164 1313/404/164 1366/405/164
f 788/185/165 778/212/165 854/216/165 862/186/165
f 2580/389/166 2588/406/166 2686/407/166 2680/390/166
f 2680/390/167 2686/407/167 2770/408/167 2762/391/167
f 2762/391/168 2770/408/168 2846/409/168 2836/410/168
f 2836/410/169 2846/409/169 2908/411/169 2898/198/169
f 2898/198/170 2908/411/170 2966/412/170 2946/175/170
f 2946/175/171 2966/412/171 2981/413/171 2960/176/171
f 2981/414/172 2988/415/172 2982/416/172 2965/417/172
f 658/418/173 641/419/173 690/420/173 716/211/173
f 2371/221/174 2375/421/174 2501/422/174 2490/222/174
f 778/212/175 768/268/175 844/241/175 854/216/175
f 2588/406/176 2596/423/176 2692/424/176 2686/407/176
f 2686/407/177 2692/424/177 2780/425/177 2770/408/177
f 3405/426/178 3472/427/178 3469/428/178 3403/429/178
f 716/211/179 690/420/179 768/268/179 778/212/179
f 2175/205/180 2179/230/180 2375/421/180 2371/221/180
f 2174/430/181 2178/258/181 1716/261/181 1834/431/181
f 1831/229/182 1823/432/182 2181/433/182 2179/230/182
f 1249/253/183 1245/274/183 1443/279/183 1445/254/183
f 2375/421/184 2379/434/184 2507/435/184 2501/422/184
f 2501/422/185 2507/435/185 2602/436/185 2596/423/185
f 2596/423/186 2602/436/186 2700/437/186 2692/424/186
f 2779/244/187 2791/438/187 2699/439/187 2691/245/187
f 1243/440/188 1241/441/188 1435/442/188 1441/443/188
f 690/420/189 674/444/189 752/269/189 768/268/189
f 2179/230/190 2181/433/190 2379/434/190 2375/421/190
f 2983/265/191 2991/264/191 3003/445/191 2989/446/191
f 1823/432/192 1818/447/192 2194/448/192 2181/433/192
f 2181/433/193 2194/448/193 2391/449/193 2379/434/193
f 674/307/194 654/306/194 737/293/194 752/292/194
f 2507/435/195 2518/450/195 2614/451/195 2602/436/195
f 2699/439/196 2711/452/196 2611/453/196 2601/454/196
f 2700/437/197 2712/455/197 2806/456/197 2792/457/197
f 2792/457/198 2806/456/198 2890/458/198 2872/267/198
f 2506/459/199 2521/460/199 2387/461/199 2378/462/199
f 2950/263/200 2974/463/200 3009/464/200 2991/264/200
f 2991/264/201 3009/464/201 3025/465/201 3003/445/201
f 2939/466/202 2931/467/202 2909/315/202 2921/314/202
f 245/468/203 295/469/203 293/470/203 242/471/203
f 2877/317/204 2869/316/204 2819/472/204 2827/473/204
f 1142/474/205 1146/475/205 1055/476/205 1047/477/205
f 2747/478/206 2737/479/206 2669/480/206 2673/481/206
f 2673/481/207 2669/480/207 2567/327/207 2575/326/207
f 8/482/208 20/483/208 27/484/208 14/485/208
f 795/322/209 803/321/209 753/66/209 745/486/209
f 2362/16/210 2358/15/210 2158/6/210 2162/5/210
f 1813/487/211 1821/70/211 1464/73/211 1460/488/211
f 2931/467/212 2917/489/212 2901/490/212 2909/315/212
f 2909/315/213 2901/490/213 2863/491/213 2869/316/213
f 2869/316/214 2863/491/214 2813/344/214 2819/472/214
f 1146/475/215 1154/492/215 1061/493/215 1055/476/215
f 2737/479/216 2729/347/216 2663/348/216 2669/480/216
f 886/55/217 894/54/217 960/61/217 954/60/217
f 2819/472/218 2813/344/218 2729/347/218 2737/479/218
f 2476/14/219 2468/494/219 2350/495/219 2358/15/219
f 2358/15/220 2350/495/220 2152/496/220 2158/6/220
f 2158/6/221 2152/496/221 1717/497/221 1715/7/221
f 2917/489/222 2923/498/222 2903/499/222 2901/490/222
f 1273/96/223 1269/95/223 1468/500/223 1471/332/223
f 2468/494/224 2473/501/224 2354/502/224 2350/495/224
f 1154/83/225 1151/82/225 1060/503/225 1061/504/225
f 959/505/226 957/506/226 889/507/226 893/508/226
f 2729/347/227 2733/346/227 2665/121/227 2663/348/227
f 893/58/228 889/509/228 807/510/228 809/511/228
f 809/511/229 807/510/229 757/512/229 759/67/229
f 2350/495/230 2354/502/230 2155/513/230 2152/496/230
f 706/339/231 700/514/231 720/78/231 722/77/231
f 1468/102/232 1463/367/232 1919/384/232 1697/103/232
f 2154/98/233 2161/149/233 2361/152/233 2355/99/233
f 2865/515/234 2875/516/234 2823/517/234 2815/345/234
f 1151/518/235 1144/519/235 1051/161/235 1060/520/235
f 2733/346/236 2741/521/236 2671/122/236 2665/121/236
f 957/506/237 951/164/237 881/522/237 889/507/237
f 2564/523/238 2571/377/238 2478/380/238 2473/524/238
f 2473/524/239 2478/380/239 2360/525/239 2354/526/239
f 2354/526/240 2360/525/240 2160/145/240 2155/527/240
f 1836/341/241 1840/528/241 2161/149/241 2154/98/241
f 1840/528/242 1844/529/242 2165/150/242 2161/149/242
f 1404/530/243 1300/531/243 1290/532/243 1390/533/243
f 2875/534/244 2881/194/244 2829/197/244 2823/535/244
f 1559/536/245 1453/537/245 1530/538/245 1600/539/245
f 2741/540/246 2751/541/246 2677/542/246 2671/543/246
f 2065/544/247 2171/545/247 2235/546/247 2121/547/247
f 1144/519/248 1140/548/248 1045/162/248 1051/161/248
f 2478/380/249 2482/379/249 2364/549/249 2360/525/249
f 2911/357/250 2929/202/250 2881/194/250 2875/534/250
f 688/550/251 676/551/251 694/178/251 712/110/251
f 693/370/252 677/552/252 663/553/252 675/371/252
f 1367/554/253 1304/555/253 1209/556/253 1270/557/253
f 1258/558/254 1254/210/254 1136/213/254 1140/548/254
f 1140/548/255 1136/213/255 1043/188/255 1045/162/255
f 946/165/256 944/218/256 1044/192/256 1046/166/256
f 2677/542/257 2679/559/257 2579/392/257 2577/378/257
f 2752/374/258 2762/391/258 2836/410/258 2830/375/258
f 2830/375/259 2836/410/259 2898/198/259 2882/170/259
f 2364/549/260 2368/560/260 2172/561/260 2164/146/260
f 1844/529/261 1841/203/261 2173/206/261 2165/150/261
f 2959/200/262 2981/414/262 2965/417/262 2945/201/262
f 105/562/263 95/563/263 117/564/263 125/565/263
f 1137/193/264 1132/220/264 1253/224/264 1255/223/264
f 2487/183/265 2490/222/265 2588/406/265 2580/389/265
f 3225/566/266 3237/567/266 3239/568/266 3227/569/266
f 943/189/267 937/570/267 853/571/267 861/190/267
f 2688/572/268 2702/573/268 2604/574/268 2592/575/268
f 2486/393/269 2491/240/269 2370/576/269 2368/560/269
f 2945/201/270 2965/417/270 2907/577/270 2897/195/270
f 664/578/271 642/579/271 658/418/271 678/179/271
f 1449/225/272 1445/254/272 1918/281/272 1837/227/272
f 2965/417/273 2982/416/273 2933/580/273 2907/577/273
f 2846/409/274 2856/266/274 2934/262/274 2908/411/274
f 2845/581/275 2855/582/275 2779/244/275 2769/243/275
f 1035/215/276 1027/583/276 931/584/276 937/570/276
f 2685/246/277 2691/245/277 2595/238/277 2587/237/277
f 2770/408/278 2780/425/278 2856/266/278 2846/409/278
f 2491/240/279 2500/239/279 2374/585/279 2370/576/279
f 2908/411/280 2934/262/280 2983/265/280 2966/412/280
f 657/586/281 640/587/281 634/588/281 642/589/281
f 2988/415/282 3002/590/282 2990/591/282 2982/416/282
f 2982/416/283 2990/591/283 2949/592/283 2933/580/283
f 2933/580/284 2949/592/284 2871/593/284 2855/582/284
f 2595/238/285 2601/454/285 2506/459/285 2500/239/285
f 1027/583/286 1021/594/286 923/595/286 931/584/286
f 2692/424/287 2700/437/287 2792/457/287 2780/425/287
f 2780/425/288 2792/457/288 2872/267/288 2856/266/288
f 1248/235/289 1244/288/289 1116/291/289 1122/236/289
f 2374/585/290 2378/462/290 2180/259/290 2178/258/290
f 640/587/291 632/282/291 620/285/291 634/588/291
f 2180/259/292 2191/596/292 1810/597/292 1714/260/292
f 2990/591/293 3008/598/293 2973/599/293 2949/592/293
f 2379/434/294 2391/449/294 2518/450/294 2507/435/294
f 2601/454/295 2611/453/295 2521/460/295 2506/459/295
f 2602/436/296 2614/451/296 2712/455/296 2700/437/296
f 137/600/297 163/601/297 172/602/297 153/603/297
f 831/604/298 817/605/298 733/606/298 751/607/298
f 2872/267/299 2890/458/299 2974/463/299 2950/263/299
f 2378/462/300 2387/461/300 2191/596/300 2180/259/300
f 1820/608/301 1811/609/301 1429/610/301 1442/611/301
f 529/612/302 513/613/302 554/614/302 586/615/302
f 1460/488/303 1464/73/303 1264/616/303 1260/617/303
f 746/12/304 754/11/304 804/52/304 796/618/304
f 796/618/305 804/52/305 886/55/305 876/323/305
f 2674/22/306 2670/21/306 2738/619/306 2748/620/306
f 949/621/307 953/56/307 885/59/307 875/320/307
f 1048/325/308 1056/63/308 1147/32/308 1143/31/308
f 36/622/309 69/623/309 79/624/309 49/625/309
f 2163/313/310 2159/312/310 2359/319/310 2363/318/310
f 701/626/311 713/69/311 691/627/311 683/628/311
f 1569/629/312 1583/630/312 1573/631/312 1549/632/312
f 1464/73/313 1470/72/313 1272/80/313 1264/616/313
f 1147/32/314 1155/64/314 1273/96/314 1265/33/314
f 1264/616/315 1272/80/315 1154/83/315 1146/633/315
f 2669/480/316 2663/348/316 2561/349/316 2567/327/316
f 885/59/317 893/58/317 809/511/317 803/321/317
f 2567/327/318 2561/349/318 2468/494/318 2476/14/318
f 803/321/319 809/511/319 759/67/319 753/66/319
f 714/10/320 722/77/320 760/65/320 754/11/320
f 1465/40/321 1471/332/321 1917/634/321 1915/41/321
f 2152/496/322 2155/513/322 1927/635/322 1717/497/322
f 1470/72/323 1469/343/323 1268/81/323 1272/80/323
f 760/65/324 758/79/324 808/351/324 810/53/324
f 2863/491/325 2865/515/325 2815/345/325 2813/344/325
f 1061/636/326 1060/520/326 957/506/326 959/505/326
f 2561/349/327 2564/124/327 2473/501/327 2468/494/327
f 1062/62/328 1059/90/328 1150/94/328 1155/64/328
f 759/67/329 757/512/329 719/74/329 721/68/329
f 2901/490/330 2903/499/330 2865/515/330 2863/491/330
f 3067/637/331 3060/638/331 2953/639/331 2962/640/331
f 2155/527/332 2160/145/332 1718/148/332 1927/641/332
f 1469/144/333 1462/143/333 1262/642/333 1268/643/333
f 1268/643/334 1262/642/334 1144/519/334 1151/518/334
f 1059/128/335 1052/127/335 1145/168/335 1150/644/335
f 1060/520/336 1051/161/336 951/164/336 957/506/336
f 480/645/337 363/646/337 365/647/337 478/648/337
f 889/507/338 881/522/338 799/114/338 807/113/338
f 1150/644/339 1145/168/339 1263/366/339 1269/365/339
f 757/116/340 747/115/340 711/106/340 719/105/340
f 3033/649/341 2999/650/341 3071/651/341 3087/652/341
f 2912/172/342 2930/171/342 2948/177/342 2936/368/342
f 1462/143/343 1458/174/343 1258/558/343 1262/642/343
f 1262/642/344 1258/558/344 1140/548/344 1144/519/344
f 800/118/345 794/184/345 872/187/345 882/119/345
f 951/164/346 945/163/346 871/191/346 881/522/346
f 2671/543/347 2677/542/347 2577/378/347 2571/377/347
f 2823/535/348 2829/197/348 2751/541/348 2741/540/348
f 748/111/349 742/181/349 794/184/349 800/118/349
f 747/115/350 741/373/350 693/370/350 711/106/350
f 2138/653/351 2212/654/351 2026/655/351 1998/656/351
f 2164/146/352 2172/561/352 1725/657/352 1842/147/352
f 1458/174/353 1450/207/353 1254/210/353 1258/558/353
f 742/181/354 726/180/354 788/185/354 794/184/354
f 1113/658/355 1076/659/355 1139/660/355 1191/661/355
f 2751/541/356 2761/662/356 2679/559/356 2677/542/356
f 2795/663/357 2844/664/357 2834/665/357 2787/666/357
f 2829/197/358 2835/196/358 2761/662/358 2751/541/358
f 2482/379/359 2486/393/359 2368/560/359 2364/549/359
f 741/373/360 725/667/360 677/552/360 693/370/360
f 676/551/361 664/578/361 678/179/361 694/178/361
f 1838/668/362 1834/255/362 1448/208/362 1450/207/362
f 678/179/363 658/418/363 716/211/363 726/180/363
f 1254/210/364 1252/209/364 1133/214/364 1136/213/364
f 861/190/365 853/571/365 777/249/365 787/669/365
f 2761/662/366 2769/243/366 2685/246/366 2679/559/366
f 1043/188/367 1035/215/367 937/570/367 943/189/367
f 2579/392/368 2587/237/368 2491/240/368 2486/393/368
f 2897/195/369 2907/577/369 2845/581/369 2835/196/369
f 2368/560/370 2370/576/370 2174/430/370 2172/561/370
f 2172/561/371 2174/430/371 1834/431/371 1725/657/371
f 2966/412/372 2983/265/372 2989/446/372 2981/413/372
f 1448/208/373 1444/257/373 1248/235/373 1252/209/373
f 2825/670/374 2789/671/374 2675/672/374 2693/673/374
f 1133/214/375 1122/236/375 1027/583/375 1035/215/375
f 1096/674/376 1101/675/376 1006/676/376 990/677/376
f 938/217/377 932/242/377 1028/247/377 1036/219/377
f 853/571/378 843/678/378 767/250/378 777/249/378
f 2907/577/379 2933/580/379 2855/582/379 2845/581/379
f 715/252/380 689/251/380 640/587/380 657/586/380
f 2417/679/381 2407/680/381 2533/681/381 2546/682/381
f 635/683/382 621/684/382 633/685/382 641/419/382
f 1444/257/383 1442/611/383 1244/288/383 1248/235/383
f 3113/686/384 3186/687/384 3192/688/384 3110/689/384
f 2855/582/385 2871/593/385 2791/438/385 2779/244/385
f 700/690/386 688/550/386 712/110/386 720/109/386
f 931/584/387 923/595/387 831/604/387 843/678/387
f 843/678/388 831/604/388 751/607/388 767/250/388
f 2500/239/389 2506/459/389 2378/462/389 2374/585/389
f 689/251/390 673/286/390 632/282/390 640/587/390
f 58/691/391 86/692/391 78/693/391 48/694/391
f 1417/695/392 1455/696/392 1517/697/392 1489/698/392
f 53/699/393 25/700/393 21/701/393 50/702/393
f 751/607/394 733/606/394 649/287/394 673/286/394
f 2871/593/395 2889/703/395 2805/704/395 2791/438/395
f 1021/594/396 1011/705/396 911/706/396 923/595/396
f 2791/438/397 2805/704/397 2711/452/397 2699/439/397
f 17/707/398 11/708/398 2/709/398 9/710/398
f 2454/711/399 2448/712/399 2265/275/399 2283/713/399
f 1442/611/400 1429/610/400 1233/289/400 1244/288/400
f 621/714/401 600/715/401 616/305/401 633/304/401
f 812/716/402 819/717/402 738/718/402 728/719/402
f 649/287/403 604/720/403 571/721/403 614/283/403
f 2521/460/404 2529/722/404 2402/723/404 2387/461/404
f 737/293/405 680/724/405 782/725/405 822/294/405
f 822/294/406 782/725/406 892/726/406 914/296/406
f 2805/704/407 2841/727/407 2731/728/407 2711/452/407
f 1014/298/408 978/729/408 1094/730/408 1104/300/408
f 1104/300/409 1094/730/409 1221/731/409 1237/302/409
f 616/305/410 572/732/410 605/733/410 654/306/410
f 1811/609/411 1807/734/411 1414/735/411 1429/610/411
f 1807/734/412 1804/736/412 1400/737/412 1414/735/412
f 604/720/413 565/738/413 530/739/413 571/721/413
f 605/733/414 566/740/414 629/741/414 680/724/414
f 781/742/415 739/743/415 628/744/415 679/745/415
f 782/725/416 740/746/416 850/747/416 892/726/416
f 891/748/417 849/749/417 739/743/417 781/742/417
f 1093/750/418 1083/751/418 963/752/418 977/753/418
f 1094/730/419 1084/754/419 1213/755/419 1221/731/419
f 572/732/420 531/756/420 566/740/420 605/733/420
f 1415/757/421 1401/758/421 1931/759/421 1809/760/421
f 525/761/422 509/762/422 511/763/422 531/756/422
f 1011/705/423 977/753/423 891/748/423 911/706/423
f 566/740/424 529/612/424 586/615/424 629/741/424
f 739/743/425 685/764/425 585/765/425 628/744/425
f 740/746/426 686/766/426 813/767/426 850/747/426
f 849/749/427 814/768/427 685/764/427 739/743/427
f 1083/751/428 1070/769/428 939/770/428 963/752/428
f 1084/754/429 1069/771/429 1203/772/429 1213/755/429
f 565/738/430 528/773/430 510/774/430 530/739/430
f 3078/775/431 3116/776/431 3092/777/431 3072/778/431
f 509/762/432 483/779/432 493/780/432 511/763/432
f 511/763/433 493/780/433 513/613/433 529/612/433
f 2554/781/434 2574/782/434 2430/783/434 2420/784/434
f 2922/38/435 2910/37/435 2932/45/435 2940/785/435
f 686/766/436 639/786/436 786/787/436 813/767/436
f 813/767/437 786/787/437 918/788/437 940/789/437
f 2553/790/438 2573/791/438 2706/792/438 2684/793/438
f 3031/794/439 3055/795/439 3091/796/439 3075/797/439
f 850/747/440 813/767/440 940/789/440 964/798/440
f 1385/799/441 1376/800/441 1712/801/441 1693/802/441
f 483/779/442 449/803/442 455/804/442 493/780/442
f 1193/26/443 1185/25/443 1370/805/443 1376/800/443
f 2827/473/444 2819/472/444 2737/479/444 2747/478/444
f 2705/806/445 2723/807/445 2585/808/445 2574/782/445
f 2838/809/446 2862/810/446 3015/811/446 2985/812/446
f 2984/813/447 3014/814/447 2861/815/447 2837/816/447
f 2985/812/448 3015/811/448 3077/817/448 3055/795/448
f 1192/818/449 1184/819/449 1037/820/449 1050/821/449
f 3091/796/450 3129/822/450 3151/823/450 3133/824/450
f 1376/800/451 1370/805/451 1912/825/451 1712/801/451
f 1798/826/452 1795/827/452 1355/828/452 1369/829/452
f 455/804/453 443/830/453 458/831/453 497/832/453
f 404/833/454 416/834/454 408/835/454 387/836/454
f 527/837/455 515/838/455 580/839/455 609/840/455
f 2862/810/456 2894/841/456 3037/842/456 3015/811/456
f 3076/843/457 3088/844/457 3036/845/457 3014/814/457
f 220/846/458 243/847/458 248/848/458 224/849/458
f 3077/817/459 3089/850/459 3149/851/459 3129/822/459
f 1369/829/460 1355/828/460 1172/852/460 1184/819/460
f 1370/805/461 1356/853/461 1797/854/461 1912/825/461
f 442/855/462 420/856/462 412/857/462 432/858/462
f 443/830/463 421/859/463 451/860/463 458/831/463
f 1024/861/464 1008/862/464 1171/863/464 1173/864/464
f 2600/865/465 2616/866/465 2764/867/465 2744/868/465
f 879/869/466 859/870/466 707/871/466 729/872/466
f 729/872/467 707/871/467 563/873/467 579/874/467
f 880/875/468 860/876/468 1008/862/468 1024/861/468
f 3148/877/469 3154/878/469 3118/879/469 3088/844/469
f 1173/864/470 1171/863/470 1346/880/470 1356/853/470
f 3163/881/471 3179/882/471 3185/883/471 3173/884/471
f 191/885/472 245/468/472 242/471/472 188/886/472
f 421/859/473 411/887/473 441/888/473 451/860/473
f 451/860/474 441/888/474 495/889/474 507/890/474
f 507/890/475 495/889/475 548/891/475 564/892/475
f 707/871/476 681/893/476 547/894/476 563/873/476
f 2763/895/477 2775/896/477 2627/897/477 2615/898/477
f 860/876/478 848/899/478 996/900/478 1008/862/478
f 3119/901/479 3131/902/479 3165/903/479 3155/904/479
f 450/905/480 440/906/480 410/907/480 420/856/480
f 420/856/481 410/907/481 398/908/481 412/857/481
f 399/909/482 382/910/482 401/911/482 411/887/482
f 411/887/483 401/911/483 435/912/483 441/888/483
f 6/913/484 1/914/484 3/915/484 10/916/484
f 3059/917/485 3065/918/485 3137/919/485 3131/902/485
f 548/891/486 539/920/486 668/921/486 682/922/486
f 3058/923/487 3064/924/487 2955/925/487 2941/926/487
f 547/927/488 538/928/488 488/929/488 494/930/488
f 2459/931/489 2463/932/489 2635/933/489 2628/934/489
f 3165/903/490 3171/935/490 3199/936/490 3189/937/490
f 1336/938/491 1328/939/491 1708/940/491 1709/941/491
f 382/910/492 376/942/492 397/943/492 401/911/492
f 434/944/493 428/945/493 395/946/493 400/947/493
f 435/912/494 431/948/494 487/949/494 489/950/494
f 2781/951/495 2783/952/495 2642/953/495 2636/954/495
f 841/955/496 837/956/496 659/957/496 667/958/496
f 2635/933/497 2644/959/497 2786/960/497 2782/961/497
f 842/962/498 840/963/498 981/964/498 987/965/498
f 401/911/499 397/943/499 431/948/499 435/912/499
f 1161/966/500 1159/967/500 1326/968/500 1328/939/500
f 1328/939/501 1326/968/501 1787/969/501 1708/940/501
f 614/970/502 571/971/502 561/972/502 597/973/502
f 1237/302/503 1221/731/503 1415/757/503 1433/974/503
f 2391/449/504 2403/975/504 2530/976/504 2518/450/504
f 2518/450/505 2530/976/505 2646/977/505 2614/451/505
f 2614/451/506 2646/977/506 2732/978/506 2712/455/506
f 2712/455/507 2732/978/507 2842/979/507 2806/456/507
f 2611/453/508 2645/980/508 2529/722/508 2521/460/508
f 654/306/509 605/733/509 680/724/509 737/293/509
f 2974/463/510 3019/981/510 3041/982/510 3009/464/510
f 3009/464/511 3041/982/511 3049/983/511 3025/465/511
f 1808/984/512 1805/985/512 2223/986/512 2209/987/512
f 1221/731/513 1213/755/513 1401/758/513 1415/757/513
f 2403/975/514 2411/988/514 2540/989/514 2530/976/514
f 2842/979/515 2884/990/515 2995/991/515 2944/992/515
f 2841/727/516 2883/993/516 2773/994/516 2731/728/516
f 892/726/517 850/747/517 964/798/517 978/729/517
f 680/724/518 629/741/518 740/746/518 782/725/518
f 2944/992/519 2995/991/519 3045/995/519 3019/981/519
f 3019/981/520 3045/995/520 3073/996/520 3041/982/520
f 2208/997/521 2222/998/521 1694/999/521 1806/1000/521
f 1805/985/522 1803/1001/522 2237/1002/522 2223/986/522
f 1213/755/523 1203/772/523 1385/799/523 1401/758/523
f 1803/1001/524 1801/1003/524 2248/1004/524 2237/1002/524
f 964/798/525 940/789/525 1069/771/525 1084/754/525
f 2994/1005/526 3030/1006/526 2937/1007/526 2883/993/526
f 2774/1008/527 2809/1009/527 2938/1010/527 2884/990/527
f 2659/1011/528 2683/1012/528 2554/781/528 2539/1013/528
f 2411/988/529 2421/1014/529 2553/790/529 2540/989/529
f 2223/986/530 2237/1002/530 2421/1014/530 2411/988/530
f 2194/448/531 2209/987/531 2403/975/531 2391/449/531
f 2238/1015/532 2247/1016/532 1913/1017/532 1930/1018/532
f 1203/772/533 1193/26/533 1376/800/533 1385/799/533
f 1069/771/534 1049/23/534 1193/26/534 1203/772/534
f 685/764/535 638/1019/535 553/1020/535 585/765/535
f 2684/793/536 2706/792/536 2838/809/536 2809/1009/536
f 2247/1016/537 2253/1021/537 1711/1022/537 1913/1017/537
f 2938/1010/538 2985/812/538 3055/795/538 3031/794/538
f 3092/777/539 3132/1023/539 3090/1024/539 3074/1025/539
f 2237/1002/540 2248/1004/540 2431/1026/540 2421/1014/540
f 3093/1027/541 3133/824/541 3143/1028/541 3117/1029/541
f 1801/1030/542 1799/1031/542 2254/1032/542 2248/1033/542
f 2248/1004/543 2254/1034/543 2439/1035/543 2431/1026/543
f 2431/1026/544 2439/1035/544 2586/1036/544 2573/791/544
f 2573/791/545 2586/1036/545 2724/1037/545 2706/792/545
f 786/787/546 762/1038/546 900/1039/546 918/788/546
f 554/614/547 527/837/547 609/840/547 639/786/547
f 918/788/548 900/1039/548 1038/24/548 1049/23/548
f 513/613/549 497/832/549 527/837/549 554/614/549
f 123/1040/550 137/600/550 153/603/550 139/1041/550
f 1800/1042/551 1798/826/551 1369/829/551 1375/1043/551
f 1799/1031/552 1796/1044/552 2268/1045/552 2254/1032/552
f 2254/1034/553 2268/1046/553 2451/1047/553 2439/1035/553
f 2439/1035/554 2451/1047/554 2600/865/554 2586/1036/554
f 900/1039/555 880/875/555 1024/861/555 1038/24/555
f 609/840/556 580/839/556 730/1048/556 762/1038/556
f 2724/1037/557 2744/868/557 2894/841/557 2862/810/557
f 3015/811/558 3037/842/558 3089/850/558 3077/817/558
f 497/832/559 458/831/559 515/838/559 527/837/559
f 1185/25/560 1173/864/560 1356/853/560 1370/805/560
f 2253/1021/561 2267/1049/561 1794/1050/561 1711/1022/561
f 1356/853/562 1346/880/562 1911/1051/562 1797/854/562
f 2268/1045/563 2278/1052/563 2453/1053/563 2451/1054/563
f 1355/828/564 1345/1055/564 1170/1056/564 1172/852/564
f 515/838/565 507/890/565 564/892/565 580/839/565
f 580/839/566 564/892/566 708/1057/566 730/1048/566
f 2894/841/567 2916/1058/567 3047/1059/567 3037/842/567
f 3037/842/568 3047/1059/568 3119/901/568 3089/850/568
f 458/831/569 451/860/569 507/890/569 515/838/569
f 3149/851/570 3155/904/570 3179/882/570 3163/881/570
f 433/1060/571 413/1061/571 421/859/571 443/830/571
f 413/1061/572 399/909/572 411/887/572 421/859/572
f 2278/1052/573 2288/1062/573 2459/931/573 2453/1053/573
f 2453/1063/574 2459/1064/574 2628/1065/574 2616/866/574
f 2616/866/575 2628/1065/575 2776/1066/575 2764/867/575
f 2764/867/576 2776/1066/576 2942/1067/576 2916/1058/576
f 708/1057/577 682/922/577 848/899/577 860/876/577
f 3047/1059/578 3059/917/578 3131/902/578 3119/901/578
f 1008/862/579 996/900/579 1165/1068/579 1171/863/579
f 3155/904/580 3165/903/580 3189/937/580 3179/882/580
f 1793/1069/581 1791/1070/581 2288/1062/581 2278/1052/581
f 1791/1070/582 1789/1071/582 2296/1072/582 2288/1062/582
f 2288/1062/583 2296/1072/583 2463/932/583 2459/931/583
f 494/930/584 488/929/584 434/944/584 440/906/584
f 2628/1065/585 2635/1073/585 2782/1074/585 2776/1066/585
f 2776/1066/586 2782/1074/586 2956/1075/586 2942/1067/586
f 2942/1067/587 2956/1075/587 3065/918/587 3059/917/587
f 848/899/588 842/962/588 987/965/588 996/900/588
f 3131/902/589 3137/919/589 3171/935/589 3165/903/589
f 2708/1076/590 2709/1077/590 2801/1078/590 2800/1079/590
f 3189/1080/591 3199/1081/591 3210/1082/591 3201/1083/591
f 1789/1071/592 1786/1084/592 2299/1085/592 2296/1072/592
f 2296/1072/593 2299/1085/593 2467/1086/593 2463/932/593
f 2463/932/594 2467/1086/594 2644/959/594 2635/933/594
f 489/950/595 487/949/595 537/1087/595 539/920/595
f 539/920/596 537/1087/596 662/1088/596 668/921/596
f 2955/925/597 2961/640/597 2783/952/597 2781/951/597
f 3170/1089/598 3174/1090/598 3138/1091/598 3136/1092/598
f 1160/1093/599 1156/1094/599 979/1095/599 988/1096/599
f 3171/1097/600 3177/1098/600 3204/1099/600 3199/1081/600
f 3199/1081/601 3204/1099/601 3214/1100/601 3210/1082/601
f 3024/1101/602 3048/1102/602 3040/1103/602 3008/598/602
f 3008/598/603 3040/1103/603 3018/1104/603 2973/599/603
f 2973/599/604 3018/1104/604 2943/1105/604 2889/703/604
f 1106/290/605 1093/750/605 977/753/605 1011/705/605
f 911/706/606 891/748/606 781/742/606 817/605/606
f 2711/452/607 2731/728/607 2645/980/607 2611/453/607
f 2890/458/608 2944/992/608 3019/981/608 2974/463/608
f 1233/289/609 1220/1106/609 1093/750/609 1106/290/609
f 2387/461/610 2402/723/610 2208/997/610 2191/596/610
f 1818/447/611 1808/984/611 2209/987/611 2194/448/611
f 571/971/612 530/1107/612 524/1108/612 561/972/612
f 3040/1103/613 3072/778/613 3044/1109/613 3018/1104/613
f 2889/703/614 2943/1105/614 2841/727/614 2805/704/614
f 531/756/615 511/763/615 529/612/615 566/740/615
f 2646/977/616 2660/1110/616 2774/1008/616 2732/978/616
f 2732/978/617 2774/1008/617 2884/990/617 2842/979/617
f 2530/976/618 2540/989/618 2660/1110/618 2646/977/618
f 679/745/619 628/744/619 565/738/619 604/720/619
f 2402/723/620 2410/1111/620 2222/998/620 2208/997/620
f 3048/1102/621 3078/775/621 3072/778/621 3040/1103/621
f 3073/996/622 3093/1027/622 3117/1029/622 3079/1112/622
f 1400/737/623 1386/1113/623 1202/1114/623 1212/1115/623
f 628/744/624 585/765/624 528/773/624 565/738/624
f 247/848/625 285/1116/625 284/1117/625 244/1118/625
f 2660/1110/626 2684/793/626 2809/1009/626 2774/1008/626
f 2773/994/627 2810/1119/627 2683/1012/627 2659/1011/627
f 2540/989/628 2553/790/628 2684/793/628 2660/1110/628
f 1212/1115/629 1202/1114/629 1070/769/629 1083/751/629
f 3045/995/630 3075/797/630 3093/1027/630 3073/996/630
f 2222/998/631 2238/1015/631 1930/1018/631 1694/999/631
f 1802/1120/632 1800/1042/632 1375/1043/632 1386/1113/632
f 3075/797/633 3091/796/633 3133/824/633 3093/1027/633
f 1202/1114/634 1192/818/634 1050/821/634 1070/769/634
f 3030/1006/635 3054/1121/635 2984/813/635 2937/1007/635
f 2809/1009/636 2838/809/636 2985/812/636 2938/1010/636
f 2937/1007/637 2984/813/637 2837/816/637 2810/1119/637
f 2683/1012/638 2705/806/638 2574/782/638 2554/781/638
f 2421/1014/639 2431/1026/639 2573/791/639 2553/790/639
f 2420/784/640 2430/783/640 2247/1016/640 2238/1015/640
f 510/1122/641 492/1123/641 482/1124/641 508/1125/641
f 940/789/642 918/788/642 1049/23/642 1069/771/642
f 3132/1023/643 3150/1126/643 3128/1127/643 3090/1024/643
f 3090/1024/644 3128/1127/644 3076/843/644 3054/1121/644
f 1050/821/645 1037/820/645 899/1128/645 917/1129/645
f 785/1130/646 761/1131/646 608/1132/646 638/1019/646
f 2706/792/647 2724/1037/647 2862/810/647 2838/809/647
f 1047/477/648 1055/476/648 953/56/648 949/621/648
f 2574/782/649 2585/808/649 2438/1133/649 2430/783/649
f 2430/783/650 2438/1133/650 2253/1021/650 2247/1016/650
f 3133/824/651 3151/823/651 3157/1134/651 3143/1028/651
f 3156/1135/652 3172/1136/652 3162/1137/652 3150/1126/652
f 449/803/653 433/1060/653 443/830/653 455/804/653
f 2585/808/654 2599/1138/654 2450/1139/654 2438/1133/654
f 608/1132/655 579/874/655 514/1140/655 526/1141/655
f 762/1038/656 730/1048/656 880/875/656 900/1039/656
f 761/1131/657 729/872/657 579/874/657 608/1132/657
f 2723/807/658 2743/1142/658 2599/1138/658 2585/808/658
f 1184/819/659 1172/852/659 1023/1143/659 1037/820/659
f 2438/1133/660 2450/1139/660 2267/1049/660 2253/1021/660
f 20/483/661 36/622/661 49/625/661 27/484/661
f 2954/1144/662 2928/1145/662 3051/1146/662 3061/1147/662
f 457/1148/663 450/905/663 420/856/663 442/855/663
f 2599/1138/664 2615/898/664 2452/1149/664 2450/1139/664
f 3088/844/665 3118/879/665 3046/1150/665 3036/845/665
f 2744/868/666 2764/867/666 2916/1058/666 2894/841/666
f 2893/1151/667 2915/1152/667 2763/895/667 2743/1142/667
f 3089/850/668 3119/901/668 3155/904/668 3149/851/668
f 2451/1047/669 2453/1063/669 2616/866/669 2600/865/669
f 1795/827/670 1792/1153/670 1345/1055/670 1355/828/670
f 1796/1044/671 1793/1069/671 2278/1052/671 2268/1045/671
f 3184/1154/672 3200/1155/672 3188/1156/672 3178/1157/672
f 1171/863/673 1165/1068/673 1336/938/673 1346/880/673
f 1545/1158/674 1561/1159/674 1553/1160/674 1537/1161/674
f 1007/1162/675 995/1163/675 847/1164/675 859/870/675
f 3046/1150/676 3058/1165/676 2941/1166/676 2915/1152/676
f 2916/1058/677 2942/1067/677 3059/917/677 3047/1059/677
f 563/873/678 547/894/678 494/1167/678 506/1168/678
f 3154/878/679 3164/1169/679 3130/1170/679 3118/879/679
f 2452/1149/680 2458/1171/680 2287/1172/680 2277/1173/680
f 3179/882/681 3189/937/681 3201/1174/681 3185/883/681
f 1240/1175/682 1232/1176/682 1105/1177/682 1110/1178/682
f 1335/1179/683 1327/1180/683 1160/1093/683 1164/1181/683
f 3164/1182/684 3170/1089/684 3136/1092/684 3130/1183/684
f 3130/1183/685 3136/1092/685 3064/924/685 3058/923/685
f 681/893/686 667/958/686 538/1184/686 547/894/686
f 2941/926/687 2955/925/687 2781/951/687 2775/1185/687
f 114/1186/688 189/1187/688 190/1188/688 120/1189/688
f 2627/897/689 2636/1190/689 2462/1191/689 2458/1171/689
f 2458/1171/690 2462/1191/690 2295/1192/690 2287/1172/690
f 1790/1193/691 1788/1194/691 1327/1180/691 1335/1179/691
f 1788/1195/692 1785/1196/692 1324/1197/692 1327/1198/692
f 3198/1199/693 3202/1200/693 3174/1090/693 3170/1089/693
f 3137/1201/694 3141/1202/694 3177/1098/694 3171/1097/694
f 3136/1092/695 3138/1091/695 3066/637/695 3064/924/695
f 2782/1074/696 2786/1203/696 2964/1204/696 2956/1075/696
f 2956/1205/697 2964/1206/697 3069/1207/697 3065/1208/697
f 3065/1208/698 3069/1207/698 3141/1202/698 3137/1201/698
f 2636/954/699 2642/953/699 2464/1209/699 2462/1210/699
f 3209/1211/700 3213/1212/700 3202/1200/700 3198/1199/700
f 2562/87/701 2563/86/701 2666/361/701 2664/1213/701
f 2191/596/702 2208/997/702 1806/1000/702 1810/597/702
f 1429/610/703 1414/735/703 1220/1106/703 1233/289/703
f 3182/1214/704 3225/566/704 3227/569/704 3186/687/704
f 2806/456/705 2842/979/705 2944/992/705 2890/458/705
f 914/296/706 892/726/706 978/729/706 1014/298/706
f 2529/722/707 2539/1013/707 2410/1111/707 2402/723/707
f 817/605/708 781/742/708 679/745/708 733/606/708
f 733/606/709 679/745/709 604/720/709 649/287/709
f 3/915/710 8/482/710 14/485/710 12/1215/710
f 600/715/711 562/1216/711 572/732/711 616/305/711
f 907/1217/712 912/1218/712 819/1219/712 812/1220/712
f 1414/735/713 1400/737/713 1212/1115/713 1220/1106/713
f 3018/1104/714 3044/1109/714 2994/1005/714 2943/1105/714
f 2645/980/715 2659/1011/715 2539/1013/715 2529/722/715
f 2731/728/716 2773/994/716 2659/1011/716 2645/980/716
f 69/623/717 120/1189/717 131/1221/717 79/624/717
f 2943/1105/718 2994/1005/718 2883/993/718 2841/727/718
f 1220/1106/719 1212/1115/719 1083/751/719 1093/750/719
f 1804/736/720 1802/1120/720 1386/1113/720 1400/737/720
f 562/1216/721 525/761/721 531/756/721 572/732/721
f 1401/758/722 1385/799/722 1693/802/722 1931/759/722
f 3072/778/723 3092/777/723 3074/1025/723 3044/1109/723
f 2539/1013/724 2554/781/724 2420/784/724 2410/1111/724
f 2884/990/725 2938/1010/725 3031/794/725 2995/991/725
f 963/752/726 939/770/726 814/768/726 849/749/726
f 2883/993/727 2937/1007/727 2810/1119/727 2773/994/727
f 629/741/728 586/615/728 686/766/728 740/746/728
f 3044/1109/729 3074/1025/729 3030/1006/729 2994/1005/729
f 2410/1111/730 2420/784/730 2238/1015/730 2222/998/730
f 530/1107/731 510/1122/731 508/1125/731 524/1108/731
f 3116/776/732 3142/1222/732 3132/1023/732 3092/777/732
f 1386/1113/733 1375/1043/733 1192/818/733 1202/1114/733
f 3074/1025/734 3090/1024/734 3054/1121/734 3030/1006/734
f 1070/769/735 1050/821/735 917/1129/735 939/770/735
f 2810/1119/736 2837/816/736 2705/806/736 2683/1012/736
f 814/768/737 785/1130/737 638/1019/737 685/764/737
f 586/615/738 554/614/738 639/786/738 686/766/738
f 585/765/739 553/1020/739 512/1223/739 528/773/739
f 528/773/740 512/1223/740 492/1224/740 510/774/740
f 977/753/741 963/752/741 849/749/741 891/748/741
f 3142/1222/742 3156/1135/742 3150/1126/742 3132/1023/742
f 493/780/743 455/804/743 497/832/743 513/613/743
f 3055/795/744 3077/817/744 3129/822/744 3091/796/744
f 3054/1121/745 3076/843/745 3014/814/745 2984/813/745
f 2837/816/746 2861/815/746 2723/807/746 2705/806/746
f 639/786/747 609/840/747 762/1038/747 786/787/747
f 638/1019/748 608/1132/748 526/1141/748 553/1020/748
f 553/1020/749 526/1141/749 496/1225/749 512/1223/749
f 512/1226/750 496/1227/750 454/1228/750 492/1123/750
f 492/1123/751 454/1228/751 448/1229/751 482/1124/751
f 3151/823/752 3163/881/752 3173/884/752 3157/1134/752
f 3150/1126/753 3162/1137/753 3148/877/753 3128/1127/753
f 3128/1127/754 3148/877/754 3088/844/754 3076/843/754
f 1037/820/755 1023/1143/755 879/869/755 899/1128/755
f 3014/814/756 3036/845/756 2893/1151/756 2861/815/756
f 2861/815/757 2893/1151/757 2743/1142/757 2723/807/757
f 2586/1036/758 2600/865/758 2744/868/758 2724/1037/758
f 1038/24/759 1024/861/759 1173/864/759 1185/25/759
f 496/1227/760 457/1148/760 442/855/760 454/1228/760
f 454/1228/761 442/855/761 432/858/761 448/1229/761
f 2267/1049/762 2277/1173/762 1710/1230/762 1794/1050/762
f 3162/1137/763 3178/1157/763 3154/878/763 3148/877/763
f 1172/852/764 1170/1056/764 1007/1162/764 1023/1143/764
f 579/874/765 563/873/765 506/1168/765 514/1140/765
f 1023/1143/766 1007/1162/766 859/870/766 879/869/766
f 3036/845/767 3046/1150/767 2915/1152/767 2893/1151/767
f 2743/1142/768 2763/895/768 2615/898/768 2599/1138/768
f 514/1231/769 506/1232/769 450/905/769 457/1148/769
f 2450/1139/770 2452/1149/770 2277/1173/770 2267/1049/770
f 3172/1136/771 3184/1154/771 3178/1157/771 3162/1137/771
f 1792/1153/772 1790/1193/772 1335/1179/772 1345/1055/772
f 3178/1157/773 3188/1156/773 3164/1169/773 3154/878/773
f 2615/898/774 2627/897/774 2458/1171/774 2452/1149/774
f 1935/1233/775 1933/1234/775 1951/1235/775 1955/1236/775
f 564/892/776 548/891/776 682/922/776 708/1057/776
f 2915/1152/777 2941/1166/777 2775/896/777 2763/895/777
f 3118/879/778 3130/1170/778 3058/1165/778 3046/1150/778
f 506/1232/779 494/930/779 440/906/779 450/905/779
f 21/1237/780 6/913/780 10/916/780 24/1238/780
f 2277/1173/781 2287/1172/781 1910/1239/781 1710/1230/781
f 410/907/782 400/947/782 381/1240/782 398/908/782
f 1165/1068/783 1161/966/783 1328/939/783 1336/938/783
f 1164/1181/784 1160/1093/784 988/1096/784 995/1163/784
f 495/889/785 489/950/785 539/920/785 548/891/785
f 995/1163/786 988/1096/786 841/955/786 847/1164/786
f 847/1164/787 841/955/787 667/958/787 681/893/787
f 2775/1185/788 2781/951/788 2636/954/788 2627/1241/788
f 441/888/789 435/912/789 489/950/789 495/889/789
f 440/906/790 434/944/790 400/947/790 410/907/790
f 3200/1242/791 3209/1211/791 3198/1199/791 3188/1243/791
f 400/947/792 395/946/792 374/1244/792 381/1240/792
f 2462/1210/793 2464/1209/793 2297/1245/793 2295/1246/793
f 987/965/794 981/964/794 1159/967/794 1161/966/794
f 988/1096/795 979/1095/795 837/956/795 841/955/795
f 668/921/796 662/1088/796 840/963/796 842/962/796
f 667/1247/797 659/1248/797 534/1249/797 538/928/797
f 538/928/798 534/1249/798 484/1250/798 488/929/798
f 488/929/799 484/1250/799 428/945/799 434/944/799
f 1327/1180/800 1324/1251/800 1156/1094/800 1160/1093/800
f 2295/1246/801 2297/1245/801 1784/1252/801 1909/1253/801
f 396/1254/802 404/833/802 387/836/802 376/1255/802
f 429/1256/803 438/1257/803 404/833/803 396/1254/803
f 430/948/804 439/1258/804 491/1259/804 486/949/804
f 486/949/805 491/1259/805 543/1260/805 536/1087/805
f 2785/1261/806 2778/1262/806 2954/1144/806 2963/1263/806
f 2963/1263/807 2954/1144/807 3061/1147/807 3068/1264/807
f 839/963/808 846/1265/808 994/1266/808 980/964/808
f 980/964/809 994/1266/809 1163/1267/809 1158/967/809
f 1158/967/810 1163/1267/810 1330/1268/810 1325/968/810
f 145/1269/811 158/1270/811 152/1271/811 138/1272/811
f 388/1273/812 409/1274/812 417/1275/812 405/1276/812
f 3167/1277/813 3159/1278/813 3181/1279/813 3195/1280/813
f 439/1258/814 447/1281/814 501/1282/814 491/1259/814
f 491/1259/815 501/1282/815 560/1283/815 543/1260/815
f 543/1260/816 560/1283/816 696/1284/816 670/1285/816
f 2778/1262/817 2768/1286/817 2928/1145/817 2954/1144/817
f 846/1265/818 856/1287/818 1004/1288/818 994/1266/818
f 490/1289/819 500/1290/819 446/1291/819 438/1257/819
f 1163/1267/820 1169/1292/820 1340/1293/820 1330/1268/820
f 1783/1294/821 1781/1295/821 2284/1296/821 2294/1297/821
f 3181/1279/822 3161/1298/822 3169/1299/822 3191/1300/822
f 1245/303/823 1237/302/823 1433/974/823 1443/1301/823
f 447/1281/824 468/1302/824 517/1303/824 501/1282/824
f 1003/1304/825 1025/1305/825 883/1306/825 855/1307/825
f 855/1307/826 883/1306/826 731/1308/826 695/1309/826
f 695/1309/827 731/1308/827 583/1310/827 559/1311/827
f 856/1287/828 884/1312/828 1026/1313/828 1004/1288/828
f 130/1314/829 203/1315/829 191/885/829 121/1316/829
f 1169/1292/830 1175/1317/830 1358/1318/830 1340/1293/830
f 1340/1293/831 1358/1318/831 1908/1319/831 1925/1320/831
f 437/1321/832 453/1322/832 460/1323/832 445/1324/832
f 2266/1325/833 2252/1326/833 2435/1327/833 2449/1328/833
f 2597/1329/834 2582/1330/834 2434/1331/834 2448/712/834
f 1025/1305/835 1042/1332/835 905/1333/835 883/1306/835
f 731/1308/836 769/1334/836 624/1335/836 583/1310/836
f 2691/245/837 2699/439/837 2601/454/837 2595/238/837
f 2598/1336/838 2581/1337/838 2718/1338/838 2740/1339/838
f 1026/1313/839 1041/1340/839 1189/1341/839 1175/1317/839
f 467/1342/840 502/1343/840 459/1344/840 444/1345/840
f 1358/1318/841 1372/1346/841 1706/1347/841 1908/1319/841
f 2693/673/842 2675/672/842 2545/1348/842 2556/1349/842
f 460/1323/843 505/1350/843 521/1351/843 503/1352/843
f 503/1352/844 521/1351/844 570/1353/844 533/1354/844
f 533/1354/845 570/1353/845 666/1355/845 625/1356/845
f 625/1356/846 666/1355/846 798/1357/846 770/1358/846
f 2998/1359/847 2957/1360/847 2825/670/847 2853/1361/847
f 2999/650/848 2958/1362/848 3043/1363/848 3071/651/848
f 3071/651/849 3043/1363/849 3083/1364/849 3123/1365/849
f 3146/1366/850 3120/1367/850 3082/1368/850 3122/1369/850
f 459/1344/851 504/1370/851 498/1371/851 452/1372/851
f 504/1370/852 522/1373/852 518/1374/852 498/1371/852
f 2240/1375/853 2229/1376/853 2417/679/853 2425/1377/853
f 569/1378/854 610/1379/854 549/1380/854 520/1381/854
f 1068/1382/855 1077/1383/855 947/1384/855 929/1385/855
f 1777/1386/856 1775/1387/856 2240/1375/856 2252/1326/856
f 798/1357/857 834/231/857 948/234/857 930/1388/857
f 665/1389/858 723/1390/858 610/1379/858 569/1378/858
f 2370/576/859 2374/585/859 2178/258/859 2174/430/859
f 1199/1391/860 1207/1392/860 1395/1393/860 1384/1394/860
f 1774/1395/861 1771/1396/861 1394/1397/861 1383/1398/861
f 519/1399/862 541/1400/862 555/1401/862 523/1402/862
f 1480/1403/863 1418/1404/863 1379/1405/863 1422/1406/863
f 1206/1407/864 1216/1408/864 1090/1409/864 1077/1383/864
f 1077/1383/865 1090/1409/865 972/1410/865 947/1384/865
f 724/1411/866 763/1412/866 869/232/866 834/231/866
f 833/1413/867 870/1414/867 764/1415/867 723/1390/867
f 723/1390/868 764/1415/868 646/1416/868 610/1379/868
f 550/1417/869 588/1418/869 645/1419/869 611/1420/869
f 1207/1392/870 1217/1421/870 1406/1422/870 1395/1393/870
f 1395/1423/871 1406/1424/871 1692/1425/871 1773/1426/871
f 1768/1427/872 1764/1428/872 1420/1429/872 1407/1430/872
f 3029/1431/873 2996/1432/873 3034/1433/873 3052/1434/873
f 2977/1435/874 2919/1436/874 2996/1432/874 3029/1431/874
f 971/233/875 989/1437/875 1095/1438/875 1089/1439/875
f 2753/1440/876 2727/1441/876 2831/1442/876 2859/1443/876
f 869/232/877 895/1444/877 989/1437/877 971/233/877
f 764/1415/878 792/1445/878 704/1446/878 646/1416/878
f 12/1215/879 14/485/879 29/1447/879 23/1448/879
f 1407/1430/880 1420/1429/880 1226/1449/880 1216/1408/880
f 1406/1424/881 1421/1450/881 1766/1451/881 1692/1425/881
f 1764/1428/882 1762/1452/882 1426/1453/882 1420/1429/882
f 581/1454/883 606/1455/883 643/1456/883 626/1457/883
f 1132/220/884 1123/248/884 1249/253/884 1253/224/884
f 703/1458/885 727/1459/885 811/1460/885 791/1461/885
f 791/1461/886 811/1460/886 908/1462/886 895/1444/886
f 895/1444/887 908/1462/887 1005/1463/887 989/1437/887
f 989/1437/888 1005/1463/888 1100/1464/888 1095/1438/888
f 704/1446/889 728/1465/889 644/1466/889 627/1467/889
f 521/1351/890 550/1417/890 611/1420/890 570/1353/890
f 573/1468/891 591/1469/891 606/1455/891 581/1454/891
f 591/1469/892 598/1470/892 615/1471/892 606/1455/892
f 1426/1453/893 1430/1472/893 1234/1473/893 1230/1474/893
f 3050/1475/894 3032/1476/894 2891/1477/894 2927/1478/894
f 727/1459/895 735/1479/895 820/1480/895 811/1460/895
f 1433/974/896 1415/757/896 1809/760/896 1819/1481/896
f 908/1462/897 913/1482/897 1013/1483/897 1005/1463/897
f 2522/1484/898 2516/1485/898 2610/1486/898 2617/1487/898
f 1100/1464/899 1103/1488/899 1236/1489/899 1231/1490/899
f 1231/1490/900 1236/1489/900 1432/1491/900 1427/1492/900
f 3016/1493/901 3005/1494/901 3022/1495/901 3026/1496/901
f 1786/1084/902 1783/1294/902 2294/1297/902 2299/1085/902
f 2299/1085/903 2294/1297/903 2461/1497/903 2466/1086/903
f 2466/1086/904 2461/1497/904 2630/1498/904 2641/959/904
f 2784/952/905 2777/1499/905 2629/1500/905 2643/953/905
f 536/1087/906 543/1260/906 670/1285/906 661/1088/906
f 3139/1091/907 3134/1501/907 3060/638/907 3067/637/907
f 3068/1264/908 3061/1147/908 3135/1502/908 3140/1503/908
f 397/943/909 405/1276/909 439/1258/909 430/948/909
f 3176/1504/910 3167/1277/910 3195/1280/910 3203/1505/910
f 3203/1505/911 3195/1280/911 3208/1506/911 3213/1507/911
f 2293/1508/912 2283/713/912 1695/1509/912 1696/1510/912
f 2460/1511/913 2454/711/913 2283/713/913 2293/1508/913
f 2461/1497/914 2455/1512/914 2620/1513/914 2630/1498/914
f 2777/1499/915 2767/1514/915 2619/1515/915 2629/1500/915
f 2630/1516/916 2620/1517/916 2768/1286/916 2778/1262/916
f 3060/638/917 3050/1475/917 2927/1478/917 2953/639/917
f 3061/1147/918 3051/1146/918 3125/1518/918 3135/1502/918
f 3135/1502/919 3125/1518/919 3159/1278/919 3167/1277/919
f 899/1128/920 879/869/920 729/872/920 761/1131/920
f 3195/1280/921 3181/1279/921 3191/1300/921 3208/1506/921
f 1781/1295/922 1779/1519/922 2266/1520/922 2284/1296/922
f 446/1291/923 467/1342/923 444/1345/923 416/834/923
f 2455/1521/924 2449/1328/924 2598/1336/924 2620/1517/924
f 2620/1517/925 2598/1336/925 2740/1339/925 2768/1286/925
f 560/1283/926 584/1522/926 732/1523/926 696/1284/926
f 696/1284/927 732/1523/927 884/1312/927 856/1287/927
f 2767/1514/928 2739/1524/928 2597/1329/928 2619/1515/928
f 3125/1518/929 3087/652/929 3145/1525/929 3159/1278/929
f 3159/1278/930 3145/1525/930 3161/1298/930 3181/1279/930
f 1780/1526/931 1778/1527/931 1357/1528/931 1339/1529/931
f 1779/1519/932 1777/1530/932 2252/1531/932 2266/1520/932
f 445/1324/933 460/1323/933 503/1352/933 468/1302/933
f 767/250/934 751/607/934 673/286/934 689/251/934
f 884/1312/935 906/1532/935 1041/1340/935 1026/1313/935
f 732/1523/936 770/1358/936 906/1532/936 884/1312/936
f 584/1522/937 625/1356/937 770/1358/937 732/1523/937
f 517/1303/938 533/1354/938 625/1356/938 584/1522/938
f 3087/652/939 3071/651/939 3123/1365/939 3145/1525/939
f 1357/1528/940 1371/1533/940 1188/1534/940 1174/1535/940
f 3168/1536/941 3152/1537/941 3146/1366/941 3160/1538/941
f 3147/1539/942 3121/1540/942 3127/1541/942 3153/1542/942
f 1189/1341/943 1199/1391/943 1384/1394/943 1372/1346/943
f 3122/1369/944 3082/1368/944 3042/1543/944 3070/1544/944
f 2581/1337/945 2555/1545/945 2694/1546/945 2718/1338/945
f 2718/1338/946 2694/1546/946 2826/1547/946 2854/1548/946
f 2854/1548/947 2826/1547/947 2958/1362/947 2999/650/947
f 906/1532/948 930/1388/948 1067/1549/948 1041/1340/948
f 2435/1327/949 2425/1377/949 2555/1545/949 2581/1337/949
f 250/1550/950 181/1551/950 187/1552/950 256/1553/950
f 1372/1346/951 1384/1394/951 1705/1554/951 1706/1347/951
f 499/1555/952 519/1399/952 523/1402/952 505/1350/952
f 3120/1367/953 3080/1556/953 3056/1557/953 3082/1368/953
f 2556/1349/954 2545/1348/954 2416/1558/954 2424/1559/954
f 2555/1545/955 2546/682/955 2676/1560/955 2694/1546/955
f 2694/1546/956 2676/1560/956 2790/1561/956 2826/1547/956
f 929/1385/957 947/1384/957 833/1413/957 797/1562/957
f 930/1388/958 948/234/958 1078/1563/958 1067/1549/958
f 2425/1377/959 2417/679/959 2546/682/959 2555/1545/959
f 948/234/960 971/233/960 1089/1439/960 1078/1563/960
f 1384/1564/961 1395/1423/961 1773/1426/961 1705/1565/961
f 2228/1566/962 2217/1567/962 1929/1568/962 1770/1569/962
f 3057/1570/963 3029/1431/963 3052/1434/963 3081/1571/963
f 610/1379/964 646/1416/964 587/1572/964 549/1380/964
f 645/1419/965 703/1458/965 791/1461/965 763/1412/965
f 2754/1573/966 2728/1574/966 2634/1575/966 2652/1576/966
f 2790/1561/967 2753/1440/967 2859/1443/967 2900/1577/967
f 2546/682/968 2533/681/968 2651/1578/968 2676/1560/968
f 3013/1579/969 2977/1435/969 3029/1431/969 3057/1570/969
f 523/1402/970 555/1401/970 588/1418/970 550/1417/970
f 3081/1571/971 3052/1434/971 3063/1580/971 3085/1581/971
f 541/1400/972 573/1468/972 581/1454/972 555/1401/972
f 2216/1582/973 2203/1583/973 2397/1584/973 2407/680/973
f 1089/1439/974 1095/1438/974 1227/1585/974 1217/1421/974
f 2978/1586/975 2920/1587/975 2832/1588/975 2860/1589/975
f 109/1590/976 141/1591/976 163/601/976 137/600/976
f 2651/1578/977 2633/1592/977 2727/1441/977 2753/1440/977
f 3039/1593/978 3027/1594/978 3017/1595/978 3035/1596/978
f 2407/680/979 2397/1584/979 2527/1597/979 2533/681/979
f 1217/1421/980 1227/1585/980 1421/1598/980 1406/1422/980
f 2217/1567/981 2202/1599/981 1765/1600/981 1929/1568/981
f 3034/1433/982 3016/1493/982 3026/1496/982 3038/1601/982
f 2996/1432/983 2979/1602/983 3016/1493/983 3034/1433/983
f 2397/1584/984 2393/1603/984 2522/1484/984 2527/1597/984
f 2527/1597/985 2522/1484/985 2617/1487/985 2633/1592/985
f 937/570/986 931/584/986 843/678/986 853/571/986
f 2727/1441/987 2716/1604/987 2811/1605/987 2831/1442/987
f 1402/1606/988 1483/1607/988 1479/1608/988 1399/1609/988
f 2919/1436/989 2895/1610/989 2979/1602/989 2996/1432/989
f 1227/1585/990 1231/1490/990 1427/1492/990 1421/1598/990
f 1767/1611/991 1763/1612/991 2197/1613/991 2203/1583/991
f 3027/1594/992 3023/1614/992 3007/1615/992 3017/1595/992
f 2197/1616/993 2193/1617/993 2389/1618/993 2393/1619/993
f 643/1456/994 653/1620/994 735/1479/994 727/1459/994
f 3293/1621/995 3330/1622/995 3332/1623/995 3297/1624/995
f 811/1460/996 820/1480/996 913/1482/996 908/1462/996
f 2716/1604/997 2710/1625/997 2803/1626/997 2811/1605/997
f 2811/1605/998 2803/1626/998 2885/1627/998 2895/1610/998
f 2895/1610/999 2885/1627/999 2971/1628/999 2979/1602/999
f 2979/1602/1000 2971/1628/1000 3005/1494/1000 3016/1493/1000
f 1427/1492/1001 1432/1491/1001 1760/1629/1001 1897/1630/1001
f 1785/1196/1002 1782/1631/1002 1329/1632/1002 1324/1197/1002
f 3202/1200/1003 3194/1633/1003 3166/1634/1003 3175/1090/1003
f 3140/1503/1004 3135/1502/1004 3167/1277/1004 3176/1504/1004
f 535/1635/1005 542/1636/1005 490/1289/1005 485/1637/1005
f 2962/640/1006 2953/639/1006 2777/1499/1006 2784/952/1006
f 660/1638/1007 669/1639/1007 542/1636/1007 535/1635/1007
f 19/1640/1008 37/1641/1008 35/1642/1008 15/1643/1008
f 3175/1090/1009 3166/1634/1009 3134/1501/1009 3139/1091/1009
f 7/1644/1010 19/1640/1010 15/1643/1010 4/1645/1010
f 2298/1245/1011 2293/1508/1011 1696/1510/1011 1785/1252/1011
f 1330/1268/1012 1340/1293/1012 1925/1320/1012 1926/1646/1012
f 3194/1633/1013 3180/1647/1013 3158/1648/1013 3166/1634/1013
f 994/1266/1014 1004/1288/1014 1169/1292/1014 1163/1267/1014
f 542/1636/1015 559/1649/1015 500/1290/1015 490/1289/1015
f 670/1285/1016 696/1284/1016 856/1287/1016 846/1265/1016
f 2953/639/1017 2927/1478/1017 2767/1514/1017 2777/1499/1017
f 3134/1501/1018 3124/1650/1018 3050/1475/1018 3060/638/1018
f 2629/1500/1019 2619/1515/1019 2454/711/1019 2460/1511/1019
f 405/1276/1020 417/1275/1020 447/1281/1020 439/1258/1020
f 1782/1631/1021 1780/1526/1021 1339/1529/1021 1329/1632/1021
f 3190/1651/1022 3168/1536/1022 3160/1538/1022 3180/1647/1022
f 3180/1647/1023 3160/1538/1023 3144/1652/1023 3158/1648/1023
f 1168/1653/1024 1174/1535/1024 1025/1305/1024 1003/1304/1024
f 3124/1650/1025 3086/1654/1025 3032/1476/1025 3050/1475/1025
f 2768/1286/1026 2740/1339/1026 2892/1655/1026 2928/1145/1026
f 2928/1145/1027 2892/1655/1027 3033/649/1027 3051/1146/1027
f 501/1282/1028 517/1303/1028 584/1522/1028 560/1283/1028
f 2619/1515/1029 2597/1329/1029 2448/712/1029 2454/711/1029
f 2284/1296/1030 2266/1520/1030 2449/1656/1030 2455/1512/1030
f 3002/590/1031 3024/1101/1031 3008/598/1031 2990/591/1031
f 1778/1527/1032 1776/1657/1032 1371/1533/1032 1357/1528/1032
f 1175/1317/1033 1189/1341/1033 1372/1346/1033 1358/1318/1033
f 3144/1652/1034 3122/1369/1034 3070/1544/1034 3086/1654/1034
f 3086/1654/1035 3070/1544/1035 2998/1359/1035 3032/1476/1035
f 883/1306/1036 905/1333/1036 769/1334/1036 731/1308/1036
f 2740/1339/1037 2718/1338/1037 2854/1548/1037 2892/1655/1037
f 2739/1524/1038 2717/1658/1038 2582/1330/1038 2597/1329/1038
f 2449/1328/1039 2435/1327/1039 2581/1337/1039 2598/1336/1039
f 641/419/1040 633/685/1040 674/444/1040 690/420/1040
f 3161/1298/1041 3147/1539/1041 3153/1542/1041 3169/1299/1041
f 1776/1657/1042 1774/1395/1042 1383/1398/1042 1371/1533/1042
f 3123/1365/1043 3083/1364/1043 3121/1540/1043 3147/1539/1043
f 1403/1659/1044 1482/1660/1044 1496/1661/1044 1413/1662/1044
f 624/1335/1045 665/1389/1045 569/1378/1045 532/1663/1045
f 905/1333/1046 929/1385/1046 797/1562/1046 769/1334/1046
f 2853/1361/1047 2825/670/1047 2693/673/1047 2717/1658/1047
f 2717/1658/1048 2693/673/1048 2556/1349/1048 2582/1330/1048
f 2582/1330/1049 2556/1349/1049 2424/1559/1049 2434/1331/1049
f 2434/1331/1050 2424/1559/1050 2239/1664/1050 2251/276/1050
f 453/1322/1051 499/1555/1051 505/1350/1051 460/1323/1051
f 3121/1540/1052 3081/1571/1052 3085/1581/1052 3127/1541/1052
f 1383/1398/1053 1394/1397/1053 1206/1407/1053 1198/1665/1053
f 3043/1363/1054 3013/1579/1054 3057/1570/1054 3083/1364/1054
f 3042/1543/1055 3012/1666/1055 2899/1667/1055 2957/1360/1055
f 2957/1360/1056 2899/1667/1056 2789/671/1056 2825/670/1056
f 2826/1547/1057 2790/1561/1057 2900/1577/1057 2958/1362/1057
f 2958/1362/1058 2900/1577/1058 3013/1579/1058 3043/1363/1058
f 1198/1665/1059 1206/1407/1059 1077/1383/1059 1068/1382/1059
f 520/1381/1060 549/1380/1060 522/1668/1060 504/1669/1060
f 2416/1558/1061 2406/1670/1061 2217/1567/1061 2228/1566/1061
f 522/1373/1062 556/1671/1062 540/1672/1062 518/1374/1062
f 3080/1556/1063 3053/1673/1063 3028/1674/1063 3056/1557/1063
f 1078/1563/1064 1089/1439/1064 1217/1421/1064 1207/1392/1064
f 3012/1666/1065 2978/1586/1065 2860/1589/1065 2899/1667/1065
f 2676/1560/1066 2651/1578/1066 2753/1440/1066 2790/1561/1066
f 2789/671/1067 2754/1573/1067 2652/1576/1067 2675/672/1067
f 2900/1577/1068 2859/1443/1068 2977/1435/1068 3013/1579/1068
f 3307/1675/1069 3329/1676/1069 3335/1677/1069 3310/1678/1069
f 2229/1376/1070 2216/1582/1070 2407/680/1070 2417/679/1070
f 3220/1679/1071 3249/1680/1071 3251/1681/1071 3222/1682/1071
f 556/1671/1072 582/1683/1072 574/1684/1072 540/1672/1072
f 3053/1673/1073 3035/1596/1073 2997/1685/1073 3028/1674/1073
f 3028/1674/1074 2997/1685/1074 2920/1587/1074 2978/1586/1074
f 2533/681/1075 2527/1597/1075 2633/1592/1075 2651/1578/1075
f 2860/1589/1076 2832/1588/1076 2728/1574/1076 2754/1573/1076
f 763/1412/1077 791/1461/1077 895/1444/1077 869/232/1077
f 2859/1443/1078 2831/1442/1078 2919/1436/1078 2977/1435/1078
f 2534/1686/1079 2528/1687/1079 2396/1688/1079 2406/1670/1079
f 2406/1670/1080 2396/1688/1080 2202/1599/1080 2217/1567/1080
f 3052/1434/1081 3034/1433/1081 3038/1601/1081 3063/1580/1081
f 1421/1598/1082 1427/1492/1082 1897/1630/1082 1766/1689/1082
f 1420/1429/1083 1426/1453/1083 1230/1474/1083 1226/1449/1083
f 2997/1685/1084 2980/1690/1084 2896/1691/1084 2920/1587/1084
f 2634/1575/1085 2618/1692/1085 2523/1693/1085 2528/1687/1085
f 2633/1592/1086 2617/1487/1086 2716/1604/1086 2727/1441/1086
f 2832/1588/1087 2812/1694/1087 2715/1695/1087 2728/1574/1087
f 2831/1442/1088 2811/1605/1088 2895/1610/1088 2919/1436/1088
f 2528/1687/1089 2523/1693/1089 2392/1696/1089 2396/1688/1089
f 2396/1688/1090 2392/1696/1090 2196/1697/1090 2202/1599/1090
f 582/1683/1091 607/1698/1091 592/1699/1091 574/1684/1091
f 2949/592/1092 2973/599/1092 2889/703/1092 2871/593/1092
f 644/1700/1093 651/1701/1093 618/1702/1093 607/1698/1093
f 2980/1690/1094 2969/1703/1094 2887/1704/1094 2896/1691/1094
f 1005/1463/1095 1013/1483/1095 1103/1488/1095 1100/1464/1095
f 2812/1694/1096 2802/1705/1096 2709/1706/1096 2715/1695/1096
f 2617/1487/1097 2610/1486/1097 2710/1625/1097 2716/1604/1097
f 2618/1692/1098 2609/1707/1098 2519/1708/1098 2523/1693/1098
f 2393/1603/1099 2389/1709/1099 2516/1485/1099 2522/1484/1099
f 3051/1146/1100 3033/649/1100 3087/652/1100 3125/1518/1100
f 2196/1697/1101 2190/1710/1101 1759/1711/1101 1724/1712/1101
f 1325/968/1102 1330/1268/1102 1926/1646/1102 1786/969/1102
f 2465/1209/1103 2460/1511/1103 2293/1508/1103 2298/1245/1103
f 2643/953/1104 2629/1500/1104 2460/1511/1104 2465/1209/1104
f 982/1713/1105 993/1714/1105 845/1715/1105 838/1716/1105
f 838/1717/1106 845/1718/1106 669/1639/1106 660/1638/1106
f 661/1088/1107 670/1285/1107 846/1265/1107 839/963/1107
f 2641/959/1108 2630/1498/1108 2778/1719/1108 2785/960/1108
f 485/1637/1109 490/1289/1109 438/1257/1109 429/1256/1109
f 1324/1197/1110 1329/1632/1110 1162/1720/1110 1157/1721/1110
f 376/942/1111 388/1273/1111 405/1276/1111 397/943/1111
f 3129/822/1112 3149/851/1112 3163/881/1112 3151/823/1112
f 1329/1632/1113 1339/1529/1113 1168/1653/1113 1162/1720/1113
f 2294/1297/1114 2284/1296/1114 2455/1512/1114 2461/1497/1114
f 993/1714/1115 1003/1304/1115 855/1307/1115 845/1715/1115
f 845/1715/1116 855/1307/1116 695/1309/1116 669/1722/1116
f 669/1639/1117 695/1723/1117 559/1649/1117 542/1636/1117
f 3166/1634/1118 3158/1648/1118 3124/1650/1118 3134/1501/1118
f 1162/1720/1119 1168/1653/1119 1003/1304/1119 993/1714/1119
f 438/1257/1120 446/1291/1120 416/834/1120 404/833/1120
f 3207/1724/1121 3190/1651/1121 3180/1647/1121 3194/1633/1121
f 2283/713/1122 2265/275/1122 1707/278/1122 1695/1509/1122
f 1339/1529/1123 1357/1528/1123 1174/1535/1123 1168/1653/1123
f 500/1290/1124 516/1725/1124 467/1342/1124 446/1291/1124
f 923/595/1125 911/706/1125 817/605/1125 831/604/1125
f 2927/1478/1126 2891/1477/1126 2739/1524/1126 2767/1514/1126
f 3017/1595/1127 3007/1615/1127 2969/1703/1127 2980/1690/1127
f 559/1649/1128 583/1726/1128 516/1725/1128 500/1290/1128
f 1004/1288/1129 1026/1313/1129 1175/1317/1129 1169/1292/1129
f 417/1275/1130 445/1324/1130 468/1302/1130 447/1281/1130
f 416/834/1131 444/1345/1131 436/1727/1131 408/835/1131
f 1828/256/1132 1820/608/1132 1442/611/1132 1444/257/1132
f 2448/712/1133 2434/1331/1133 2251/276/1133 2265/275/1133
f 1174/1535/1134 1188/1534/1134 1042/1332/1134 1025/1305/1134
f 1122/236/1135 1116/291/1135 1021/594/1135 1027/583/1135
f 2891/1477/1136 2853/1361/1136 2717/1658/1136 2739/1524/1136
f 3032/1476/1137 2998/1359/1137 2853/1361/1137 2891/1477/1137
f 583/1310/1138 624/1335/1138 532/1663/1138 516/1728/1138
f 468/1302/1139 503/1352/1139 533/1354/1139 517/1303/1139
f 3160/1538/1140 3146/1366/1140 3122/1369/1140 3144/1652/1140
f 444/1345/1141 459/1344/1141 452/1372/1141 436/1727/1141
f 2251/276/1142 2239/1664/1142 1906/1729/1142 1907/277/1142
f 1371/1533/1143 1383/1398/1143 1198/1665/1143 1188/1534/1143
f 1188/1534/1144 1198/1665/1144 1068/1382/1144 1042/1332/1144
f 1953/1730/1145 1945/1731/1145 1979/1732/1145 1995/1733/1145
f 314/1734/1146 340/1735/1146 338/1736/1146 317/1737/1146
f 770/1358/1147 798/1357/1147 930/1388/1147 906/1532/1147
f 1042/1332/1148 1068/1382/1148 929/1385/1148 905/1333/1148
f 532/1663/1149 569/1378/1149 520/1381/1149 502/1738/1149
f 502/1343/1150 520/1739/1150 504/1370/1150 459/1344/1150
f 3152/1537/1151 3126/1740/1151 3120/1367/1151 3146/1366/1151
f 3126/1740/1152 3084/1741/1152 3080/1556/1152 3120/1367/1152
f 3083/1364/1153 3057/1570/1153 3081/1571/1153 3121/1540/1153
f 1067/1549/1154 1078/1563/1154 1207/1392/1154 1199/1391/1154
f 2203/1583/1155 2197/1613/1155 2393/1603/1155 2397/1584/1155
f 666/1355/1156 724/1411/1156 834/231/1156 798/1357/1156
f 797/1562/1157 833/1413/1157 723/1390/1157 665/1389/1157
f 570/1353/1158 611/1420/1158 724/1411/1158 666/1355/1158
f 3082/1368/1159 3056/1557/1159 3012/1666/1159 3042/1543/1159
f 2424/1559/1160 2416/1558/1160 2228/1566/1160 2239/1664/1160
f 1775/1387/1161 1772/1742/1161 2229/1376/1161 2240/1375/1161
f 1771/1396/1162 1768/1427/1162 1407/1430/1162 1394/1397/1162
f 1394/1397/1163 1407/1430/1163 1216/1408/1163 1206/1407/1163
f 3056/1557/1164 3028/1674/1164 2978/1586/1164 3012/1666/1164
f 611/1420/1165 645/1419/1165 763/1412/1165 724/1411/1165
f 947/1384/1166 972/1410/1166 870/1414/1166 833/1413/1166
f 2899/1667/1167 2860/1589/1167 2754/1573/1167 2789/671/1167
f 2675/672/1168 2652/1576/1168 2534/1686/1168 2545/1348/1168
f 2545/1348/1169 2534/1686/1169 2406/1670/1169 2416/1558/1169
f 549/1380/1170 587/1572/1170 556/1743/1170 522/1668/1170
f 1772/1742/1171 1769/1744/1171 2216/1582/1171 2229/1376/1171
f 3062/1745/1172 3039/1593/1172 3035/1596/1172 3053/1673/1172
f 199/1746/1173 166/1747/1173 171/1748/1173 205/1749/1173
f 1216/1408/1174 1226/1449/1174 1096/674/1174 1090/1409/1174
f 1090/1409/1175 1096/674/1175 990/677/1175 972/1410/1175
f 972/1410/1176 990/677/1176 896/1750/1176 870/1414/1176
f 870/1414/1177 896/1750/1177 792/1445/1177 764/1415/1177
f 2652/1576/1178 2634/1575/1178 2528/1687/1178 2534/1686/1178
f 646/1416/1179 704/1446/1179 627/1467/1179 587/1572/1179
f 587/1572/1180 627/1467/1180 582/1751/1180 556/1743/1180
f 39/1752/1181 57/1753/1181 72/1754/1181 51/1755/1181
f 299/1756/1182 270/1757/1182 272/1758/1182 303/1759/1182
f 3035/1596/1183 3017/1595/1183 2980/1690/1183 2997/1685/1183
f 626/1457/1184 643/1456/1184 727/1459/1184 703/1458/1184
f 2920/1587/1185 2896/1691/1185 2812/1694/1185 2832/1588/1185
f 990/677/1186 1006/676/1186 907/1217/1186 896/1750/1186
f 2728/1574/1187 2715/1695/1187 2618/1692/1187 2634/1575/1187
f 792/1445/1188 812/1220/1188 728/1465/1188 704/1446/1188
f 1226/1449/1189 1230/1474/1189 1101/675/1189 1096/674/1189
f 627/1760/1190 644/1700/1190 607/1698/1190 582/1683/1190
f 2202/1599/1191 2196/1697/1191 1724/1712/1191 1765/1600/1191
f 1762/1452/1192 1758/1761/1192 1430/1472/1192 1426/1453/1192
f 606/1455/1193 615/1471/1193 653/1620/1193 643/1456/1193
f 1230/1474/1194 1234/1473/1194 1107/1762/1194 1101/675/1194
f 1101/675/1195 1107/1762/1195 1012/1763/1195 1006/676/1195
f 1006/676/1196 1012/1763/1196 912/1218/1196 907/1217/1196
f 2715/1695/1197 2709/1706/1197 2609/1707/1197 2618/1692/1197
f 2896/1691/1198 2887/1704/1198 2802/1705/1198 2812/1694/1198
f 2523/1693/1199 2519/1708/1199 2386/1764/1199 2392/1696/1199
f 2392/1696/1200 2386/1764/1200 2190/1710/1200 2196/1697/1200
f 1763/1765/1201 1761/1766/1201 2193/1617/1201 2197/1616/1201
f 595/1767/1202 479/1768/1202 481/1769/1202 599/1770/1202
f 596/1771/1203 480/645/1203 478/648/1203 594/1772/1203
f 558/1773/1204 466/1774/1204 464/1775/1204 552/1776/1204
f 590/1777/1205 476/1778/1205 474/1779/1205 578/1780/1205
f 576/1781/1206 472/1782/1206 470/1783/1206 568/1784/1206
f 578/1785/1207 474/1786/1207 472/1782/1207 576/1781/1207
f 254/1787/1208 296/1788/1208 300/1789/1208 257/1790/1208
f 3306/1791/1209 3318/1792/1209 3336/1793/1209 3316/1794/1209
f 2034/1795/1210 2120/1796/1210 2064/1797/1210 2010/1798/1210
f 599/1770/1211 481/1769/1211 480/645/1211 596/1771/1211
f 462/1799/1212 390/1800/1212 391/1801/1212 456/1802/1212
f 2815/345/1213 2823/517/1213 2741/521/1213 2733/346/1213
f 466/1774/1214 380/1803/1214 385/1804/1214 464/1775/1214
f 3305/1805/1215 3319/1806/1215 3311/1807/1215 3296/1808/1215
f 3360/1809/1216 3390/1810/1216 3370/1811/1216 3344/1812/1216
f 472/1782/1217 370/1813/1217 372/1814/1217 470/1783/1217
f 476/1778/1218 367/1815/1218 368/1816/1218 474/1779/1218
f 478/648/1219 365/647/1219 367/1815/1219 476/1778/1219
f 464/1775/1220 385/1804/1220 390/1800/1220 462/1799/1220
f 481/1769/1221 360/1817/1221 363/646/1221 480/645/1221
f 1260/1818/1222 1264/1819/1222 1146/475/1222 1142/474/1222
f 385/1804/1223 334/1820/1223 336/1821/1223 390/1800/1223
f 380/1803/1224 332/1822/1224 334/1820/1224 385/1804/1224
f 3620/1823/1225 3605/1824/1225 3609/1825/1225 3626/1826/1225
f 370/1813/1226 327/1827/1226 330/1828/1226 372/1814/1226
f 373/1829/1227 329/1830/1227 328/1831/1227 371/1832/1227
f 367/1815/1228 324/1833/1228 326/1834/1228 368/1816/1228
f 365/647/1229 322/1835/1229 324/1833/1229 367/1815/1229
f 3240/1836/1230 3260/1837/1230 3256/1838/1230 3238/1839/1230
f 360/1817/1231 316/1840/1231 320/1841/1231 363/646/1231
f 516/1725/1232 532/1842/1232 502/1343/1232 467/1342/1232
f 474/1786/1233 368/1843/1233 370/1813/1233 472/1782/1233
f 3275/1844/1234 3287/1845/1234 3257/1846/1234 3247/1847/1234
f 118/1848/1235 83/1849/1235 61/1850/1235 92/1851/1235
f 288/1852/1236 251/1853/1236 238/1854/1236 286/1855/1236
f 326/1856/1237 276/1857/1237 282/1858/1237 327/1827/1237
f 324/1833/1238 266/1859/1238 276/1860/1238 326/1834/1238
f 322/1835/1239 260/1861/1239 266/1859/1239 324/1833/1239
f 3192/688/1240 3229/1862/1240 3231/1863/1240 3196/1864/1240
f 316/1840/1241 250/1550/1241 256/1553/1241 320/1841/1241
f 642/579/1242 635/683/1242 641/419/1242 658/418/1242
f 291/1865/1243 262/1866/1243 270/1757/1243 299/1756/1243
f 208/1867/1244 134/1868/1244 112/1869/1244 196/1870/1244
f 3475/1871/1245 3492/1872/1245 3479/1873/1245 3470/1874/1245
f 402/1875/1246 393/1876/1246 346/1877/1246 348/1878/1246
f 286/1855/1247 238/1854/1247 230/1879/1247 281/1880/1247
f 3409/1881/1248 3433/1882/1248 3453/1883/1248 3447/1884/1248
f 3242/1885/1249 3272/1886/1249 3264/1887/1249 3236/1888/1249
f 256/1553/1250 187/1552/1250 197/1889/1250 260/1861/1250
f 1877/1890/1251 1875/1891/1251 1945/1731/1251 1953/1730/1251
f 270/1757/1252 229/1892/1252 235/1893/1252 272/1758/1252
f 228/1894/1253 198/1895/1253 182/1896/1253 222/1897/1253
f 343/1898/1254 384/1899/1254 394/1900/1254 345/1901/1254
f 351/1902/1255 415/1903/1255 419/1904/1255 353/1905/1255
f 3462/1906/1256 3444/1907/1256 3467/1908/1256 3482/1909/1256
f 238/1854/1257 200/1910/1257 177/1911/1257 230/1879/1257
f 3304/1912/1258 3323/1913/1258 3309/1914/1258 3288/1915/1258
f 3280/1916/1259 3315/1917/1259 3304/1918/1259 3272/1919/1259
f 298/1920/1260 269/1921/1260 261/1922/1260 290/1923/1260
f 505/1350/1261 523/1402/1261 550/1417/1261 521/1351/1261
f 229/1892/1262 199/1746/1262 205/1749/1262 235/1893/1262
f 223/1924/1263 183/1925/1263 199/1746/1263 229/1892/1263
f 3265/1926/1264 3275/1844/1264 3247/1847/1264 3243/1927/1264
f 3425/1928/1265 3490/1929/1265 3505/1930/1265 3449/1931/1265
f 3454/1932/1266 3448/1933/1266 3474/1934/1266 3478/1935/1266
f 3276/1936/1267 3300/1937/1267 3284/1938/1267 3266/1939/1267
f 3554/1940/1268 3571/1941/1268 3558/1942/1268 3547/1943/1268
f 3434/1944/1269 3410/1945/1269 3436/1946/1269 3448/1933/1269
f 211/1947/1270 257/1790/1270 264/1948/1270 214/1949/1270
f 97/1950/1271 50/702/1271 54/1951/1271 103/1952/1271
f 1529/1953/1272 1491/1954/1272 1556/1955/1272 1587/1956/1272
f 183/1925/1273 155/1957/1273 166/1747/1273 199/1746/1273
f 134/1868/1274 74/1958/1274 63/1959/1274 112/1869/1274
f 147/1960/1275 101/1961/1275 127/1962/1275 169/1963/1275
f 311/1964/1276 345/1901/1276 347/1965/1276 309/1966/1276
f 161/1967/1277 178/1968/1277 219/1969/1277 209/1970/1277
f 75/1971/1278 47/1972/1278 62/1973/1278 93/1974/1278
f 344/1975/1279 342/1976/1279 310/1977/1279 308/1978/1279
f 54/1951/1280 24/1979/1280 33/1980/1280 64/1981/1280
f 50/702/1281 21/701/1281 24/1979/1281 54/1951/1281
f 166/1747/1282 144/1982/1282 151/1983/1282 171/1748/1282
f 551/1984/1283 463/1985/1283 465/1986/1283 557/1987/1283
f 198/1895/1284 167/1988/1284 154/1989/1284 182/1896/1284
f 101/1961/1285 85/1990/1285 105/562/1285 127/1962/1285
f 82/1991/1286 66/1992/1286 85/1993/1286 101/1994/1286
f 62/1973/1287 45/1995/1287 66/1992/1287 82/1991/1287
f 47/1972/1288 31/1996/1288 45/1995/1288 62/1973/1288
f 3285/1997/1289 3320/1998/1289 3330/1622/1289 3293/1621/1289
f 24/1238/1290 10/916/1290 18/1999/1290 33/2000/1290
f 1346/880/1291 1336/938/1291 1709/941/1291 1911/1051/1291
f 144/1982/1292 133/2001/1292 140/2002/1292 151/1983/1292
f 873/2003/1293 858/2004/1293 920/2005/1293 933/2006/1293
f 1564/2007/1294 1472/2008/1294 1425/2009/1294 1540/2010/1294
f 142/2011/1295 174/2012/1295 156/2013/1295 111/2014/1295
f 66/1992/1296 56/2015/1296 77/2016/1296 85/1993/1296
f 84/2017/1297 76/2018/1297 55/2019/1297 65/2020/1297
f 31/1996/1298 23/1448/1298 41/2021/1298 45/1995/1298
f 2679/559/1299 2685/246/1299 2587/237/1299 2579/392/1299
f 10/916/1300 3/915/1300 12/1215/1300 18/1999/1300
f 3188/1243/1301 3198/1199/1301 3170/1089/1301 3164/1182/1301
f 202/2022/1302 225/849/1302 221/2023/1302 194/2024/1302
f 593/2025/1303 477/2026/1303 479/1768/1303 595/1767/1303
f 589/2027/1304 475/2028/1304 477/2026/1304 593/2025/1304
f 577/2029/1305 473/2030/1305 475/2028/1305 589/2027/1305
f 3603/2031/1306 3619/2032/1306 3614/2033/1306 3591/2034/1306
f 575/2035/1307 471/2036/1307 473/2030/1307 577/2029/1307
f 557/1987/1308 465/1986/1308 469/2037/1308 567/2038/1308
f 594/1772/1309 478/648/1309 476/1778/1309 590/1777/1309
f 545/2039/1310 461/2040/1310 463/1985/1310 551/1984/1310
f 544/2041/1311 456/1802/1311 461/2040/1311 545/2039/1311
f 456/1802/1312 392/1801/1312 389/2042/1312 461/2040/1312
f 477/2026/1313 364/2043/1313 362/2044/1313 479/1768/1313
f 221/2023/1314 244/1118/1314 240/2045/1314 216/2046/1314
f 470/1783/1315 372/1814/1315 380/2047/1315 466/2048/1315
f 471/2036/1316 371/2049/1316 369/2050/1316 473/2030/1316
f 469/2037/1317 373/1829/1317 371/1832/1317 471/2051/1317
f 465/1986/1318 379/2052/1318 373/1829/1318 469/2037/1318
f 1108/2053/1319 976/2054/1319 1002/2055/1319 1128/2056/1319
f 461/2040/1320 389/2042/1320 386/2057/1320 463/1985/1320
f 150/1983/1321 140/2002/1321 132/2058/1321 143/2059/1321
f 917/1129/1322 899/1128/1322 761/1131/1322 785/1130/1322
f 364/2043/1323 321/2060/1323 319/2061/1323 362/2044/1323
f 313/2062/1324 342/1976/1324 340/1735/1324 314/1734/1324
f 3605/1824/1325 3620/1823/1325 3616/2063/1325 3607/2064/1325
f 371/2049/1326 328/2065/1326 325/2066/1326 369/2050/1326
f 265/2067/1327 208/1867/1327 196/1870/1327 259/2068/1327
f 379/2052/1328 331/2069/1328 329/1830/1328 373/1829/1328
f 3411/2070/1329 3424/2071/1329 3439/2072/1329 3433/1882/1329
f 3193/2073/1330 3230/2074/1330 3228/2075/1330 3187/2076/1330
f 392/1801/1331 337/2077/1331 335/2078/1331 389/2042/1331
f 1560/2079/1332 1508/2080/1332 1522/2081/1332 1572/2082/1332
f 321/2060/1333 259/2068/1333 255/2083/1333 319/2061/1333
f 3302/2084/1334 3312/2085/1334 3283/2086/1334 3273/2087/1334
f 3414/2088/1335 3396/2089/1335 3418/2090/1335 3444/1907/1335
f 329/1830/1336 286/1855/1336 281/1880/1336 328/1831/1336
f 3568/2091/1337 3570/2092/1337 3544/2093/1337 3539/2094/1337
f 327/1827/1338 282/1858/1338 287/2095/1338
f 383/2096/1339 377/2097/1339 342/1976/1339 344/1975/1339
f 291/1865/1340 334/1820/1340 332/1822/1340
f 335/2078/1341 298/1920/1341 290/1923/1341 333/2098/1341
f 337/2077/1342 302/1759/1342 298/1920/1342 335/2078/1342
f 255/2083/1343 186/2099/1343 181/1551/1343 249/1550/1343
f 3410/1945/1344 3434/1944/1344 3412/2070/1344 3400/2100/1344
f 263/2101/1345 305/2102/1345 301/2103/1345 258/2104/1345
f 260/1861/1346 197/1889/1346 209/2105/1346
f 3266/1939/1347 3284/1938/1347 3274/2106/1347 3262/2107/1347
f 3288/1915/1348 3309/1914/1348 3300/1937/1348 3276/1936/1348
f 3570/2092/1349 3565/2108/1349 3541/2109/1349 3544/2093/1349
f 236/2110/1350 277/2111/1350 273/2112/1350 233/2113/1350
f 262/1866/1351 291/1865/1351 289/2114/1351
f 3212/2115/1352 3236/1888/1352 3234/2116/1352 3206/2117/1352
f 302/1759/1353 271/1758/1353 269/1921/1353 298/1920/1353
f 186/2099/1354 102/2118/1354 96/1950/1354 181/1551/1354
f 196/1870/1355 112/1869/1355 102/2118/1355 186/2099/1355
f 301/2103/1356 353/1905/1356 355/2119/1356 297/2120/1356
f 197/1889/1357 113/2121/1357 135/2122/1357
f 305/2102/1358 351/1902/1358 353/1905/1358 301/2103/1358
f 212/2123/1359 168/2124/1359 146/2125/1359 200/1910/1359
f 168/2124/1360 126/2126/1360 100/2127/1360 146/2125/1360
f 3361/2128/1361 3342/2129/1361 3337/2130/1361 3349/2131/1361
f 223/1924/1362 262/1866/1362 252/2132/1362
f 269/1921/1363 228/1894/1363 222/1897/1363 261/1922/1363
f 552/1776/1364 464/1775/1364 462/1799/1364 546/2133/1364
f 2252/1326/1365 2240/1375/1365 2425/1377/1365 2435/1327/1365
f 112/1869/1366 63/1959/1366 53/699/1366 102/2118/1366
f 3640/2134/1367 3634/2135/1367 3632/2136/1367 3641/2137/1367
f 113/2121/1368 64/1981/1368 75/2138/1368
f 3325/2139/1369 3344/1812/1369 3327/2140/1369 3313/2141/1369
f 3234/2116/1370 3258/2142/1370 3248/2143/1370 3232/2144/1370
f 3453/1883/1371 3458/2145/1371 3487/2146/1371 3483/2147/1371
f 3518/2148/1372 3536/2149/1372 3526/2150/1372 3517/2151/1372
f 183/1925/1373 223/1924/1373 213/2152/1373
f 3483/2147/1374 3487/2146/1374 3513/2153/1374 3510/2154/1374
f 965/2155/1375 934/2156/1375 874/2157/1375 909/2158/1375
f 3330/1622/1376 3351/2159/1376 3355/2160/1376 3332/1623/1376
f 284/1117/1377 315/2161/1377 312/2162/1377 279/2163/1377
f 74/1958/1378 46/2164/1378 32/2165/1378 63/1959/1378
f 3316/1794/1379 3326/2166/1379 3302/2084/1379 3290/2167/1379
f 393/1876/1380 383/2096/1380 344/1975/1380 346/1877/1380
f 93/1974/1381 62/1973/1381 82/1991/1381
f 101/1994/1382 147/2168/1382 119/2169/1382
f 3248/2170/1383 3266/2171/1383 3262/2172/1383 3244/2173/1383
f 182/1896/1384 154/1989/1384 126/2126/1384 168/2124/1384
f 3338/2174/1385 3353/2175/1385 3368/2176/1385 3346/2177/1385
f 205/1749/1386 170/1748/1386 167/1988/1386 198/1895/1386
f 25/2178/1387 9/710/1387 5/913/1387 21/1237/1387
f 2239/1664/1388 2228/1566/1388 1770/1569/1388 1906/1729/1388
f 46/2164/1389 30/2179/1389 17/2180/1389 32/2165/1389
f 3399/2181/1390 3388/2182/1390 3396/2089/1390 3414/2088/1390
f 3380/2183/1391 3391/2184/1391 3398/2185/1391 3387/2186/1391
f 279/2163/1392 312/2162/1392 311/1964/1392 277/2111/1392
f 64/1981/1393 33/1980/1393 47/2187/1393 75/2138/1393
f 154/1989/1394 124/2188/1394 104/2189/1394 126/2126/1394
f 167/1988/1395 143/2059/1395 124/2188/1395 154/1989/1395
f 125/565/1396 117/564/1396 133/2001/1396 144/1982/1396
f 9/710/1397 2/709/1397 1/914/1397 5/913/1397
f 3158/1648/1398 3144/1652/1398 3086/1654/1398 3124/1650/1398
f 30/2190/1399 22/2191/1399 11/708/1399 17/707/1399
f 107/2192/1400 165/2193/1400 179/2194/1400 129/2195/1400
f 65/2020/1401 55/2019/1401 40/2196/1401 44/2197/1401
f 244/1118/1402 284/1117/1402 279/2163/1402 240/2045/1402
f 104/2189/1403 94/2198/1403 76/2018/1403 84/2017/1403
f 124/2188/1404 116/2199/1404 94/2198/1404 104/2189/1404
f 143/2059/1405 132/2058/1405 116/2199/1405 124/2188/1405
f 603/2200/1406 601/2201/1406 617/2202/1406 623/2203/1406
f 133/2001/1407 139/2204/1407 145/2205/1407 140/2002/1407
f 117/564/1408 123/2206/1408 139/2204/1408 133/2001/1408
f 95/563/1409 99/2207/1409 123/2206/1409 117/564/1409
f 44/2208/1410 40/2209/1410 22/2210/1410 30/2179/1410
f 56/2015/1411 59/2211/1411 81/2212/1411 77/2016/1411
f 76/2018/1412 80/2213/1412 60/2214/1412 55/2019/1412
f 23/1448/1413 29/1447/1413 43/2215/1413 41/2021/1413
f 116/2199/1414 122/2216/1414 98/2217/1414 94/2198/1414
f 132/2058/1415 138/2218/1415 122/2216/1415 116/2199/1415
f 1/914/1416 4/1645/1416 8/482/1416 3/915/1416
f 139/1041/1417 153/603/1417 159/1270/1417 145/1269/1417
f 745/486/1418 753/66/1418 713/69/1418 701/626/1418
f 99/2219/1419 109/1590/1419 137/600/1419 123/1040/1419
f 677/552/1420 657/586/1420 642/589/1420 663/553/1420
f 1843/173/1421 1838/668/1421 1450/207/1421 1458/174/1421
f 59/2211/1422 71/2220/1422 88/2221/1422 81/2212/1422
f 234/1893/1423 205/1749/1423 198/1895/1423 228/1894/1423
f 1409/2222/1424 1477/2223/1424 1515/2224/1424 1455/696/1424
f 3251/1681/1425 3293/1621/1425 3297/1624/1425 3253/2225/1425
f 4/1645/1426 16/1643/1426 20/483/1426 8/482/1426
f 2287/1172/1427 2295/1192/1427 1909/2226/1427 1910/1239/1427
f 1116/291/1428 1106/290/1428 1011/705/1428 1021/594/1428
f 181/1551/1429 97/1950/1429 103/1952/1429 187/1552/1429
f 88/2227/1430 110/2228/1430 141/1591/1430 109/1590/1430
f 71/2220/1431 90/2229/1431 110/2230/1431 88/2221/1431
f 148/2231/1432 210/2232/1432 203/1315/1432 130/1314/1432
f 357/2233/1433 425/2234/1433 427/2235/1433 359/2236/1433
f 27/484/1434 49/625/1434 57/1753/1434 39/1752/1434
f 362/2044/1435 319/2061/1435 316/1840/1435 361/1817/1435
f 16/1643/1436 34/1642/1436 36/622/1436 20/483/1436
f 1627/49/1437 1632/48/1437 1651/2237/1437 1649/2238/1437
f 14/485/1438 27/484/1438 39/1752/1438 29/1447/1438
f 141/1591/1439 175/2239/1439 185/2240/1439 163/601/1439
f 110/2228/1440 157/2241/1440 175/2239/1440 141/1591/1440
f 90/2229/1441 129/2195/1441 157/2242/1441 110/2230/1441
f 882/119/1442 872/187/1442 946/165/1442 952/126/1442
f 57/1753/1443 87/2243/1443 107/2192/1443 72/1754/1443
f 49/625/1444 79/624/1444 87/2243/1444 57/1753/1444
f 1375/1043/1445 1369/829/1445 1184/819/1445 1192/818/1445
f 3213/1212/1446 3207/1724/1446 3194/1633/1446 3202/1200/1446
f 195/2244/1447 220/846/1447 224/849/1447 202/2022/1447
f 3084/1741/1448 3062/1745/1448 3053/1673/1448 3080/1556/1448
f 3099/2245/1449 3219/2246/1449 3218/2247/1449 3100/2248/1449
f 3326/2166/1450 3348/2249/1450 3369/2250/1450 3345/2251/1450
f 164/2252/1451 215/2253/1451 210/2232/1451 148/2231/1451
f 3388/2182/1452 3375/2254/1452 3384/2255/1452 3396/2089/1452
f 2306/2256/1453 2376/2257/1453 2349/154/1453 2275/153/1453
f 79/624/1454 131/1221/1454 149/2258/1454 87/2243/1454
f 978/729/1455 964/798/1455 1084/754/1455 1094/730/1455
f 67/2259/1456 114/1186/1456 120/1189/1456 69/623/1456
f 526/1141/1457 514/1140/1457 457/2260/1457 496/1225/1457
f 217/2261/1458 241/2262/1458 243/847/1458 220/846/1458
f 63/1959/1459 32/2165/1459 25/700/1459 53/699/1459
f 3340/2263/1460 3359/2264/1460 3376/2265/1460 3353/2175/1460
f 3218/2247/1461 3246/2266/1461 3242/2267/1461 3216/2268/1461
f 165/2193/1462 214/1949/1462 226/2269/1462 179/2194/1462
f 149/2258/1463 211/1947/1463 214/1949/1463 165/2193/1463
f 131/1221/1464 204/2270/1464 211/1947/1464 149/2258/1464
f 120/1189/1465 190/1188/1465 204/2270/1465 131/1221/1465
f 996/900/1466 987/965/1466 1161/966/1466 1165/1068/1466
f 243/847/1467 283/2271/1467 285/1116/1467 248/848/1467
f 241/2262/1468 280/2272/1468 283/2271/1468 243/847/1468
f 3310/1678/1469 3335/1677/1469 3343/2273/1469 3318/1792/1469
f 232/2274/1470 274/2275/1470 278/2276/1470 237/2277/1470
f 226/2269/1471 268/2278/1471 274/2279/1471 232/2280/1471
f 214/1949/1472 264/1948/1472 268/2278/1472 226/2269/1472
f 259/2068/1473 196/1870/1473 186/2099/1473 255/2083/1473
f 204/2270/1474 254/1787/1474 257/1790/1474 211/1947/1474
f 185/2240/1475 217/2261/1475 220/846/1475 195/2244/1475
f 189/1187/1476 242/2281/1476 246/2282/1476 190/1188/1476
f 874/2157/1477 857/2283/1477 801/2284/1477 826/2285/1477
f 280/2272/1478 313/2062/1478 314/1734/1478 283/2271/1478
f 278/2276/1479 310/1977/1479 313/2062/1479 280/2272/1479
f 368/1843/1480 326/1856/1480 327/1827/1480 370/1813/1480
f 354/2286/1481 422/2287/1481 418/2288/1481 352/2289/1481
f 264/1948/1482 304/2290/1482 306/2291/1482 268/2278/1482
f 257/1790/1483 300/1789/1483 304/2290/1483 264/1948/1483
f 3381/2292/1484 3363/2293/1484 3342/2294/1484 3361/2295/1484
f 246/2282/1485 294/2296/1485 296/1788/1485 254/1787/1485
f 242/2297/1486 292/2298/1486 294/2299/1486 246/2300/1486
f 3070/1544/1487 3042/1543/1487 2957/1360/1487 2998/1359/1487
f 237/2277/1488 278/2276/1488 280/2272/1488 241/2262/1488
f 3549/2301/1489 3560/2302/1489 3575/2303/1489 3554/1940/1489
f 3488/2304/1490 3486/2305/1490 3460/2306/1490 3457/2307/1490
f 3638/2308/1491 3631/2309/1491 3615/2310/1491 3623/2311/1491
f 304/2290/1492 350/2312/1492 348/2313/1492 306/2291/1492
f 300/1789/1493 352/2289/1493 350/2312/1493 304/2290/1493
f 296/1788/1494 354/2286/1494 352/2289/1494 300/1789/1494
f 334/1820/1495 291/1865/1495 299/1756/1495 336/1821/1495
f 292/2298/1496 358/2314/1496 356/2315/1496 294/2299/1496
f 787/669/1497 777/249/1497 715/252/1497 725/667/1497
f 262/1866/1498 223/1924/1498 229/1892/1498 270/1757/1498
f 3336/1793/1499 3362/2316/1499 3386/2317/1499 3348/2249/1499
f 3467/2318/1500 3415/2319/1500 3385/2320/1500 3421/2321/1500
f 406/2322/1501 349/2323/1501 347/1965/1501
f 347/1965/1502 403/2324/1502 406/2322/1502
f 415/1903/1503 351/1902/1503 349/2325/1503
f 349/2325/1504 406/2326/1504 415/1903/1504
f 352/2289/1505 418/2288/1505 414/2327/1505 350/2312/1505
f 3315/1917/1506 3339/2328/1506 3323/2329/1506 3304/1918/1506
f 356/2315/1507 424/2330/1507 422/2331/1507 354/2332/1507
f 358/2314/1508 426/2333/1508 424/2330/1508 356/2315/1508
f 140/2002/1509 145/2205/1509 138/2218/1509 132/2058/1509
f 11/708/1510 13/2334/1510 7/1644/1510 2/709/1510
f 22/2191/1511 28/2335/1511 13/2334/1511 11/708/1511
f 77/2016/1512 81/2212/1512 99/2336/1512 95/2337/1512
f 55/2019/1513 60/2214/1513 42/2338/1513 40/2196/1513
f 175/2239/1514 207/2339/1514 217/2261/1514 185/2240/1514
f 94/2198/1515 98/2217/1515 80/2213/1515 76/2018/1515
f 32/2165/1516 17/2180/1516 9/2340/1516 25/700/1516
f 3041/982/1517 3073/996/1517 3079/1112/1517 3049/983/1517
f 682/922/1518 668/921/1518 842/962/1518 848/899/1518
f 34/1642/1519 67/2259/1519 69/623/1519 36/622/1519
f 13/2334/1520 26/2341/1520 19/1640/1520 7/1644/1520
f 28/2335/1521 38/2342/1521 26/2341/1521 13/2334/1521
f 42/2338/1522 52/2343/1522 38/2344/1522 28/2345/1522
f 60/2214/1523 70/2346/1523 52/2343/1523 42/2338/1523
f 80/2213/1524 89/2347/1524 70/2346/1524 60/2214/1524
f 98/2217/1525 108/2348/1525 89/2347/1525 80/2213/1525
f 2241/2349/1526 2186/2350/1526 2146/2351/1526 2214/2352/1526
f 138/1272/1527 152/1271/1527 136/2353/1527 122/2354/1527
f 68/2355/1528 121/2356/1528 115/1186/1528 67/2259/1528
f 1157/1721/1529 1162/1720/1529 993/1714/1529 982/1713/1529
f 26/2341/1530 48/2357/1530 37/1641/1530 19/1640/1530
f 1483/1607/1531 1545/1158/1531 1537/1161/1531 1479/1608/1531
f 52/2343/1532 73/2358/1532 58/691/1532 38/2344/1532
f 70/2346/1533 91/2359/1533 73/2358/1533 52/2343/1533
f 955/2360/1534 936/2361/1534 852/2362/1534 888/2363/1534
f 836/2364/1535 789/2365/1535 825/2366/1535 864/2367/1535
f 136/2353/1536 162/2368/1536 142/2011/1536 108/2369/1536
f 152/1271/1537 173/2370/1537 162/2368/1537 136/2353/1537
f 158/1270/1538 176/2371/1538 173/2370/1538 152/1271/1538
f 37/1641/1539 68/2355/1539 67/2259/1539 35/1642/1539
f 48/2357/1540 78/2372/1540 68/2355/1540 37/1641/1540
f 163/601/1541 185/2240/1541 195/2244/1541 172/602/1541
f 2592/575/1542 2604/574/1542 2509/2373/1542 2497/2374/1542
f 91/2359/1543 128/2375/1543 106/2376/1543 73/2358/1543
f 40/2196/1544 42/2338/1544 28/2345/1544 22/2377/1544
f 3346/2177/1545 3368/2176/1545 3373/2378/1545 3351/2159/1545
f 2149/2379/1546 2256/2380/1546 2353/2381/1546 2291/2382/1546
f 173/2370/1547 194/2024/1547 184/2383/1547 162/2368/1547
f 176/2371/1548 202/2022/1548 194/2024/1548 173/2370/1548
f 2/709/1549 7/1644/1549 4/1645/1549 1/914/1549
f 78/2372/1550 130/2384/1550 121/2356/1550 68/2355/1550
f 1095/1438/1551 1100/1464/1551 1231/1490/1551 1227/1585/1551
f 106/2376/1552 164/2252/1552 148/2231/1552 86/692/1552
f 128/2375/1553 180/2385/1553 164/2252/1553 106/2376/1553
f 156/2013/1554 192/2386/1554 180/2387/1554 128/2388/1554
f 174/2012/1555 206/2389/1555 192/2386/1555 156/2013/1555
f 184/2383/1556 216/2046/1556 206/2389/1556 174/2012/1556
f 194/2024/1557 221/2023/1557 216/2046/1557 184/2383/1557
f 3222/1682/1558 3251/1681/1558 3253/2225/1558 3223/2390/1558
f 121/2356/1559 191/2391/1559 188/1187/1559 115/1186/1559
f 607/1698/1560 618/1702/1560 601/2392/1560 592/1699/1560
f 2987/2393/1561 3011/2394/1561 2993/2395/1561 2976/2396/1561
f 3255/2397/1562 3268/2398/1562 3270/2399/1562 3259/2400/1562
f 320/1841/1563 256/1553/1563 260/1861/1563 322/1835/1563
f 192/2386/1564 233/2113/1564 227/2401/1564 180/2387/1564
f 206/2389/1565 236/2110/1565 233/2113/1565 192/2386/1565
f 216/2046/1566 240/2045/1566 236/2110/1566 206/2389/1566
f 1001/2402/1567 901/2403/1567 878/2404/1567 975/2405/1567
f 225/849/1568 247/848/1568 244/1118/1568 221/2023/1568
f 3097/2406/1569 3222/1682/1569 3223/2390/1569 3095/2407/1569
f 203/1315/1570 253/2408/1570 245/468/1570 191/885/1570
f 3100/2409/1571 3218/2410/1571 3216/2411/1571 3103/2412/1571
f 215/2253/1572 263/2101/1572 258/2104/1572 210/2232/1572
f 213/2152/1573 223/1924/1573 252/2132/1573 239/2413/1573
f 3282/2414/1574 3295/2415/1574 3306/1791/1574 3290/2167/1574
f 100/2127/1575 84/2017/1575 65/2020/1575 83/2416/1575
f 240/2045/1576 279/2163/1576 277/2111/1576 236/2110/1576
f 3106/2417/1577 3205/2418/1577 3211/2419/1577 3104/2420/1577
f 2995/991/1578 3031/794/1578 3075/797/1578 3045/995/1578
f 939/770/1579 917/1129/1579 785/1130/1579 814/768/1579
f 45/1995/1580 41/2021/1580 56/2015/1580 66/1992/1580
f 258/2104/1581 301/2103/1581 297/2120/1581 253/2408/1581
f 3618/2421/1582 3612/2422/1582 3614/2033/1582 3629/2423/1582
f 169/1963/1583 183/1925/1583 213/2152/1583 201/2424/1583
f 277/2111/1584 311/1964/1584 309/1966/1584 273/2112/1584
f 268/2278/1585 306/2291/1585 308/2425/1585
f 310/1977/1586 278/2276/1586 274/2275/1586
f 3510/2154/1587 3513/2153/1587 3542/2426/1587 3543/2427/1587
f 180/2385/1588 227/2428/1588 215/2253/1588 164/2252/1588
f 285/1116/1589 318/1737/1589 315/2161/1589 284/1117/1589
f 1114/140/1590 1111/139/1590 1241/441/1590 1243/440/1590
f 297/2120/1591 355/2119/1591 357/2233/1591 295/469/1591
f 333/2098/1592 290/1923/1592 288/1852/1592 331/2069/1592
f 201/2429/1593 213/2430/1593 239/2431/1593 231/2432/1593
f 3300/1937/1594 3313/2141/1594 3301/2433/1594 3284/1938/1594
f 219/2434/1595 231/2435/1595 276/1860/1595 266/1859/1595
f 306/2291/1596 348/2313/1596 346/2436/1596
f 3440/2437/1597 3442/2438/1597 3430/2439/1597 3423/2071/1597
f 342/1976/1598 313/2062/1598 310/1977/1598
f 315/2161/1599 341/2440/1599 343/1898/1599 312/2162/1599
f 318/1737/1600 339/1736/1600 341/2440/1600 315/2161/1600
f 3098/2441/1601 3220/1679/1601 3222/1682/1601 3097/2406/1601
f 3359/2264/1602 3389/2442/1602 3425/1928/1602 3376/2265/1602
f 353/1905/1603 419/1904/1603 423/2443/1603 355/2119/1603
f 3369/2444/1604 3422/2445/1604 3464/2446/1604 3389/2442/1604
f 350/2312/1605 414/2327/1605 407/2447/1605
f 230/2448/1606 177/2449/1606 160/2450/1606 218/2451/1606
f 3537/2452/1607 3549/2301/1607 3554/1940/1607 3536/2453/1607
f 355/2119/1608 423/2443/1608 425/2234/1608 357/2233/1608
f 377/2097/1609 340/1735/1609 342/1976/1609
f 339/1736/1610 376/2454/1610 378/2455/1610 341/2440/1610
f 3112/2456/1611 3187/2076/1611 3183/2457/1611 3114/2458/1611
f 3111/2459/1612 3193/2073/1612 3187/2076/1612 3112/2456/1612
f 2565/2460/1613 2592/575/1613 2497/2374/1613 2475/2461/1613
f 363/646/1614 320/1841/1614 322/1835/1614 365/647/1614
f 3105/2462/1615 3212/2115/1615 3206/2117/1615 3107/2463/1615
f 3217/2464/1616 3245/2465/1616 3249/1680/1616 3220/1679/1616
f 3468/2466/1617 3521/2467/1617 3523/2468/1617 3472/2469/1617
f 253/2408/1618 297/2120/1618 295/469/1618 245/468/1618
f 3096/2470/1619 3221/2471/1619 3219/2246/1619 3099/2245/1619
f 3094/2472/1620 3224/2473/1620 3221/2471/1620 3096/2470/1620
f 3187/2076/1621 3228/2075/1621 3226/2474/1621 3183/2457/1621
f 41/2021/1622 43/2215/1622 59/2211/1622 56/2015/1622
f 3197/2475/1623 3232/2476/1623 3230/2074/1623 3193/2073/1623
f 3206/2477/1624 3234/2478/1624 3232/2476/1624 3197/2475/1624
f 3399/2181/1625 3410/1945/1625 3400/2100/1625 3392/2184/1625
f 3216/2411/1626 3242/1885/1626 3236/1888/1626 3212/2115/1626
f 193/2479/1627 232/2274/1627 237/2277/1627 207/2339/1627
f 3219/2246/1628 3250/2480/1628 3246/2266/1628 3218/2247/1628
f 3221/2471/1629 3252/2481/1629 3250/2480/1629 3219/2246/1629
f 3224/2473/1630 3254/2482/1630 3252/2481/1630 3221/2471/1630
f 3228/2075/1631 3240/1836/1631 3238/1839/1631 3226/2474/1631
f 3211/2483/1632 3235/2484/1632 3241/2485/1632 3215/2486/1632
f 3232/2476/1633 3248/2170/1633 3244/2173/1633 3230/2074/1633
f 3504/2487/1634 3489/2488/1634 3450/2489/1634 3469/428/1634
f 3236/1888/1635 3264/1887/1635 3258/2142/1635 3234/2116/1635
f 92/1851/1636 61/1850/1636 46/2164/1636 74/1958/1636
f 3246/2266/1637 3280/1916/1637 3272/1919/1637 3242/2267/1637
f 3250/2480/1638 3286/2490/1638 3280/1916/1638 3246/2266/1638
f 3252/2481/1639 3294/2491/1639 3286/2490/1639 3250/2480/1639
f 3254/2482/1640 3298/2492/1640 3294/2491/1640 3252/2481/1640
f 389/2042/1641 335/2078/1641 333/2098/1641 386/2057/1641
f 135/2122/1642 161/2493/1642 209/2105/1642 197/1889/1642
f 3415/2319/1643 3381/2494/1643 3361/2128/1643 3385/2320/1643
f 3243/1927/1644 3261/2495/1644 3265/1926/1644
f 3283/2086/1645 3299/2496/1645 3265/1926/1645 3261/2495/1645
f 3318/1792/1646 3343/2273/1646 3362/2316/1646 3336/1793/1646
f 3620/1823/1647 3630/2497/1647 3622/2498/1647 3616/2063/1647
f 3314/2499/1648 3279/2500/1648 3271/2501/1648
f 227/2428/1649 267/2502/1649 263/2101/1649 215/2253/1649
f 3294/2491/1650 3331/2503/1650 3321/2504/1650 3286/2490/1650
f 3298/2492/1651 3333/2505/1651 3331/2503/1651 3294/2491/1651
f 3260/2506/1652 3269/2507/1652 3267/2508/1652 3256/2509/1652
f 3308/2510/1653 3322/2511/1653 3287/1845/1653 3275/1844/1653
f 209/2105/1654 219/2434/1654 266/1859/1654 260/1861/1654
f 3261/2495/1655 3273/2087/1655 3283/2086/1655
f 308/1978/1656 310/1977/1656 274/2275/1656 268/2512/1656
f 3339/2328/1657 3352/2513/1657 3341/2514/1657 3323/2329/1657
f 3431/2515/1658 3445/2516/1658 3437/2517/1658 3419/2518/1658
f 3338/2174/1659 3314/2499/1659 3303/2519/1659
f 567/2038/1660 469/2037/1660 471/2051/1660 575/2520/1660
f 157/2241/1661 193/2479/1661 207/2339/1661 175/2239/1661
f 3333/2505/1662 3354/2521/1662 3350/2522/1662 3331/2503/1662
f 3269/2507/1663 3281/2523/1663 3277/2524/1663 3267/2508/1663
f 3433/1882/1664 3439/2072/1664 3458/2145/1664 3453/1883/1664
f 75/2138/1665 93/2525/1665 135/2122/1665 113/2121/1665
f 3273/2087/1666 3290/2167/1666 3302/2084/1666
f 3299/2496/1667 3308/2510/1667 3275/1844/1667 3265/1926/1667
f 3262/2107/1668 3274/2106/1668 3269/2507/1668 3260/2506/1668
f 3322/2526/1669 3338/2174/1669 3303/2519/1669 3287/2527/1669
f 3353/2175/1670 3338/2174/1670 3322/2526/1670
f 3347/2528/1671 3367/2529/1671 3352/2513/1671 3339/2328/1671
f 3350/2522/1672 3372/2530/1672 3367/2529/1672 3347/2528/1672
f 2282/2531/1673 2242/2532/1673 2260/2533/1673 2303/2534/1673
f 3249/1680/1674 3285/1997/1674 3293/1621/1674 3251/1681/1674
f 3289/2535/1675 3305/1805/1675 3296/1808/1675 3281/2523/1675
f 3301/2433/1676 3317/2536/1676 3305/1805/1676 3289/2535/1676
f 3290/2167/1677 3306/1791/1677 3316/1794/1677
f 3326/2166/1678 3312/2085/1678 3302/2084/1678
f 3340/2263/1679 3353/2175/1679 3322/2526/1679 3308/2537/1679
f 3341/2538/1680 3360/1809/1680 3344/1812/1680 3325/2139/1680
f 3352/2513/1681 3377/2539/1681 3360/2540/1681 3341/2514/1681
f 3367/2529/1682 3393/2541/1682 3377/2539/1682 3352/2513/1682
f 1769/1744/1683 1767/1611/1683 2203/1583/1683 2216/1582/1683
f 3378/2542/1684 3405/426/1684 3403/429/1684 3372/2530/1684
f 3296/1808/1685 3311/1807/1685 3307/2543/1685 3291/2544/1685
f 155/1957/1686 125/565/1686 144/1982/1686 166/1747/1686
f 3317/2536/1687 3337/2130/1687 3319/1806/1687 3305/1805/1687
f 207/2339/1688 237/2277/1688 241/2262/1688 217/2261/1688
f 3344/1812/1689 3370/1811/1689 3349/2131/1689 3327/2140/1689
f 3329/1676/1690 3357/2545/1690 3364/2546/1690 3335/1677/1690
f 3377/2547/1691 3426/2548/1691 3390/1810/1691 3360/1809/1691
f 3393/2541/1692 3450/2489/1692 3426/2549/1692 3377/2539/1692
f 3403/429/1693 3469/428/1693 3450/2489/1693 3393/2541/1693
f 86/692/1694 148/2231/1694 130/1314/1694 78/693/1694
f 3311/1807/1695 3334/2550/1695 3328/2551/1695 3307/2543/1695
f 3319/1806/1696 3342/2129/1696 3334/2550/1696 3311/1807/1696
f 3303/2519/1697 3314/2499/1697 3271/2501/1697 3263/2552/1697
f 3463/2553/1698 3421/2321/1698 3390/1810/1698 3426/2548/1698
f 3272/1886/1699 3304/1912/1699 3288/1915/1699 3264/1887/1699
f 3607/2064/1700 3616/2063/1700 3599/2554/1700 3593/2555/1700
f 200/1910/1701 146/2125/1701 118/2556/1701 177/1911/1701
f 3264/1887/1702 3288/1915/1702 3276/1936/1702 3258/2142/1702
f 267/2502/1703 307/2557/1703 305/2102/1703 263/2101/1703
f 3472/427/1704 3522/2558/1704 3520/2559/1704 3469/428/1704
f 3334/2560/1705 3363/2293/1705 3356/2561/1705 3328/2562/1705
f 3348/2249/1706 3386/2317/1706 3422/2563/1706 3369/2250/1706
f 3416/2564/1707 3362/2316/1707 3343/2273/1707
f 3343/2273/1708 3382/2565/1708 3416/2564/1708
f 3465/2566/1709 3386/2317/1709 3362/2316/1709
f 3362/2316/1710 3416/2564/1710 3465/2566/1710
f 3495/2567/1711 3422/2563/1711 3386/2317/1711
f 3386/2317/1712 3465/2566/1712 3495/2567/1712
f 3528/2568/1713 3464/2446/1713 3422/2445/1713
f 3422/2445/1714 3495/2569/1714 3528/2568/1714
f 3553/2570/1715 3490/1929/1715 3464/2446/1715
f 3464/2446/1716 3528/2568/1716 3553/2570/1716
f 3579/2571/1717 3505/1930/1717 3490/1929/1717
f 3490/1929/1718 3553/2570/1718 3579/2571/1718
f 3520/2559/1719 3591/2034/1719 3578/2572/1719 3504/2487/1719
f 3522/2558/1720 3603/2031/1720 3591/2034/1720 3520/2559/1720
f 546/2133/1721 462/1799/1721 456/1802/1721 544/2041/1721
f 2257/2573/1722 2310/2574/1722 2300/2575/1722 2249/2576/1722
f 3101/2577/1723 3217/2464/1723 3220/1679/1723 3098/2441/1723
f 3102/2578/1724 3215/2486/1724 3217/2464/1724 3101/2577/1724
f 3104/2579/1725 3211/2483/1725 3215/2486/1725 3102/2578/1725
f 3353/2175/1726 3376/2265/1726 3394/2580/1726 3368/2176/1726
f 3109/2581/1727 3196/1864/1727 3205/2418/1727 3106/2417/1727
f 3110/689/1728 3192/688/1728 3196/1864/1728 3109/2581/1728
f 38/2342/1729 58/2582/1729 48/2357/1729 26/2341/1729
f 1170/1056/1730 1164/1181/1730 995/1163/1730 1007/1162/1730
f 730/1048/1731 708/1057/1731 860/876/1731 880/875/1731
f 3372/2530/1732 3403/429/1732 3393/2541/1732 3367/2529/1732
f 3331/2503/1733 3350/2522/1733 3347/2528/1733 3321/2504/1733
f 3215/2486/1734 3241/2485/1734 3245/2465/1734 3217/2464/1734
f 127/1962/1735 105/562/1735 125/565/1735 155/1957/1735
f 3205/2418/1736 3233/2583/1736 3235/2584/1736 3211/2419/1736
f 568/1784/1737 470/1783/1737 466/2048/1737 558/2585/1737
f 294/2296/1738 356/2586/1738 354/2286/1738 296/1788/1738
f 3186/687/1739 3227/569/1739 3229/1862/1739 3192/688/1739
f 2209/987/1740 2223/986/1740 2411/988/1740 2403/975/1740
f 390/1800/1741 336/1821/1741 337/2077/1741 391/1801/1741
f 85/1990/1742 77/2587/1742 95/563/1742 105/562/1742
f 3385/2320/1743 3361/2128/1743 3349/2131/1743 3370/1811/1743
f 372/1814/1744 330/1828/1744 332/2588/1744 380/2047/1744
f 3235/2484/1745 3263/2552/1745 3271/2501/1745 3241/2485/1745
f 3451/2589/1746 3470/2590/1746 3455/2591/1746 3445/2516/1746
f 3231/1863/1747 3247/1847/1747 3257/1846/1747 3233/2583/1747
f 3639/2592/1748 3637/2593/1748 3642/2594/1748 3644/2595/1748
f 3227/569/1749 3239/568/1749 3243/1927/1749 3229/1862/1749
f 2835/196/1750 2845/581/1750 2769/243/1750 2761/662/1750
f 728/719/1751 738/718/1751 651/1701/1751 644/1700/1751
f 3103/2412/1752 3216/2411/1752 3212/2115/1752 3105/2462/1752
f 3279/2500/1753 3314/2499/1753 3320/1998/1753 3285/1997/1753
f 3449/1931/1754 3505/1930/1754 3521/2467/1754 3468/2466/1754
f 160/2450/1755 92/1851/1755 74/1958/1755 134/1868/1755
f 309/1966/1756 347/1965/1756 349/2323/1756 307/2596/1756
f 218/2451/1757 160/2450/1757 134/1868/1757 208/1867/1757
f 3489/2488/1758 3463/2597/1758 3426/2549/1758 3450/2489/1758
f 3239/568/1759 3259/2400/1759 3261/2495/1759 3243/1927/1759
f 3237/567/1760 3255/2397/1760 3259/2400/1760 3239/568/1760
f 409/1274/1761 437/1321/1761 445/1324/1761 417/1275/1761
f 3320/1998/1762 3346/2177/1762 3351/2159/1762 3330/1622/1762
f 3314/2499/1763 3338/2174/1763 3346/2177/1763 3320/1998/1763
f 222/1897/1764 182/1896/1764 168/2124/1764 212/2123/1764
f 3309/1914/1765 3325/2139/1765 3313/2141/1765 3300/1937/1765
f 3365/2598/1766 3374/2599/1766 3395/2600/1766 3383/2601/1766
f 3505/1930/1767 3579/2571/1767 3592/2602/1767 3521/2467/1767
f 275/2603/1768 218/2451/1768 208/1867/1768 265/2067/1768
f 3259/2400/1769 3270/2399/1769 3273/2087/1769 3261/2495/1769
f 33/2000/1770 18/1999/1770 31/1996/1770 47/1972/1770
f 3351/2159/1771 3373/2378/1771 3379/2604/1771 3355/2160/1771
f 3107/2605/1772 3206/2477/1772 3197/2475/1772 3108/2606/1772
f 3521/2467/1773 3592/2602/1773 3604/2607/1773 3523/2468/1773
f 169/1963/1774 127/1962/1774 155/1957/1774 183/1925/1774
f 146/2125/1775 100/2127/1775 83/2416/1775 118/2556/1775
f 307/2557/1776 349/2325/1776 351/1902/1776 305/2102/1776
f 178/1968/1777 201/2429/1777 231/2432/1777 219/1969/1777
f 3335/1677/1778 3364/2546/1778 3382/2565/1778 3343/2273/1778
f 3270/2399/1779 3282/2414/1779 3290/2167/1779 3273/2087/1779
f 129/2195/1780 179/2194/1780 193/2608/1780 157/2242/1780
f 2129/2609/1781 2137/2610/1781 2345/2611/1781 2341/2612/1781
f 3368/2176/1782 3394/2580/1782 3404/2613/1782 3373/2378/1782
f 3268/2614/1783 3278/2615/1783 3282/2616/1783 3270/2617/1783
f 61/1850/1784 44/2208/1784 30/2179/1784 46/2164/1784
f 3410/1945/1785 3399/2181/1785 3414/2088/1785 3436/1946/1785
f 3312/2085/1786 3326/2166/1786 3345/2251/1786 3324/2618/1786
f 119/2169/1777 147/2168/1777 178/1968/1777 161/1967/1777
f 3633/2619/1787 3639/2620/1787 3644/2621/1787 3641/2137/1787
f 3630/2497/1788 3620/1823/1788 3626/1826/1788 3636/2622/1788
f 3278/2615/1789 3292/2623/1789 3295/2624/1789 3282/2616/1789
f 3404/2613/1790 3468/2466/1790 3472/2469/1790 3406/2625/1790
f 179/2194/1791 226/2269/1791 232/2280/1791 193/2608/1791
f 341/2440/1792 378/2455/1792 384/1899/1792 343/1898/1792
f 3612/2422/1793 3598/2626/1793 3591/2034/1793 3614/2033/1793
f 3345/2627/1794 3369/2444/1794 3389/2442/1794 3359/2264/1794
f 210/2232/1795 258/2104/1795 253/2408/1795 203/1315/1795
f 3316/1794/1796 3336/1793/1796 3348/2249/1796 3326/2166/1796
f 3327/2140/1797 3349/2131/1797 3337/2130/1797 3317/2536/1797
f 3295/2415/1798 3310/1678/1798 3318/1792/1798 3306/1791/1798
f 1587/1956/1799 1556/1955/1799 1623/2628/1799 1635/2629/1799
f 473/2030/1800 369/2050/1800 366/2630/1800 475/2028/1800
f 290/1923/1801 261/1922/1801 251/1853/1801 288/1852/1801
f 3469/428/1802 3520/2559/1802 3504/2487/1802
f 287/2095/1803 289/2631/1803 330/1828/1803 327/1827/1803
f 3588/2632/1804 3607/2064/1804 3593/2555/1804 3582/2633/1804
f 3628/2634/1805 3633/2619/1805 3641/2137/1805 3632/2136/1805
f 386/2057/1806 333/2098/1806 331/2069/1806 379/2052/1806
f 3457/2307/1807 3460/2306/1807 3442/2438/1807 3440/2437/1807
f 3342/2129/1808 3319/1806/1808 3337/2130/1808
f 3245/2465/1809 3279/2500/1809 3285/1997/1809 3249/1680/1809
f 588/1418/1810 626/1457/1810 703/1458/1810 645/1419/1810
f 187/1552/1811 103/1952/1811 113/2121/1811 197/1889/1811
f 3387/2186/1812 3398/2185/1812 3435/2635/1812 3413/2636/1812
f 3552/2637/1813 3489/2488/1813 3504/2487/1813
f 3504/2487/1814 3578/2572/1814 3552/2637/1814
f 3530/2638/1815 3463/2553/1815 3489/2639/1815
f 3489/2639/1816 3552/2640/1816 3530/2638/1816
f 3484/2641/1817 3478/1935/1817 3501/2642/1817 3507/2643/1817
f 3463/2553/1818 3530/2638/1818 3499/2644/1818
f 177/2449/1819 118/1848/1819 92/1851/1819 160/2450/1819
f 261/1922/1820 222/1897/1820 212/2123/1820 251/1853/1820
f 3230/2074/1821 3244/2173/1821 3240/1836/1821 3228/2075/1821
f 3363/2293/1822 3334/2560/1822 3342/2294/1822
f 3394/2580/1823 3449/1931/1823 3468/2466/1823 3404/2613/1823
f 3637/2593/1824 3630/2497/1824 3636/2622/1824 3642/2594/1824
f 3374/2599/1825 3387/2186/1825 3413/2636/1825 3395/2600/1825
f 3443/2645/1826 3417/2646/1826 3383/2601/1826
f 3383/2601/1827 3395/2600/1827 3443/2645/1827
f 3481/2647/1828 3466/2648/1828 3417/2646/1828
f 3417/2646/1829 3443/2645/1829 3481/2647/1829
f 3514/2649/1830 3496/2650/1830 3466/2648/1830
f 3466/2648/1831 3481/2647/1831 3514/2649/1831
f 3545/2651/1832 3529/2652/1832 3496/2653/1832
f 3496/2653/1833 3514/2654/1833 3545/2651/1833
f 3573/2655/1834 3551/2656/1834 3529/2652/1834
f 3529/2652/1835 3545/2651/1835 3573/2655/1835
f 3597/2657/1836 3577/2658/1836 3551/2656/1836
f 3551/2656/1837 3573/2655/1837 3597/2657/1837
f 3499/2644/1838 3467/2318/1838 3421/2321/1838 3463/2553/1838
f 3408/2659/1839 3397/2660/1839 3401/2661/1839 3419/2518/1839
f 3375/2254/1840 3388/2182/1840 3380/2183/1840 3371/2662/1840
f 281/2663/1841 230/2448/1841 218/2451/1841 275/2603/1841
f 3461/2664/1842 3443/2645/1842 3395/2600/1842
f 3395/2600/1843 3413/2636/1843 3461/2664/1843
f 3493/2665/1844 3481/2647/1844 3443/2645/1844
f 3443/2645/1845 3461/2664/1845 3493/2665/1845
f 3524/2666/1846 3514/2649/1846 3481/2647/1846
f 3481/2647/1847 3493/2665/1847 3524/2666/1847
f 3556/2667/1848 3545/2668/1848 3514/2649/1848
f 3514/2649/1849 3524/2666/1849 3556/2667/1849
f 3584/2669/1850 3573/2655/1850 3545/2651/1850
f 3545/2651/1851 3556/2670/1851 3584/2669/1851
f 3611/2671/1852 3597/2657/1852 3573/2655/1852
f 3573/2655/1853 3584/2669/1853 3611/2671/1853
f 3628/2634/1854 3613/2672/1854 3597/2657/1854
f 3597/2657/1855 3611/2671/1855 3628/2634/1855
f 3619/2032/1856 3632/2136/1856 3629/2423/1856 3614/2033/1856
f 3388/2182/1857 3399/2181/1857 3392/2184/1857 3380/2183/1857
f 3389/2442/1858 3464/2446/1858 3490/1929/1858 3425/1928/1858
f 3473/2673/1859 3461/2664/1859 3413/2636/1859
f 3413/2636/1860 3435/2635/1860 3473/2673/1860
f 3500/2674/1861 3493/2665/1861 3461/2664/1861
f 3461/2664/1862 3473/2673/1862 3500/2674/1862
f 3531/2675/1863 3524/2666/1863 3493/2665/1863
f 3493/2665/1864 3500/2674/1864 3531/2675/1864
f 3562/2676/1865 3556/2667/1865 3524/2666/1865
f 3524/2666/1866 3531/2675/1866 3562/2676/1866
f 3595/2677/1867 3584/2669/1867 3556/2670/1867
f 3556/2667/1868 3562/2676/1868 3595/2678/1868
f 3617/2679/1869 3611/2671/1869 3584/2669/1869
f 3584/2669/1870 3595/2677/1870 3617/2679/1870
f 3633/2619/1871 3628/2634/1871 3611/2671/1871
f 3611/2671/1872 3617/2679/1872 3633/2619/1872
f 3287/1845/1873 3303/2680/1873 3263/2681/1873 3257/1846/1873
f 3366/2682/1874 3375/2254/1874 3371/2662/1874 3358/2683/1874
f 3448/1933/1875 3436/1946/1875 3462/1906/1875 3474/1934/1875
f 3477/2684/1876 3473/2673/1876 3435/2635/1876
f 3435/2635/1877 3447/1884/1877 3477/2684/1877
f 3506/2685/1878 3500/2674/1878 3473/2673/1878
f 3473/2673/1879 3477/2684/1879 3506/2685/1879
f 3540/2686/1880 3531/2675/1880 3500/2674/1880
f 3500/2674/1881 3506/2685/1881 3540/2686/1881
f 3567/2687/1882 3562/2676/1882 3531/2675/1882
f 3531/2675/1883 3540/2686/1883 3567/2687/1883
f 3601/2688/1884 3595/2678/1884 3562/2676/1884
f 3562/2676/1885 3567/2687/1885 3601/2688/1885
f 3624/2689/1886 3617/2679/1886 3595/2677/1886
f 3595/2678/1887 3601/2688/1887 3624/2690/1887
f 3639/2620/1888 3633/2619/1888 3617/2679/1888
f 3617/2679/1889 3624/2689/1889 3639/2620/1889
f 82/1991/1777 101/1994/1777 119/2169/1777 93/1974/1777
f 3196/1864/1890 3231/1863/1890 3233/2583/1890 3205/2418/1890
f 3436/1946/1891 3414/2088/1891 3444/1907/1891 3462/1906/1891
f 3483/2147/1892 3477/2684/1892 3447/1884/1892
f 3447/1884/1893 3453/1883/1893 3483/2147/1893
f 3510/2154/1894 3506/2685/1894 3477/2684/1894
f 3477/2684/1895 3483/2147/1895 3510/2154/1895
f 3539/2094/1896 3544/2093/1896 3511/2691/1896 3507/2643/1896
f 3323/1913/1897 3341/2538/1897 3325/2139/1897 3309/1914/1897
f 3602/2692/1898 3600/2693/1898 3570/2092/1898 3568/2091/1898
f 83/1849/1899 65/2694/1899 44/2208/1899 61/1850/1899
f 233/2113/1900 273/2112/1900 267/2695/1900 227/2401/1900
f 3644/2595/1901 3643/2594/1901 3638/2308/1901 3640/2696/1901
f 3434/1944/1902 3440/2437/1902 3423/2071/1902 3412/2070/1902
f 3454/1932/1903 3457/2307/1903 3440/2437/1903 3434/1944/1903
f 3484/2641/1904 3488/2304/1904 3457/2307/1904 3454/1932/1904
f 3511/2691/1905 3512/2697/1905 3488/2304/1905 3484/2641/1905
f 3544/2093/1906 3541/2109/1906 3512/2697/1906 3511/2691/1906
f 346/1877/1907 344/1975/1907 308/1978/1907 306/2698/1907
f 3593/2555/1908 3599/2554/1908 3569/2699/1908
f 3569/2699/1909 3566/2700/1909 3593/2555/1909
f 3616/2063/1910 3622/2498/1910 3599/2554/1910
f 3506/2685/1911 3510/2154/1911 3543/2427/1911 3540/2686/1911
f 3630/2497/1912 3637/2593/1912 3622/2498/1912
f 93/1974/1913 119/2169/1913 161/1967/1913 135/2701/1913
f 3643/2594/1914 3635/2622/1914 3631/2309/1914 3638/2308/1914
f 3321/2504/1915 3347/2528/1915 3339/2328/1915 3315/1917/1915
f 252/2132/1916 262/1866/1916 289/2114/1916 287/2702/1916
f 3445/2516/1917 3455/2591/1917 3441/2703/1917 3437/2517/1917
f 3508/2704/1918 3513/2153/1918 3487/2146/1918
f 3487/2146/1919 3485/2705/1919 3508/2704/1919
f 3533/2706/1920 3542/2426/1920 3513/2153/1920
f 3513/2153/1921 3508/2704/1921 3533/2706/1921
f 3558/1942/1922 3566/2700/1922 3542/2426/1922
f 3542/2426/1923 3533/2706/1923 3558/1942/1923
f 3582/2633/1924 3593/2555/1924 3566/2700/1924
f 3566/2700/1925 3558/1942/1925 3582/2633/1925
f 325/2066/1926 275/2603/1926 265/2067/1926 323/2707/1926
f 3613/2672/1927 3628/2634/1927 3632/2136/1927 3619/2032/1927
f 3635/2622/1928 3627/1826/1928 3621/2708/1928 3631/2309/1928
f 3324/2709/1929 3345/2627/1929 3359/2264/1929 3340/2263/1929
f 3455/2591/1930 3459/2710/1930 3441/2703/1930
f 3284/1938/1931 3301/2433/1931 3289/2535/1931 3274/2106/1931
f 3479/1873/1932 3485/2711/1932 3459/2712/1932
f 3459/2712/1933 3455/2713/1933 3479/1873/1933
f 3502/2714/1934 3508/2715/1934 3485/2716/1934
f 3485/2717/1935 3479/2718/1935 3502/2719/1935
f 3526/2720/1936 3533/2706/1936 3508/2704/1936
f 3508/2704/1937 3502/2721/1937 3526/2720/1937
f 3547/1943/1938 3558/1942/1938 3533/2706/1938
f 3533/2706/1939 3526/2720/1939 3547/1943/1939
f 3571/1941/1940 3582/2633/1940 3558/1942/1940
f 239/2431/1941 252/2722/1941 287/2095/1941 282/1858/1941
f 3274/2106/1942 3289/2535/1942 3281/2523/1942 3269/2507/1942
f 3607/2064/1943 3588/2632/1943 3605/1824/1943
f 3627/1826/1944 3610/1825/1944 3606/2723/1944 3621/2708/1944
f 369/2050/1945 325/2066/1945 323/2707/1945 366/2630/1945
f 312/2162/1946 343/1898/1946 345/1901/1946 311/1964/1946
f 3470/1874/1947 3479/1873/1947 3455/2713/1947
f 273/2112/1948 309/1966/1948 307/2596/1948 267/2695/1948
f 3492/1872/1949 3502/2724/1949 3479/1873/1949
f 3258/2142/1950 3276/1936/1950 3266/1939/1950 3248/2143/1950
f 3517/2151/1951 3526/2150/1951 3502/2724/1951
f 328/2065/1952 281/2663/1952 275/2603/1952 325/2066/1952
f 3536/2149/1953 3547/2725/1953 3526/2150/1953
f 3585/2726/1954 3574/2727/1954 3578/2572/1954 3598/2626/1954
f 3547/1943/1955 3536/2453/1955 3554/1940/1955
f 3571/1941/1956 3554/1940/1956 3575/2303/1956
f 3580/2728/1957 3605/1824/1957 3588/2632/1957
f 3588/2632/1958 3575/2303/1958 3580/2728/1958
f 147/2168/1959 169/2729/1959 201/2429/1959 178/1968/1959
f 3420/2730/1960 3402/2731/1960 3397/2732/1960 3407/2733/1960
f 3419/2518/1961 3401/2661/1961 3431/2515/1961
f 3445/2516/1962 3431/2515/1962 3451/2589/1962
f 3470/1874/1963 3451/2734/1963 3475/1871/1963
f 3492/1872/1964 3475/1871/1964 3497/2735/1964
f 3517/2151/1965 3497/2735/1965 3518/2148/1965
f 3313/2141/1966 3327/2140/1966 3317/2536/1966 3301/2433/1966
f 3536/2149/1967 3518/2148/1967 3537/2736/1967
f 3575/2303/1968 3588/2632/1968 3582/2633/1968 3571/1941/1968
f 3560/2302/1969 3580/2728/1969 3575/2303/1969
f 3438/2737/1970 3420/2730/1970 3407/2733/1970 3428/2738/1970
f 3590/2739/1971 3613/2672/1971 3619/2032/1971 3603/2031/1971
f 3598/2626/1972 3578/2572/1972 3591/2034/1972
f 3376/2265/1973 3425/1928/1973 3449/1931/1973 3394/2580/1973
f 3574/2727/1974 3552/2637/1974 3578/2572/1974
f 3233/2583/1975 3257/1846/1975 3263/2681/1975 3235/2584/1975
f 3546/2740/1976 3530/2638/1976 3552/2640/1976
f 3552/2640/1977 3574/2741/1977 3546/2740/1977
f 3515/2742/1978 3499/2644/1978 3530/2638/1978
f 3530/2638/1979 3546/2740/1979 3515/2742/1979
f 3482/2743/1980 3467/2318/1980 3499/2644/1980
f 3499/2644/1981 3515/2742/1981 3482/2743/1981
f 3444/2744/1982 3418/2745/1982 3467/2746/1982
f 3446/2747/1983 3432/2748/1983 3402/2731/1983 3420/2730/1983
f 3396/2089/1984 3384/2255/1984 3418/2090/1984
f 331/2069/1985 288/1852/1985 286/1855/1985 329/1830/1985
f 3375/2254/1986 3366/2682/1986 3384/2255/1986
f 3281/2523/1987 3296/1808/1987 3291/2544/1987 3277/2524/1987
f 3358/2683/1988 3371/2662/1988 3374/2599/1988 3365/2598/1988
f 3241/2485/1989 3271/2501/1989 3279/2500/1989 3245/2465/1989
f 3229/1862/1990 3243/1927/1990 3247/1847/1990 3231/1863/1990
f 3598/2626/1991 3612/2422/1991 3585/2726/1991
f 3557/2749/1992 3546/2740/1992 3574/2741/1992
f 3574/2741/1993 3585/2750/1993 3557/2749/1993
f 3525/2751/1994 3515/2742/1994 3546/2740/1994
f 3546/2740/1995 3557/2749/1995 3525/2751/1995
f 3494/2752/1996 3482/2743/1996 3515/2742/1996
f 3515/2742/1997 3525/2751/1997 3494/2752/1997
f 3482/1909/1998 3494/2753/1998 3462/1906/1998
f 3497/2735/1999 3517/2151/1999 3502/2724/1999 3492/1872/1999
f 366/2630/2000 323/2707/2000 321/2060/2000 364/2043/2000
f 289/2114/2001 291/1865/2001 332/1822/2001 330/2754/2001
f 3634/2135/2002 3629/2423/2002 3632/2136/2002
f 3244/2173/2003 3262/2172/2003 3260/1837/2003 3240/1836/2003
f 3629/2423/2004 3634/2135/2004 3618/2421/2004
f 3596/2755/2005 3585/2726/2005 3612/2422/2005
f 3612/2422/2006 3618/2421/2006 3596/2755/2006
f 3563/2756/2007 3557/2749/2007 3585/2750/2007
f 3585/2750/2008 3596/2757/2008 3563/2756/2008
f 3532/2758/2009 3525/2759/2009 3557/2760/2009
f 3557/2760/2010 3563/2761/2010 3532/2758/2010
f 3501/2642/2011 3494/2753/2011 3525/2759/2011
f 3525/2759/2012 3532/2758/2012 3501/2642/2012
f 3474/1934/2013 3462/1906/2013 3494/2753/2013
f 3494/2753/2014 3501/2642/2014 3474/1934/2014
f 345/1901/2015 394/1900/2015 403/2324/2015 347/1965/2015
f 3640/2696/2016 3638/2308/2016 3623/2311/2016 3625/2762/2016
f 3371/2662/2017 3380/2183/2017 3387/2186/2017 3374/2599/2017
f 3641/2137/2018 3644/2621/2018 3640/2134/2018
f 3625/2763/2019 3618/2421/2019 3634/2135/2019
f 3634/2135/2020 3640/2134/2020 3625/2763/2020
f 3602/2692/2021 3596/2764/2021 3618/2765/2021
f 3618/2766/2022 3625/2767/2022 3602/2768/2022
f 3568/2091/2023 3563/2761/2023 3596/2764/2023
f 3596/2764/2024 3602/2692/2024 3568/2091/2024
f 3539/2094/2025 3532/2758/2025 3563/2761/2025
f 3563/2761/2026 3568/2091/2026 3539/2094/2026
f 3507/2643/2027 3501/2642/2027 3532/2758/2027
f 3532/2758/2028 3539/2094/2028 3507/2643/2028
f 3478/1935/2029 3474/1934/2029 3501/2642/2029
f 407/2447/1777 402/2769/1777 348/2313/1777 350/2312/1777
f 231/2432/1777 239/2431/1777 282/1858/1777 276/1857/1777
f 3312/2085/2030 3324/2618/2030 3299/2496/2030 3283/2086/2030
f 3391/2184/2031 3400/2100/2031 3409/1881/2031 3398/2185/2031
f 3421/2321/2032 3385/2320/2032 3370/1811/2032 3390/1810/2032
f 3624/2690/2033 3622/2498/2033 3637/2593/2033 3639/2592/2033
f 3601/2688/2034 3599/2554/2034 3622/2498/2034 3624/2690/2034
f 3324/2618/2035 3340/2770/2035 3308/2510/2035 3299/2496/2035
f 3540/2686/2036 3543/2427/2036 3569/2699/2036 3567/2687/2036
f 3398/2185/2037 3409/1881/2037 3447/1884/2037 3435/2635/2037
f 3507/2643/2038 3511/2691/2038 3484/2641/2038
f 3478/1935/2039 3484/2641/2039 3454/1932/2039
f 3448/1933/2040 3454/1932/2040 3434/1944/2040
f 3400/2100/2041 3411/2070/2041 3433/1882/2041 3409/1881/2041
f 3625/2762/2042 3623/2311/2042 3600/2693/2042 3602/2692/2042
f 251/1853/2043 212/2123/2043 200/1910/2043 238/1854/2043
f 3594/2771/2044 3600/2693/2044 3623/2311/2044
f 3623/2311/2045 3615/2310/2045 3594/2771/2045
f 3565/2108/2046 3570/2092/2046 3600/2693/2046
f 3600/2693/2047 3594/2771/2047 3565/2108/2047
f 3543/2427/2048 3542/2426/2048 3566/2700/2048 3569/2699/2048
f 126/2126/2049 104/2189/2049 84/2017/2049 100/2127/2049
f 3286/2490/2050 3321/2504/2050 3315/1917/2050 3280/1916/2050
f 323/2707/2051 265/2067/2051 259/2068/2051 321/2060/2051
f 3567/2687/2052 3569/2699/2052 3599/2554/2052 3601/2688/2052
f 103/1952/2053 54/1951/2053 64/1981/2053 113/2121/2053
f 3586/2772/2054 3564/2773/2054 3561/2774/2054 3581/2775/2054
f 3608/2776/2055 3615/2310/2055 3631/2309/2055
f 3631/2309/2056 3621/2708/2056 3608/2776/2056
f 3583/2777/2057 3594/2771/2057 3615/2310/2057
f 3615/2310/2058 3608/2776/2058 3583/2777/2058
f 3559/2778/2059 3565/2108/2059 3594/2771/2059
f 3594/2771/2060 3583/2777/2060 3559/2778/2060
f 3534/2779/2061 3541/2109/2061 3565/2108/2061
f 3565/2108/2062 3559/2778/2062 3534/2779/2062
f 3509/2780/2063 3512/2697/2063 3541/2109/2063
f 3541/2109/2064 3534/2779/2064 3509/2780/2064
f 3486/2305/2065 3488/2304/2065 3512/2697/2065
f 3512/2697/2066 3509/2780/2066 3486/2305/2066
f 3458/2145/2067 3459/2781/2067 3485/2705/2067 3487/2146/2067
f 3439/2072/2068 3441/2782/2068 3459/2781/2068 3458/2145/2068
f 3424/2071/2069 3429/2439/2069 3441/2782/2069 3439/2072/2069
f 3610/1825/2070 3586/2772/2070 3581/2775/2070 3606/2723/2070
f 3589/2783/2071 3608/2776/2071 3621/2708/2071
f 3621/2708/2072 3606/2723/2072 3589/2783/2072
f 3572/2784/2073 3583/2777/2073 3608/2776/2073
f 3608/2776/2074 3589/2783/2074 3572/2784/2074
f 3548/2785/2075 3559/2778/2075 3583/2777/2075
f 3583/2777/2076 3572/2784/2076 3548/2785/2076
f 3527/2786/2077 3534/2779/2077 3559/2778/2077
f 3559/2778/2078 3548/2785/2078 3527/2786/2078
f 3503/2787/2079 3509/2780/2079 3534/2779/2079
f 3534/2779/2080 3527/2786/2080 3503/2787/2080
f 3480/2788/2081 3486/2305/2081 3509/2780/2081
f 3509/2780/2082 3503/2787/2082 3480/2788/2082
f 3456/2789/2083 3460/2306/2083 3486/2305/2083
f 3486/2790/2084 3480/2791/2084 3456/2792/2084
f 3438/2737/2085 3442/2793/2085 3460/2794/2085
f 3460/2794/2086 3456/2792/2086 3438/2737/2086
f 3429/2795/2087 3427/2796/2087 3437/2517/2087 3441/2703/2087
f 3605/1824/2088 3580/2728/2088 3587/2772/2088 3609/1825/2088
f 3576/2797/2089 3589/2783/2089 3606/2723/2089
f 3606/2723/2090 3581/2775/2090 3576/2797/2090
f 3555/2798/2091 3572/2784/2091 3589/2783/2091
f 3589/2783/2092 3576/2797/2092 3555/2798/2092
f 3535/2799/2093 3548/2785/2093 3572/2784/2093
f 3572/2784/2094 3555/2798/2094 3535/2799/2094
f 3516/2800/2095 3527/2786/2095 3548/2785/2095
f 3548/2785/2096 3535/2799/2096 3516/2800/2096
f 3491/2801/2097 3503/2787/2097 3527/2786/2097
f 3527/2786/2098 3516/2800/2098 3491/2801/2098
f 3471/2802/2099 3480/2791/2099 3503/2803/2099
f 3503/2803/2100 3491/2804/2100 3471/2802/2100
f 3446/2747/2101 3456/2792/2101 3480/2791/2101
f 3480/2791/2102 3471/2802/2102 3446/2747/2102
f 3420/2730/2103 3438/2737/2103 3456/2792/2103
f 3456/2792/2104 3446/2747/2104 3420/2730/2104
f 3427/2796/2105 3408/2659/2105 3419/2518/2105 3437/2517/2105
f 3580/2728/2106 3560/2302/2106 3564/2773/2106 3587/2772/2106
f 3550/2805/2107 3576/2797/2107 3581/2775/2107
f 3581/2775/2108 3561/2774/2108 3550/2805/2108
f 3538/2806/2109 3555/2798/2109 3576/2797/2109
f 3576/2797/2110 3550/2805/2110 3538/2806/2110
f 3519/2807/2111 3535/2799/2111 3555/2798/2111
f 3555/2798/2112 3538/2806/2112 3519/2807/2112
f 3498/2808/2113 3516/2800/2113 3535/2799/2113
f 3535/2799/2114 3519/2807/2114 3498/2808/2114
f 3476/2809/2115 3491/2804/2115 3516/2810/2115
f 3516/2810/2116 3498/2811/2116 3476/2809/2116
f 3452/2812/2117 3471/2802/2117 3491/2804/2117
f 3491/2804/2118 3476/2809/2118 3452/2812/2118
f 3432/2748/2119 3446/2747/2119 3471/2802/2119
f 3471/2802/2120 3452/2812/2120 3432/2748/2120
f 3577/2658/2121 3597/2657/2121 3613/2672/2121 3590/2739/2121
f 3442/2793/2122 3438/2737/2122 3428/2738/2122 3430/2813/2122
f 1888/2814/2123 2110/2815/2123 2104/2816/2123
f 1888/2814/2124 2104/2816/2124 2096/2817/2124
f 1888/2814/2125 2096/2817/2125 2076/2818/2125
f 1888/2814/2126 2076/2818/2126 2048/2819/2126
f 1888/2814/2127 2048/2819/2127 2030/2820/2127
f 1888/2814/2128 2030/2820/2128 2006/2821/2128
f 1888/2814/2129 2006/2821/2129 1982/2822/2129
f 1888/2814/2130 1982/2822/2130 1960/2823/2130
f 1888/2814/2131 1960/2823/2131 1936/2824/2131
f 1888/2814/2132 1936/2824/2132 1732/2825/2132
f 1513/2826/2133 1362/402/2133 1366/405/2133 1519/2827/2133
f 1937/2828/2134 1949/2829/2134 1989/2830/2134 1961/2831/2134
f 2017/2832/2135 2073/2833/2135 2184/2834/2135 2092/2835/2135
f 1574/2836/2136 1422/1406/2136 1396/2837/2136 1546/2838/2136
f 1616/2839/2137 1528/2840/2137 1480/1403/2137 1592/2841/2137
f 1592/2841/2138 1480/1403/2138 1422/1406/2138 1574/2836/2138
f 1547/2842/2139 1397/2843/2139 1423/2844/2139 1575/2845/2139
f 1546/2838/2140 1396/2837/2140 1373/2846/2140 1526/2847/2140
f 1663/2848/2141 1635/2629/2141 1675/2849/2141 1687/2850/2141
f 1849/2851/2142 1847/2852/2142 2091/2853/2142 2053/2854/2142
f 1365/2855/2143 1312/2856/2143 1309/2857/2143 1361/2858/2143
f 1366/405/2144 1313/404/2144 1323/2859/2144 1374/2860/2144
f 1396/2837/2145 1343/2861/2145 1322/2862/2145 1373/2846/2145
f 1586/2863/2146 1557/2864/2146 1490/2865/2146 1528/2840/2146
f 1481/2866/2147 1419/2867/2147 1491/1954/2147 1529/1953/2147
f 2095/2868/2148 2133/2869/2148 2205/2870/2148 2143/2871/2148
f 1397/2843/2149 1344/2872/2149 1380/2873/2149 1423/2844/2149
f 2249/2576/2150 2300/2575/2150 2279/2874/2150 2226/2875/2150
f 1373/2846/2151 1322/2862/2151 1312/2856/2151 1365/2855/2151
f 2914/2876/2152 2952/2877/2152 2874/2878/2152 2852/2879/2152
f 1882/2880/2153 1879/2881/2153 1664/2882/2153 1666/2883/2153
f 2000/2884/2154 2002/2885/2154 1958/2886/2154 1956/2887/2154
f 1323/2888/2155 1321/2889/2155 1342/2890/2155 1344/2891/2155
f 1557/2864/2156 1554/2892/2156 1488/2893/2156 1490/2865/2156
f 3064/924/2157 3066/637/2157 2961/640/2157 2955/925/2157
f 2133/2894/2158 2135/2895/2158 2207/2896/2158 2205/2897/2158
f 2244/2898/2159 2246/2899/2159 2282/2531/2159 2280/2900/2159
f 1556/2901/2160 1555/2902/2160 1621/2903/2160 1623/2904/2160
f 1322/2905/2161 1320/2906/2161 1310/2907/2161 1312/2908/2161
f 2311/2909/2162 2313/2910/2162 2317/2911/2162 2314/2912/2162
f 1879/2881/2163 1876/2913/2163 1670/2914/2163 1664/2882/2163
f 2303/2534/2164 2260/2533/2164 2286/2915/2164 2313/2910/2164
f 1321/2889/2165 1364/2916/2165 1382/2917/2165 1342/2890/2165
f 1342/2890/2166 1382/2917/2166 1409/2222/2166 1378/2918/2166
f 1416/2919/2167 1454/2920/2167 1408/2921/2167 1377/2922/2167
f 1488/2923/2168 1516/2924/2168 1454/2920/2168 1416/2919/2168
f 283/2271/2169 314/1734/2169 317/1737/2169 285/1116/2169
f 1555/2902/2170 1581/2925/2170 1629/2926/2170 1621/2903/2170
f 2312/2927/2171 2285/2928/2171 2259/2929/2171 2302/2930/2171
f 1307/2931/2172 1334/2932/2172 1338/2933/2172 1311/2934/2172
f 1334/2932/2173 1398/2935/2173 1403/1659/2173 1338/2933/2173
f 1338/2933/2174 1403/1659/2174 1413/1662/2174 1364/2916/2174
f 2242/2532/2175 2187/2936/2175 2211/2937/2175 2260/2533/2175
f 2215/2938/2176 2147/2939/2176 2187/2936/2176 2242/2532/2176
f 1454/2920/2177 1514/2940/2177 1476/2941/2177 1408/2921/2177
f 1455/696/2178 1515/2224/2178 1563/2942/2178 1517/697/2178
f 1580/2943/2179 1604/2944/2179 1562/2945/2179 1516/2924/2179
f 1995/1733/2180 1979/1732/2180 2019/2946/2180 2043/2947/2180
f 2285/2928/2181 2220/2948/2181 2210/2949/2181 2259/2929/2181
f 1671/2950/2182 1679/2951/2182 1900/2952/2182 1893/2953/2182
f 1398/2935/2183 1478/2954/2183 1482/1660/2183 1403/1659/2183
f 1412/2955/2184 1497/2956/2184 1483/1607/2184 1402/1606/2184
f 2018/2957/2185 1992/2958/2185 1970/2959/2185 1978/2960/2185
f 1476/2941/2186 1538/133/2186 1510/136/2186 1436/2961/2186
f 1477/2223/2187 1539/2962/2187 1579/363/2187 1515/2224/2187
f 2147/2939/2188 2085/2963/2188 2113/2964/2188 2187/2936/2188
f 2259/2929/2189 2210/2949/2189 2186/2350/2189 2241/2349/2189
f 1605/2965/2190 1631/2966/2190 1653/2967/2190 1645/2968/2190
f 1945/1731/2191 1943/2969/2191 1971/2970/2191 1979/1732/2191
f 1875/1891/2192 1873/2971/2192 1943/2969/2192 1945/1731/2192
f 1681/2972/2193 1689/2973/2193 1921/2974/2193 1902/2975/2193
f 2892/1655/2194 2854/1548/2194 2999/650/2194 3033/649/2194
f 1631/2966/2195 1649/2238/2195 1669/2976/2195 1653/2967/2195
f 1511/2977/2196 1568/2978/2196 1584/2979/2196 1539/2962/2196
f 2045/2980/2197 2020/2981/2197 2038/2982/2197 2085/2963/2197
f 2025/2983/2198 1997/2984/2198 2020/2981/2198 2045/2980/2198
f 1599/364/2199 1627/49/2199 1649/2238/2199 1631/2966/2199
f 2113/2964/2200 2054/2985/2200 2074/2986/2200 2126/2987/2200
f 1680/2988/2201 1688/2989/2201 1668/2990/2201 1652/2991/2201
f 1872/2992/2202 1870/2993/2202 1688/2989/2202 1680/2988/2202
f 1871/2994/2203 1869/2995/2203 1933/1234/2203 1935/1233/2203
f 1544/2996/2204 1560/2997/2204 1572/2998/2204 1548/2999/2204
f 1668/2990/2205 1672/3000/2205 1650/3001/2205 1648/3002/2205
f 1975/3003/2206 1973/3004/2206 1990/3005/2206 1997/2984/2206
f 1997/2984/2207 1990/3005/2207 2012/3006/2207 2020/2981/2207
f 1626/3007/2208 1633/3008/2208 1611/3009/2208 1603/3010/2208
f 2038/2982/2209 2028/3011/2209 2040/3012/2209 2054/2985/2209
f 2075/3013/2210 2051/3014/2210 2041/3015/2210 2055/3016/2210
f 1669/2976/2211 1673/3017/2211 1691/3018/2211 1689/2973/2211
f 2078/3019/2212 2062/3020/2212 2070/3021/2212 2086/3022/2212
f 1932/3023/2213 1938/3024/2213 1698/3025/2213 1701/3026/2213
f 1673/3027/2214 1659/3028/2214 1685/3029/2214 1691/3030/2214
f 1572/2998/2215 1522/3031/2215 1542/3032/2215 1582/3033/2215
f 1582/3033/2216 1542/3032/2216 1566/3034/2216 1594/3035/2216
f 1594/3035/2217 1566/3034/2217 1590/3036/2217 1610/47/2217
f 1610/47/2218 1590/3036/2218 1614/3037/2218 1632/48/2218
f 1632/48/2219 1614/3037/2219 1639/3038/2219 1651/2237/2219
f 2040/3039/2220 2080/3040/2220 2100/3041/2220 2050/3042/2220
f 1690/3043/2221 1684/3044/2221 1658/3045/2221 1672/3046/2221
f 1691/3030/2222 1685/3029/2222 1928/3047/2222 1922/3048/2222
f 1888/3049/2223 1886/3050/2223 1686/3051/2223
f 1888/3049/2224 1686/3051/2224 1662/3052/2224
f 1888/3049/2225 1662/3052/2225 1640/3053/2225
f 1888/3049/2226 1640/3053/2226 1616/2839/2226
f 1888/3049/2227 1616/2839/2227 1592/2841/2227
f 1888/3049/2228 1592/2841/2228 1574/2836/2228
f 1888/3049/2229 1574/2836/2229 1546/2838/2229
f 1888/3049/2230 1546/2838/2230 1526/2847/2230
f 1888/3049/2231 1526/2847/2231 1518/3054/2231
f 1888/3049/2232 1518/3054/2232 1512/3055/2232
f 2110/2815/2233 2261/3056/2233 2257/2573/2233 2104/2816/2233
f 1960/2823/2234 1988/3057/2234 1948/3058/2234 1936/2824/2234
f 1641/3059/2235 1587/1956/2235 1635/2629/2235 1663/2848/2235
f 87/2243/2236 149/2258/2236 165/2193/2236 107/2192/2236
f 1145/168/2237 1141/167/2237 1259/381/2237 1263/366/2237
f 2007/3060/2238 2095/2868/2238 2143/2871/2238 2031/3061/2238
f 2006/2821/2239 2094/3062/2239 2036/3063/2239 1982/2822/2239
f 1527/3064/2240 1374/2860/2240 1397/2843/2240 1547/2842/2240
f 1519/2827/2241 1366/405/2241 1374/2860/2241 1527/3064/2241
f 2105/3065/2242 2258/3066/2242 2262/3067/2242 2111/3068/2242
f 2258/3066/2243 2311/3069/2243 2314/3070/2243 2262/3067/2243
f 2250/3071/2244 2301/3072/2244 2311/3069/2244 2258/3066/2244
f 1989/2830/2245 2001/3073/2245 2066/3074/2245 2037/3075/2245
f 2094/3062/2246 2132/3076/2246 2067/3077/2246 2036/3063/2246
f 2142/3078/2247 2204/3079/2247 2132/3076/2247 2094/3062/2247
f 1423/2844/2248 1380/2873/2248 1419/2867/2248 1481/2866/2248
f 3292/2623/2249 3307/3080/2249 3310/3081/2249 3295/2624/2249
f 2227/3082/2250 2280/3083/2250 2301/3072/2250 2250/3071/2250
f 18/1999/2251 12/1215/2251 23/1448/2251 31/1996/2251
f 1885/3084/2252 1883/3085/2252 1957/3086/2252 1949/2829/2252
f 1312/2908/2253 1310/2907/2253 1306/3087/2253 1309/3088/2253
f 1957/4/2254 1959/3/2254 2003/3089/2254 2001/3090/2254
f 2067/3091/2255 2068/3092/2255 2002/2885/2255 2000/2884/2255
f 1344/2891/2256 1342/2890/2256 1378/2918/2256 1380/3093/2256
f 1418/3094/2257 1416/3095/2257 1377/3096/2257 1379/3097/2257
f 2205/2897/2258 2207/2896/2258 2246/2899/2258 2244/2898/2258
f 1419/3098/2259 1417/695/2259 1489/698/2259 1491/3099/2259
f 2280/2900/2260 2282/2531/2260 2303/2534/2260 2301/3100/2260
f 1623/2904/2261 1621/2903/2261 1665/3101/2261 1667/3102/2261
f 1667/3102/2262 1665/3101/2262 1881/3103/2262 1890/3104/2262
f 1310/2907/2263 1337/3105/2263 1333/3106/2263 1306/3087/2263
f 1621/2903/2264 1629/2926/2264 1671/2950/2264 1665/3101/2264
f 3373/2378/2265 3404/2613/2265 3406/2625/2265 3379/2604/2265
f 2069/3107/2266 2043/2947/2266 2107/3108/2266 2135/2895/2266
f 2135/2895/2267 2107/3108/2267 2169/3109/2267 2207/2896/2267
f 2624/3110/2268 2637/3111/2268 2543/3112/2268 2536/3113/2268
f 2246/2899/2269 2215/2938/2269 2242/2532/2269 2282/2531/2269
f 2302/2930/2270 2259/2929/2270 2241/2349/2270 2281/3114/2270
f 2028/3115/2271 2056/3116/2271 2080/3040/2271 2040/3039/2271
f 1880/2/2272 1877/3117/2272 1953/3118/2272 1959/3/2272
f 1952/3119/2273 1944/3120/2273 1727/3121/2273 1731/3122/2273
f 1629/2926/2274 1645/2968/2274 1679/2951/2274 1671/2950/2274
f 1581/2925/2275 1605/2965/2275 1645/2968/2275 1629/2926/2275
f 2043/2947/2276 2019/2946/2276 2061/3123/2276 2107/3108/2276
f 2107/3108/2277 2061/3123/2277 2109/3124/2277 2169/3109/2277
f 1516/2924/2278 1562/2945/2278 1514/2940/2278 1454/2920/2278
f 2106/3125/2279 2060/3126/2279 2018/2957/2279 2042/3127/2279
f 2042/3127/2280 2018/2957/2280 1978/2960/2280 1994/3128/2280
f 2260/2533/2281 2211/2937/2281 2221/3129/2281 2286/2915/2281
f 2289/3130/2282 2225/3131/2282 2220/2948/2282 2285/2928/2282
f 2490/222/2283 2501/422/2283 2596/423/2283 2588/406/2283
f 102/2118/2284 53/699/2284 50/702/2284 96/1950/2284
f 769/1334/2285 797/1562/2285 665/1389/2285 624/1335/2285
f 2060/3126/2286 2024/3132/2286 1992/2958/2286 2018/2957/2286
f 1515/2224/2287 1579/363/2287 1599/364/2287 1563/2942/2287
f 2146/2351/2288 2084/3133/2288 2044/3134/2288 2108/3135/2288
f 1437/3136/2289 1511/2977/2289 1539/2962/2289 1477/2223/2289
f 2187/2936/2290 2113/2964/2290 2126/2987/2290 2211/2937/2290
f 2211/2937/2291 2126/2987/2291 2140/3137/2291 2221/3129/2291
f 2225/3131/2292 2145/3138/2292 2141/3139/2292 2220/2948/2292
f 1441/443/2293 1435/442/2293 1923/3140/2293 1896/3141/2293
f 1943/2969/2294 1935/3142/2294 1955/3143/2294 1971/2970/2294
f 1496/1661/2295 1548/2999/2295 1568/2978/2295 1511/2977/2295
f 1665/3101/2296 1671/2950/2296 1893/2953/2296 1881/3103/2296
f 1578/3144/2297 1603/3010/2297 1585/134/2297 1538/133/2297
f 1539/2962/2298 1584/2979/2298 1602/46/2298 1579/363/2298
f 2085/2963/2299 2038/2982/2299 2054/2985/2299 2113/2964/2299
f 2127/3145/2300 2075/3013/2300 2055/3016/2300 2112/3146/2300
f 2126/2987/2301 2074/2986/2301 2078/3019/2301 2140/3137/2301
f 1478/2954/2302 1536/3147/2302 1544/2996/2302 1482/1660/2302
f 2087/3148/2303 2071/3149/2303 2063/3150/2303 2079/3151/2303
f 1954/3152/2304 1950/3153/2304 1932/3154/2304 1934/3155/2304
f 1955/1236/2305 1951/1235/2305 1973/3156/2305 1975/3157/2305
f 2055/3016/2306 2041/3015/2306 2029/3158/2306 2039/3159/2306
f 2039/3159/2307 2029/3158/2307 2013/3160/2307 2021/3161/2307
f 2020/2981/2308 2012/3006/2308 2028/3011/2308 2038/2982/2308
f 1648/3002/2309 1650/3001/2309 1633/3008/2309 1626/3007/2309
f 1649/2238/2310 1651/2237/2310 1673/3017/2310 1669/2976/2310
f 2074/2986/2311 2050/3162/2311 2062/3020/2311 2078/3019/2311
f 1689/2973/2312 1691/3018/2312 1922/3163/2312 1921/2974/2312
f 1869/3164/2313 1866/3165/2313 1939/3166/2313 1933/3167/2313
f 1933/3167/2314 1939/3166/2314 1965/3168/2314 1951/3169/2314
f 1951/3169/2315 1965/3168/2315 1985/3170/2315 1973/3171/2315
f 2563/86/2316 2572/160/2316 2672/362/2316 2666/361/2316
f 2013/3172/2317 2033/3173/2317 2009/3174/2317 1991/3175/2317
f 1664/2882/2318 1670/2914/2318 1628/3176/2318 1620/3177/2318
f 2041/3178/2319 2081/3179/2319 2057/3180/2319 2029/3181/2319
f 1651/3182/2320 1639/3183/2320 1659/3028/2320 1673/3027/2320
f 2063/3184/2321 2115/3185/2321 2101/3186/2321 2051/3187/2321
f 2062/3188/2322 2114/3189/2322 2122/3190/2322 2070/3191/2322
f 1888/3192/2323 1513/2826/2323 1519/2827/2323
f 1888/3192/2324 1519/2827/2324 1527/3064/2324
f 1888/3192/2325 1527/3064/2325 1547/2842/2325
f 1888/3192/2326 1547/2842/2326 1575/2845/2326
f 1888/3192/2327 1575/2845/2327 1593/3193/2327
f 1888/3192/2328 1593/3193/2328 1617/3194/2328
f 1888/3192/2329 1617/3194/2329 1641/3059/2329
f 1888/3192/2330 1641/3059/2330 1663/2848/2330
f 1888/3192/2331 1663/2848/2331 1687/2850/2331
f 1888/3192/2332 1687/2850/2332 1894/3195/2332
f 1687/2850/2333 1675/2849/2333 1895/3196/2333 1894/3195/2333
f 2104/2816/2334 2257/2573/2334 2249/2576/2334 2096/2817/2334
f 2077/3197/2335 2227/3082/2335 2250/3071/2335 2097/3198/2335
f 1983/3199/2336 2037/3075/2336 2095/2868/2336 2007/3060/2336
f 1593/3193/2337 1481/2866/2337 1529/1953/2337 1617/3194/2337
f 2030/2820/2338 2142/3078/2338 2094/3062/2338 2006/2821/2338
f 2076/2818/2339 2226/2875/2339 2200/3200/2339 2048/2819/2339
f 1982/2822/2340 2036/3063/2340 1988/3057/2340 1960/2823/2340
f 2263/3201/2341 2308/3202/2341 2090/3203/2341 2052/3204/2341
f 1887/3205/2342 1885/3084/2342 1949/2829/2342 1937/2828/2342
f 1884/3206/2343 1882/3207/2343 1666/3208/2343 1674/3209/2343
f 1949/2829/2344 1957/3086/2344 2001/3073/2344 1989/2830/2344
f 190/1188/2345 246/2282/2345 254/1787/2345 204/2270/2345
f 2037/3075/2346 2066/3074/2346 2133/2869/2346 2095/2868/2346
f 2143/2871/2347 2205/2870/2347 2244/3210/2347 2201/3211/2347
f 1528/2840/2348 1490/2865/2348 1418/1404/2348 1480/1403/2348
f 2201/3211/2349 2244/3210/2349 2280/3083/2349 2227/3082/2349
f 1634/3212/2350 1622/3213/2350 1557/2864/2350 1586/2863/2350
f 1988/3057/2351 2000/3214/2351 1956/3215/2351 1948/3058/2351
f 2261/3056/2352 2315/3216/2352 2310/2574/2352 2257/2573/2352
f 2315/3217/2353 2316/3218/2353 2312/2927/2353 2310/3219/2353
f 1666/2883/2354 1664/2882/2354 1620/3177/2354 1622/3220/2354
f 1343/3221/2355 1341/3222/2355 1320/2906/2355 1322/2905/2355
f 1491/3099/2356 1489/698/2356 1555/2902/2356 1556/2901/2356
f 2243/3223/2357 2245/3224/2357 2206/3225/2357 2204/3226/2357
f 2204/3226/2358 2206/3225/2358 2134/3227/2358 2132/3228/2358
f 2132/3228/2359 2134/3227/2359 2068/3092/2359 2067/3091/2359
f 2300/3229/2360 2302/2930/2360 2281/3114/2360 2279/3230/2360
f 2066/3231/2361 2069/3232/2361 2135/3233/2361 2133/3234/2361
f 1956/2887/2362 1958/2886/2362 1878/3235/2362 1734/3236/2362
f 2316/3218/2363 2289/3130/2363 2285/2928/2363 2312/2927/2363
f 1320/2906/2364 1363/3237/2364 1337/3105/2364 1310/2907/2364
f 2068/3092/2365 2042/3127/2365 1994/3128/2365 2002/2885/2365
f 1554/3238/2366 1580/2943/2366 1516/2924/2366 1488/2923/2366
f 2207/2896/2367 2169/3109/2367 2215/2938/2367 2246/2899/2367
f 2206/3225/2368 2168/3239/2368 2106/3125/2368 2134/3227/2368
f 2134/3227/2369 2106/3125/2369 2042/3127/2369 2068/3092/2369
f 2003/3240/2370 1995/1733/2370 2043/2947/2370 2069/3107/2370
f 1959/3241/2371 1953/1730/2371 1995/1733/2371 2003/3240/2371
f 2313/2910/2372 2286/2915/2372 2290/3242/2372 2317/2911/2372
f 2286/2915/2373 2221/3129/2373 2224/3243/2373 2290/3242/2373
f 1363/3237/2374 1412/2955/2374 1402/1606/2374 1337/3105/2374
f 1381/3244/2375 1436/2961/2375 1412/3245/2375 1363/3246/2375
f 1408/2921/2376 1476/2941/2376 1436/2961/2376 1381/3244/2376
f 2169/3109/2377 2109/3124/2377 2147/2939/2377 2215/2938/2377
f 122/2216/2378 136/3247/2378 108/2348/2378 98/2217/2378
f 1514/2940/2379 1578/3144/2379 1538/133/2379 1476/2941/2379
f 1436/2961/2380 1510/136/2380 1497/3248/2380 1412/3245/2380
f 1994/3128/2381 1978/2960/2381 1944/3120/2381 1952/3119/2381
f 1337/3105/2382 1402/1606/2382 1399/1609/2382 1333/3106/2382
f 2221/3129/2383 2140/3137/2383 2144/3249/2383 2224/3243/2383
f 2220/2948/2384 2141/3139/2384 2127/3145/2384 2210/2949/2384
f 2210/2949/2385 2127/3145/2385 2112/3146/2385 2186/2350/2385
f 1604/2944/2386 1630/3250/2386 1598/3251/2386 1562/2945/2386
f 2109/3124/2387 2045/2980/2387 2085/2963/2387 2147/2939/2387
f 2061/3123/2388 2025/2983/2388 2045/2980/2388 2109/3124/2388
f 2019/2946/2389 1993/3252/2389 2025/2983/2389 2061/3123/2389
f 1979/1732/2390 1971/2970/2390 1993/3252/2390 2019/2946/2390
f 1978/2960/2391 1970/2959/2391 1942/3253/2391 1944/3120/2391
f 1874/3254/2392 1872/2992/2392 1680/2988/2392 1678/3255/2392
f 2140/3137/2393 2078/3019/2393 2086/3022/2393 2144/3249/2393
f 2141/3139/2394 2079/3151/2394 2075/3013/2394 2127/3145/2394
f 2903/358/2395 2911/357/2395 2875/534/2395 2865/3256/2395
f 2024/3132/2396 1996/3257/2396 1974/3258/2396 1992/2958/2396
f 2084/3133/2397 2039/3159/2397 2021/3161/2397 2044/3134/2397
f 2044/3134/2398 2021/3161/2398 1996/3257/2398 2024/3132/2398
f 1993/3252/2399 1975/3003/2399 1997/2984/2399 2025/2983/2399
f 1652/2991/2400 1668/2990/2400 1648/3002/2400 1630/3250/2400
f 1970/2959/2401 1954/3152/2401 1934/3155/2401 1942/3253/2401
f 1873/3259/2402 1871/2994/2402 1935/1233/2402 1943/3260/2402
f 1345/1055/2403 1335/1179/2403 1164/1181/2403 1170/1056/2403
f 1549/632/2404 1573/631/2404 1561/1159/2404 1545/1158/2404
f 859/870/2405 847/1164/2405 681/893/2405 707/871/2405
f 713/69/2406 721/68/2406 705/76/2406 691/627/2406
f 172/602/2407 195/2244/2407 202/2022/2407 176/2371/2407
f 1603/3261/2408 1611/3262/2408 1595/3263/2408 1585/3264/2408
f 1996/3257/2409 1991/3265/2409 1972/3266/2409 1974/3258/2409
f 2054/2985/2410 2040/3012/2410 2050/3162/2410 2074/2986/2410
f 2079/3151/2411 2063/3150/2411 2051/3014/2411 2075/3013/2411
f 1934/3155/2412 1932/3154/2412 1701/3267/2412 1720/3268/2412
f 1561/3269/2413 1509/3270/2413 1501/3271/2413 1553/3272/2413
f 2050/3042/2414 2100/3041/2414 2114/3189/2414 2062/3188/2414
f 1583/3273/2415 1543/3274/2415 1523/3275/2415 1573/3276/2415
f 1991/3175/2416 2009/3174/2416 1984/3277/2416 1972/3278/2416
f 2012/3279/2417 2032/3280/2417 2056/3116/2417 2028/3115/2417
f 2029/3181/2418 2057/3180/2418 2033/3173/2418 2013/3172/2418
f 1973/3171/2419 1985/3170/2419 2008/3281/2419 1990/3282/2419
f 1972/3278/2420 1984/3277/2420 1964/3283/2420 1950/3284/2420
f 1950/3284/2421 1964/3283/2421 1938/3024/2421 1932/3023/2421
f 1868/3285/2422 1865/3286/2422 1684/3044/2422 1690/3043/2422
f 1888/3287/2423 1887/3205/2423 1937/2828/2423
f 1888/3287/2424 1937/2828/2424 1961/2831/2424
f 1888/3287/2425 1961/2831/2425 1983/3199/2425
f 1888/3287/2426 1983/3199/2426 2007/3060/2426
f 1888/3287/2427 2007/3060/2427 2031/3061/2427
f 1888/3287/2428 2031/3061/2428 2049/3288/2428
f 1888/3287/2429 2049/3288/2429 2077/3197/2429
f 1888/3287/2430 2077/3197/2430 2097/3198/2430
f 1888/3287/2431 2097/3198/2431 2105/3065/2431
f 1888/3287/2432 2105/3065/2432 2111/3068/2432
f 1936/2824/2433 1948/3058/2433 1728/3289/2433 1732/2825/2433
f 1686/3051/2434 1674/3209/2434 1634/3212/2434 1662/3052/2434
f 1662/3052/2435 1634/3212/2435 1586/2863/2435 1640/3053/2435
f 1640/3053/2436 1586/2863/2436 1528/2840/2436 1616/2839/2436
f 2031/3061/2437 2143/2871/2437 2201/3211/2437 2049/3288/2437
f 2048/2819/2438 2200/3200/2438 2142/3078/2438 2030/2820/2438
f 1617/3194/2439 1529/1953/2439 1587/1956/2439 1641/3059/2439
f 2096/2817/2440 2249/2576/2440 2226/2875/2440 2076/2818/2440
f 1526/2847/2441 1373/2846/2441 1365/2855/2441 1518/3054/2441
f 1886/3050/2442 1884/3206/2442 1674/3209/2442 1686/3051/2442
f 1948/3058/2443 1956/3215/2443 1734/3290/2443 1728/3289/2443
f 1674/3209/2444 1666/3208/2444 1622/3213/2444 1634/3212/2444
f 2036/3063/2445 2067/3077/2445 2000/3214/2445 1988/3057/2445
f 1422/1406/2446 1379/1405/2446 1343/2861/2446 1396/2837/2446
f 555/1401/2447 581/1454/2447 626/1457/2447 588/1418/2447
f 2200/3200/2448 2243/3291/2448 2204/3079/2448 2142/3078/2448
f 2226/2875/2449 2279/2874/2449 2243/3291/2449 2200/3200/2449
f 1374/2860/2450 1323/2859/2450 1344/2872/2450 1397/2843/2450
f 1635/2629/2451 1623/2628/2451 1667/3292/2451 1675/2849/2451
f 1675/2849/2452 1667/3292/2452 1890/3293/2452 1895/3196/2452
f 1308/3294/2453 1307/2931/2453 1311/2934/2453 1313/3295/2453
f 2301/3100/2454 2303/2534/2454 2313/2910/2454 2311/2909/2454
f 1622/3220/2455 1620/3177/2455 1554/3238/2455 1557/3296/2455
f 2279/3230/2456 2281/3114/2456 2245/3224/2456 2243/3223/2456
f 1490/2865/2457 1488/2893/2457 1416/3297/2457 1418/1404/2457
f 1380/3093/2458 1378/2918/2458 1417/695/2458 1419/3098/2458
f 1379/3097/2459 1377/3096/2459 1341/3222/2459 1343/3221/2459
f 1313/3295/2460 1311/2934/2460 1321/2889/2460 1323/2888/2460
f 2310/3219/2461 2312/2927/2461 2302/2930/2461 2300/3229/2461
f 2001/3090/2462 2003/3089/2462 2069/3232/2462 2066/3231/2462
f 319/2061/2463 255/2083/2463 249/1550/2463 316/1840/2463
f 2002/2885/2464 1994/3128/2464 1952/3119/2464 1958/2886/2464
f 1620/3177/2465 1628/3176/2465 1580/2943/2465 1554/3238/2465
f 1489/698/2466 1517/697/2466 1581/2925/2466 1555/2902/2466
f 1378/2918/2467 1409/2222/2467 1455/696/2467 1417/695/2467
f 2245/3224/2468 2214/2352/2468 2168/3239/2468 2206/3225/2468
f 2281/3114/2469 2241/2349/2469 2214/2352/2469 2245/3224/2469
f 1341/3222/2470 1381/3298/2470 1363/3237/2470 1320/2906/2470
f 1311/2934/2471 1338/2933/2471 1364/2916/2471 1321/2889/2471
f 1958/2886/2472 1952/3119/2472 1731/3122/2472 1878/3235/2472
f 1876/2913/2473 1874/3254/2473 1678/3255/2473 1670/2914/2473
f 1670/2914/2474 1678/3255/2474 1644/3299/2474 1628/3176/2474
f 1628/3176/2475 1644/3299/2475 1604/2944/2475 1580/2943/2475
f 1517/697/2476 1563/2942/2476 1605/2965/2476 1581/2925/2476
f 2168/3239/2477 2108/3135/2477 2060/3126/2477 2106/3125/2477
f 2214/2352/2478 2146/2351/2478 2108/3135/2478 2168/3239/2478
f 1382/2917/2479 1437/3136/2479 1477/2223/2479 1409/2222/2479
f 1364/2916/2480 1413/1662/2480 1437/3136/2480 1382/2917/2480
f 1041/1340/2481 1067/1549/2481 1199/1391/2481 1189/1341/2481
f 896/1750/2482 907/1217/2482 812/1220/2482 792/1445/2482
f 1679/2951/2483 1681/2972/2483 1902/2975/2483 1900/2952/2483
f 1678/3255/2484 1680/2988/2484 1652/2991/2484 1644/3299/2484
f 1644/3299/2485 1652/2991/2485 1630/3250/2485 1604/2944/2485
f 2186/2350/2486 2112/3146/2486 2084/3133/2486 2146/2351/2486
f 2108/3135/2487 2044/3134/2487 2024/3132/2487 2060/3126/2487
f 1562/2945/2488 1598/3251/2488 1578/3144/2488 1514/2940/2488
f 1563/2942/2489 1599/364/2489 1631/2966/2489 1605/2965/2489
f 1413/1662/2490 1496/1661/2490 1511/2977/2490 1437/3136/2490
f 1645/2968/2491 1653/2967/2491 1681/2972/2491 1679/2951/2491
f 1944/3120/2492 1942/3253/2492 1721/3300/2492 1727/3121/2492
f 1942/3253/2493 1934/3155/2493 1720/3268/2493 1721/3300/2493
f 1497/2956/2494 1549/632/2494 1545/1158/2494 1483/1607/2494
f 1510/3301/2495 1569/629/2495 1549/632/2495 1497/2956/2495
f 1630/3250/2496 1648/3002/2496 1626/3007/2496 1598/3251/2496
f 1598/3251/2497 1626/3007/2497 1603/3010/2497 1578/3144/2497
f 1672/3046/2498 1658/3045/2498 1638/3302/2498 1650/3303/2498
f 2112/3146/2499 2055/3016/2499 2039/3159/2499 2084/3133/2499
f 1971/2970/2500 1955/3143/2500 1975/3003/2500 1993/3252/2500
f 1482/1660/2501 1544/2996/2501 1548/2999/2501 1496/1661/2501
f 2145/3138/2502 2087/3148/2502 2079/3151/2502 2141/3139/2502
f 1536/3147/2503 1552/3304/2503 1560/2997/2503 1544/2996/2503
f 1688/2989/2504 1690/3305/2504 1672/3000/2504 1668/2990/2504
f 1548/2999/2505 1572/2998/2505 1582/3033/2505 1568/2978/2505
f 1568/2978/2506 1582/3033/2506 1594/3035/2506 1584/2979/2506
f 1584/2979/2507 1594/3035/2507 1610/47/2507 1602/46/2507
f 2021/3161/2508 2013/3160/2508 1991/3265/2508 1996/3257/2508
f 1585/3264/2509 1595/3263/2509 1583/630/2509 1569/629/2509
f 1974/3258/2510 1972/3266/2510 1950/3153/2510 1954/3152/2510
f 3115/3306/2511 3182/1214/2511 3186/687/2511 3113/686/2511
f 1870/2993/2512 1868/3307/2512 1690/3305/2512 1688/2989/2512
f 1653/2967/2513 1669/2976/2513 1689/2973/2513 1681/2972/2513
f 2794/3308/2514 2799/3309/2514 2707/3310/2514 2702/573/2514
f 2051/3187/2515 2101/3186/2515 2081/3179/2515 2041/3178/2515
f 1650/3303/2516 1638/3302/2516 1615/3311/2516 1633/3312/2516
f 1633/3312/2517 1615/3311/2517 1591/3313/2517 1611/3314/2517
f 1611/3314/2518 1591/3313/2518 1567/3315/2518 1595/3316/2518
f 1595/3316/2519 1567/3315/2519 1543/3274/2519 1583/3273/2519
f 1827/3317/2520 1815/3318/2520 2137/2610/2520 2129/2609/2520
f 1573/3276/2521 1523/3275/2521 1509/3270/2521 1561/3269/2521
f 2071/3319/2522 2123/3320/2522 2115/3185/2522 2063/3184/2522
f 2117/3321/2523 2233/3322/2523 2236/3323/2523 2125/3324/2523
f 1507/3325/2524 1391/3326/2524 1405/3327/2524 1521/3328/2524
f 1967/3329/2525 1981/3330/2525 2022/3331/2525 1987/3332/2525
f 1987/3332/2526 2022/3331/2526 2065/544/2526 2011/3333/2526
f 2035/3334/2527 2121/547/2527 2151/3335/2527 2059/3336/2527
f 2011/3333/2528 2065/544/2528 2121/547/2528 2035/3334/2528
f 2059/3336/2529 2151/3335/2529 2198/3337/2529 2083/3338/2529
f 1540/2010/2530 1425/2009/2530 1404/530/2530 1520/3339/2530
f 1682/3340/2531 1676/3341/2531 1642/3342/2531 1656/3343/2531
f 1506/3344/2532 1390/533/2532 1387/3345/2532 1498/3346/2532
f 1862/3347/2533 1859/3348/2533 1654/3349/2533 1676/3341/2533
f 992/3350/2534 926/3351/2534 961/3352/2534 1030/3353/2534
f 1405/3327/2535 1301/3354/2535 1317/3355/2535 1424/3356/2535
f 1138/3357/2536 1097/3358/2536 1033/3359/2536 1075/3360/2536
f 2120/1796/2537 2234/156/2537 2170/3361/2537 2064/1797/2537
f 3108/2606/2538 3197/2475/2538 3193/2073/2538 3111/2459/2538
f 1472/2008/2539 1347/3362/2539 1316/3363/2539 1425/2009/2539
f 1600/539/2540 1530/538/2540 1607/3364/2540 1643/3365/2540
f 1947/3366/2541 1969/3367/2541 2017/2832/2541 1981/3330/2541
f 1677/3368/2542 1655/3369/2542 1861/3370/2542 1863/3371/2542
f 1518/3054/2543 1365/2855/2543 1361/2858/2543 1512/3055/2543
f 1300/531/2544 1222/3372/2544 1215/3373/2544 1290/532/2544
f 2307/3374/2545 2377/3375/2545 2401/3376/2545 2323/3377/2545
f 1317/3355/2546 1247/3378/2546 1274/3379/2546 1348/3380/2546
f 1388/3381/2547 1298/3382/2547 1275/3383/2547 1347/3362/2547
f 1452/3384/2548 1351/3385/2548 1298/3382/2548 1388/3381/2548
f 2092/2835/2549 2184/2834/2549 2272/3386/2549 2171/545/2549
f 2322/3387/2550 2400/3388/2550 2376/2257/2550 2306/2256/2550
f 2323/3377/2551 2401/3376/2551 2408/3389/2551 2333/3390/2551
f 1290/532/2552 1215/3373/2552 1211/3391/2552 1286/3392/2552
f 1210/3393/2553 1125/3394/2553 1135/3395/2553 1214/3396/2553
f 1214/3396/2554 1135/3395/2554 1153/3397/2554 1223/3398/2554
f 1246/3399/2555 1178/3400/2555 1152/3401/2555 1222/3372/2555
f 1275/3383/2556 1204/3402/2556 1178/3400/2556 1246/3399/2556
f 1274/3379/2557 1205/3403/2557 1239/3404/2557 1299/3405/2557
f 1299/3405/2558 1239/3404/2558 1285/3406/2558 1352/3407/2558
f 1352/3407/2559 1285/3406/2559 1354/3408/2559 1438/3409/2559
f 1438/3409/2560 1354/3408/2560 1485/3410/2560 1551/3411/2560
f 1551/3411/2561 1485/3410/2561 1625/3412/2561 1647/3413/2561
f 1215/3373/2562 1134/3414/2562 1124/3415/2562 1211/3391/2562
f 1854/3416/2563 1851/3417/2563 1596/3418/2563 1624/3419/2563
f 2233/3322/2564 2333/3390/2564 2337/3420/2564 2236/3323/2564
f 1484/3421/2565 1410/3422/2565 1296/3423/2565 1353/3424/2565
f 1353/3424/2566 1296/3423/2566 1228/3425/2566 1284/3426/2566
f 1284/3426/2567 1228/3425/2567 1186/3427/2567 1238/3428/2567
f 2593/386/2568 2662/3429/2568 2607/3430/2568 2551/387/2568
f 2270/3431/2569 2327/3432/2569 2395/3433/2569 2339/3434/2569
f 1153/3397/2570 1074/3435/2570 1092/3436/2570 1179/3437/2570
f 1624/3419/2571 1596/3418/2571 1410/3422/2571 1484/3421/2571
f 1134/3414/2572 1063/3438/2572 1053/3439/2572 1124/3415/2572
f 1851/3417/2573 1848/3440/2573 1570/3441/2573 1596/3418/2573
f 1596/3418/2574 1570/3441/2574 1359/3442/2574 1410/3422/2574
f 1074/3435/2575 992/3350/2575 1030/3353/2575 1092/3436/2575
f 1130/3443/2576 1071/3444/2576 1029/3445/2576 1091/3446/2576
f 2437/3447/2577 2511/3448/2577 2552/3449/2577 2493/3450/2577
f 1228/3425/2578 1190/3451/2578 1112/3452/2578 1186/3427/2578
f 1296/3423/2579 1256/3453/2579 1190/3451/2579 1228/3425/2579
f 2532/3454/2580 2594/3455/2580 2632/3456/2580 2550/3457/2580
f 2550/3457/2581 2632/3456/2581 2654/3458/2581 2560/3459/2581
f 1063/3438/2582 969/3460/2582 967/3461/2582 1053/3439/2582
f 968/3462/2583 897/3463/2583 903/3464/2583 970/3465/2583
f 2053/2854/2584 2091/2853/2584 2309/3466/2584 2264/3467/2584
f 2264/3467/2585 2309/3466/2585 2404/3468/2585 2367/3469/2585
f 1256/3453/2586 1219/3470/2586 1138/3357/2586 1190/3451/2586
f 1190/3451/2587 1138/3357/2587 1075/3360/2587 1112/3452/2587
f 1112/3452/2588 1075/3360/2588 1015/3471/2588 1071/3444/2588
f 1191/661/2589 1139/660/2589 1218/3472/2589 1257/3473/2589
f 1029/3445/2590 962/3474/2590 925/3475/2590 991/3476/2590
f 1570/3441/2591 1532/3477/2591 1314/3478/2591 1359/3442/2591
f 2849/3479/2592 2925/3480/2592 2906/3481/2592 2840/3482/2592
f 1847/2852/2593 1833/3483/2593 2119/3484/2593 2091/2853/2593
f 903/3464/2594 836/2364/2594 864/2367/2594 926/3351/2594
f 2661/3485/2595 2714/3486/2595 2760/3487/2595 2698/3488/2595
f 961/3352/2596 910/3489/2596 966/3490/2596 1016/3491/2596
f 2485/3492/2597 2526/3493/2597 2590/3494/2597 2548/3495/2597
f 1075/3360/2598 1033/3359/2598 965/2155/2598 1015/3471/2598
f 2578/159/2599 2580/389/2599 2680/390/2599 2678/376/2599
f 1218/3472/2600 1201/398/2600 1293/401/2600 1315/3496/2600
f 2091/2853/2601 2119/3484/2601 2331/3497/2601 2309/3466/2601
f 897/3463/2602 828/3498/2602 836/2364/2602 903/3464/2602
f 828/3498/2603 779/3499/2603 789/2365/2603 836/2364/2603
f 863/3500/2604 826/2285/2604 790/3501/2604 835/3502/2604
f 864/2367/2605 825/2366/2605 873/3503/2605 910/3489/2605
f 910/3489/2606 873/3503/2606 933/3504/2606 966/3490/2606
f 1097/3358/2607 1088/3505/2607 1000/3506/2607 1033/3359/2607
f 29/1447/2608 39/1752/2608 51/1755/2608 43/2215/2608
f 1098/3507/2609 1087/3508/2609 1182/399/2609 1201/398/2609
f 909/2158/2610 874/2157/2610 826/2285/2610 863/3500/2610
f 89/2347/2611 111/3509/2611 91/2359/2611 70/2346/2611
f 1505/3510/2612 1495/3511/2612 1826/3512/2612 1924/3513/2612
f 1824/3514/2613 1814/3515/2613 1486/3516/2613 1494/3517/2613
f 789/3518/2614 776/3519/2614 802/3520/2614 825/3521/2614
f 2749/3522/2615 2766/3523/2615 2822/3524/2615 2797/3525/2615
f 1183/3526/2616 1176/3527/2616 1079/3528/2616 1088/3505/2616
f 933/2006/2617 920/2005/2617 986/3529/2617 999/3530/2617
f 1000/3506/2618 985/3531/2618 919/3532/2618 934/2156/2618
f 1087/3533/2619 1080/3534/2619 1177/3535/2619 1182/3536/2619
f 2341/2612/2620 2345/2611/2620 2447/3537/2620 2440/3538/2620
f 1990/3282/2621 2008/3281/2621 2032/3280/2621 2012/3279/2621
f 2833/3539/2622 2848/3540/2622 2858/3541/2622 2843/3542/2622
f 1940/3543/2623 1946/3544/2623 1862/3545/2623 1730/3546/2623
f 1941/3547/2624 1947/3366/2624 1981/3330/2624 1967/3329/2624
f 2083/3338/2625 2198/3337/2625 2219/3548/2625 2103/3549/2625
f 2913/3550/2626 2951/3551/2626 2992/3552/2626 2975/3553/2626
f 1589/3554/2627 1503/3555/2627 1559/536/2627 1613/3556/2627
f 725/667/2628 715/252/2628 657/586/2628 677/552/2628
f 2010/1798/2629 2064/1797/2629 2023/3557/2629 1986/3558/2629
f 1637/3559/2630 1600/539/2630 1643/3365/2630 1657/3560/2630
f 2103/3549/2631 2219/3548/2631 2233/3322/2631 2117/3321/2631
f 2124/3561/2632 2236/3562/2632 2232/3563/2632 2116/3564/2632
f 1863/3565/2633 1860/3566/2633 1969/3367/2633 1947/3366/2633
f 2232/3563/2634 2332/3567/2634 2322/3387/2634 2218/3568/2634
f 1981/3330/2635 2017/2832/2635 2092/2835/2635 2022/3331/2635
f 2022/3331/2636 2092/2835/2636 2171/545/2636 2065/544/2636
f 1473/3569/2637 1348/3380/2637 1389/3570/2637 1503/3555/2637
f 1558/3571/2638 1452/3384/2638 1388/3381/2638 1502/3572/2638
f 2151/3335/2639 2276/3573/2639 2307/3374/2639 2198/3337/2639
f 2198/3337/2640 2307/3374/2640 2323/3377/2640 2219/3548/2640
f 1643/3365/2641 1607/3364/2641 1655/3369/2641 1677/3368/2641
f 1387/3574/2642 1287/3575/2642 1291/3576/2642 1391/3326/2642
f 1287/3575/2643 1210/3393/2643 1214/3396/2643 1291/3576/2643
f 1607/3364/2644 1551/3411/2644 1647/3413/2644 1655/3369/2644
f 2093/3577/2645 2185/3578/2645 2072/3579/2645 2016/3580/2645
f 2324/155/2646 2384/3581/2646 2338/3582/2646 2271/3583/2646
f 2171/545/2647 2272/3386/2647 2325/3584/2647 2235/546/2647
f 1348/3380/2648 1274/3379/2648 1299/3405/2648 1389/3570/2648
f 2170/3361/2649 2271/3583/2649 2185/3578/2649 2093/3577/2649
f 1301/3354/2650 1223/3398/2650 1247/3378/2650 1317/3355/2650
f 1291/3576/2651 1214/3396/2651 1223/3398/2651 1301/3354/2651
f 1860/3566/2652 1857/3585/2652 1977/3586/2652 1969/3367/2652
f 2408/3389/2653 2489/3587/2653 2499/3588/2653 2412/3589/2653
f 2072/3579/2654 2138/653/2654 1998/656/2654 1976/395/2654
f 2073/2833/2655 2139/3590/2655 2270/3431/2655 2184/2834/2655
f 2184/2834/2656 2270/3431/2656 2339/3434/2656 2272/3386/2656
f 2272/3386/2657 2339/3434/2657 2385/3591/2657 2325/3584/2657
f 2325/3584/2658 2385/3591/2658 2419/3592/2658 2348/3593/2658
f 2348/3593/2659 2419/3592/2659 2445/3594/2659 2377/3375/2659
f 2213/3595/2660 2264/3467/2660 2367/3469/2660 2327/3432/2660
f 1073/3596/2661 991/3476/2661 969/3460/2661 1063/3438/2661
f 2413/3597/2662 2498/3598/2662 2488/3599/2662 2409/3600/2662
f 1855/3601/2663 1852/3602/2663 2027/3603/2663 1999/3604/2663
f 1135/3395/2664 1064/3605/2664 1074/3435/2664 1153/3397/2664
f 2721/3606/2665 2808/3607/2665 2756/3608/2665 2681/3609/2665
f 1285/3406/2666 1229/3610/2666 1297/3611/2666 1354/3408/2666
f 1238/3428/2667 1186/3427/2667 1130/3443/2667 1204/3402/2667
f 1205/3403/2668 1131/3612/2668 1187/3613/2668 1239/3404/2668
f 1179/3437/2669 1092/3436/2669 1131/3612/2669 1205/3403/2669
f 1354/3408/2670 1297/3611/2670 1411/3614/2670 1485/3410/2670
f 1999/3604/2671 2027/3603/2671 2213/3595/2671 2139/3590/2671
f 2745/3615/2672 2839/3616/2672 2850/3617/2672 2758/3618/2672
f 1054/3619/2673 968/3462/2673 970/3465/2673 1064/3605/2673
f 1064/3605/2674 970/3465/2674 992/3350/2674 1074/3435/2674
f 2549/3620/2675 2631/3621/2675 2593/386/2675 2531/385/2675
f 2327/3432/2676 2367/3469/2676 2433/3622/2676 2395/3433/2676
f 2385/3591/2677 2437/3447/2677 2493/3450/2677 2419/3592/2677
f 2436/3623/2678 2510/3624/2678 2432/3625/2678 2394/3626/2678
f 1229/3610/2679 1191/661/2679 1257/3473/2679 1297/3611/2679
f 2698/3488/2680 2760/3487/2680 2788/3627/2680 2719/3628/2680
f 1411/3614/2681 1360/3629/2681 1571/3630/2681 1597/3631/2681
f 2560/3459/2682 2654/3458/2682 2656/3632/2682 2570/3633/2682
f 2655/3634/2683 2726/3635/2683 2720/3636/2683 2653/3637/2683
f 2653/3637/2684 2720/3636/2684 2697/3638/2684 2631/3621/2684
f 2366/3639/2685 2405/3640/2685 2308/3202/2685 2263/3201/2685
f 1071/3444/2686 1015/3471/2686 962/3474/2686 1029/3445/2686
f 2510/3624/2687 2547/3641/2687 2484/3642/2687 2432/3625/2687
f 2511/3448/2688 2548/3495/2688 2608/3643/2688 2552/3449/2688
f 2432/3625/2689 2484/3642/2689 2405/3640/2689 2366/3639/2689
f 2631/3621/2690 2697/3638/2690 2662/3429/2690 2593/386/2690
f 1360/3629/2691 1315/3496/2691 1533/3644/2691 1571/3630/2691
f 1571/3630/2692 1533/3644/2692 1920/3645/2692 1899/3646/2692
f 463/1985/2693 386/2057/2693 379/2052/2693 465/1986/2693
f 2720/3636/2694 2787/666/2694 2759/3647/2694 2697/3638/2694
f 1131/3612/2695 1072/3648/2695 1113/658/2695 1187/3613/2695
f 1139/660/2696 1098/3507/2696 1201/398/2696 1218/3472/2696
f 2607/3430/2697 2657/3649/2697 2589/3650/2697 2547/3641/2697
f 2662/3429/2698 2713/3651/2698 2657/3649/2698 2607/3430/2698
f 2608/3643/2699 2658/3652/2699 2714/3486/2699 2661/3485/2699
f 2405/3640/2700 2422/3653/2700 2330/3654/2700 2308/3202/2700
f 1315/3496/2701 1293/401/2701 1505/3510/2701 1533/3644/2701
f 2090/3203/2702 2118/3655/2702 1700/3656/2702 1719/3657/2702
f 835/3502/2703 790/3501/2703 780/3658/2703 827/3659/2703
f 1293/401/2704 1283/400/2704 1495/3511/2704 1505/3510/2704
f 2759/3647/2705 2798/3660/2705 2750/3661/2705 2713/3651/2705
f 1656/3343/2706 1642/3342/2706 1601/3662/2706 1636/3663/2706
f 1034/3664/2707 999/3665/2707 1087/3508/2707 1098/3507/2707
f 2590/3494/2708 2623/3666/2708 2689/3667/2708 2658/3652/2708
f 2658/3652/2709 2689/3667/2709 2749/3522/2709 2714/3486/2709
f 2714/3486/2710 2749/3522/2710 2797/3525/2710 2760/3487/2710
f 2760/3487/2711 2797/3525/2711 2833/3539/2711 2788/3627/2711
f 2788/3627/2712 2833/3539/2712 2843/3542/2712 2796/3668/2712
f 779/3499/2713 766/3669/2713 776/3670/2713 789/2365/2713
f 2834/665/2714 2847/3671/2714 2821/3672/2714 2798/3660/2714
f 3354/2521/2715 3378/2542/2715 3372/2530/2715 3350/2522/2715
f 2440/3538/2716 2447/3537/2716 2544/3673/2716 2535/3674/2716
f 2535/3674/2717 2544/3673/2717 2638/3675/2717 2623/3666/2717
f 999/3530/2718 986/3529/2718 1080/3534/2718 1087/3533/2718
f 2689/3667/2719 2704/3676/2719 2766/3523/2719 2749/3522/2719
f 825/3521/2720 802/3520/2720 858/2004/2720 873/2003/2720
f 1283/400/2721 1279/3677/2721 1487/3678/2721 1495/3511/2721
f 1495/3511/2722 1487/3678/2722 1914/3679/2722 1826/3512/2722
f 881/522/2723 871/191/2723 793/372/2723 799/114/2723
f 1520/3339/2724 1404/530/2724 1390/533/2724 1506/3344/2724
f 81/3680/2725 88/2227/2725 109/1590/2725 99/2219/2725
f 2082/3681/2726 2199/3682/2726 2150/3683/2726 2058/3684/2726
f 1588/3685/2727 1502/3572/2727 1472/2008/2727 1564/2007/2727
f 2058/3684/2728 2150/3683/2728 2120/1796/2728 2034/1795/2728
f 1541/3686/2729 1424/3356/2729 1473/3569/2729 1565/3687/2729
f 2102/3688/2730 2218/3568/2730 2199/3682/2730 2082/3681/2730
f 1966/3689/2731 1980/3690/2731 1946/3544/2731 1940/3543/2731
f 1867/3691/2732 1863/3565/2732 1947/3366/2732 1941/3547/2732
f 2236/3562/2733 2336/3692/2733 2332/3567/2733 2232/3563/2733
f 1676/3341/2734 1654/3349/2734 1606/3693/2734 1642/3342/2734
f 1425/2009/2735 1316/3363/2735 1300/531/2735 1404/530/2735
f 2199/3682/2736 2306/2256/2736 2275/153/2736 2150/3683/2736
f 1503/3555/2737 1389/3570/2737 1453/537/2737 1559/536/2737
f 2150/3683/2738 2275/153/2738 2234/156/2738 2120/1796/2738
f 2064/1797/2739 2170/3361/2739 2093/3577/2739 2023/3557/2739
f 871/191/2740 861/190/2740 787/669/2740 793/372/2740
f 2219/3548/2741 2323/3377/2741 2333/3390/2741 2233/3322/2741
f 1390/533/2742 1290/532/2742 1286/3392/2742 1387/3345/2742
f 1655/3369/2743 1647/3413/2743 1891/3694/2743 1861/3370/2743
f 2097/3198/2744 2250/3071/2744 2258/3066/2744 2105/3065/2744
f 2681/3609/2745 2756/3608/2745 2696/3695/2745 2639/3696/2745
f 2276/3573/2746 2348/3593/2746 2377/3375/2746 2307/3374/2746
f 2235/546/2747 2325/3584/2747 2348/3593/2747 2276/3573/2747
f 2218/3568/2748 2322/3387/2748 2306/2256/2748 2199/3682/2748
f 1531/3697/2749 1439/3698/2749 1351/3385/2749 1452/3384/2749
f 1606/3693/2750 1550/3699/2750 1439/3698/2750 1531/3697/2750
f 2016/3580/2751 2072/3579/2751 1976/395/2751 1968/394/2751
f 2336/3692/2752 2413/3597/2752 2409/3600/2752 2332/3567/2752
f 1647/3413/2753 1625/3412/2753 1901/3700/2753 1891/3694/2753
f 2401/3376/2754 2471/3701/2754 2489/3587/2754 2408/3389/2754
f 2400/3388/2755 2470/3702/2755 2444/3703/2755 2376/2257/2755
f 2376/2257/2756 2444/3703/2756 2418/3704/2756 2349/154/2756
f 2697/3638/2757 2759/3647/2757 2713/3651/2757 2662/3429/2757
f 1298/3382/2758 1238/3428/2758 1204/3402/2758 1275/3383/2758
f 1247/3378/2759 1179/3437/2759 1205/3403/2759 1274/3379/2759
f 2377/3375/2760 2445/3594/2760 2471/3701/2760 2401/3376/2760
f 2409/3600/2761 2488/3599/2761 2470/3702/2761 2400/3388/2761
f 1856/3705/2762 1854/3416/2762 1624/3419/2762 1646/3706/2762
f 1625/3412/2763 1597/3631/2763 1853/3707/2763 1901/3700/2763
f 1485/3410/2764 1411/3614/2764 1597/3631/2764 1625/3412/2764
f 2445/3594/2765 2532/3454/2765 2550/3457/2765 2471/3701/2765
f 2419/3592/2766 2493/3450/2766 2532/3454/2766 2445/3594/2766
f 2339/3434/2767 2395/3433/2767 2437/3447/2767 2385/3591/2767
f 2384/3581/2768 2436/3623/2768 2394/3626/2768 2338/3582/2768
f 2338/3582/2769 2394/3626/2769 2326/3708/2769 2269/3709/2769
f 2139/3590/2770 2213/3595/2770 2327/3432/2770 2270/3431/2770
f 1152/3401/2771 1073/3596/2771 1063/3438/2771 1134/3414/2771
f 2489/3587/2772 2560/3459/2772 2570/3633/2772 2499/3588/2772
f 1852/3602/2773 1849/2851/2773 2053/2854/2773 2027/3603/2773
f 2935/356/2774 2947/199/2774 2929/202/2774 2911/357/2774
f 1297/3611/2775 1257/3473/2775 1360/3629/2775 1411/3614/2775
f 1204/3402/2776 1130/3443/2776 1091/3446/2776 1178/3400/2776
f 1187/3613/2777 1113/658/2777 1191/661/2777 1229/3610/2777
f 2395/3433/2778 2433/3622/2778 2511/3448/2778 2437/3447/2778
f 2493/3450/2779 2552/3449/2779 2594/3455/2779 2532/3454/2779
f 2326/3708/2780 2366/3639/2780 2263/3201/2780 2212/654/2780
f 2212/654/2781 2263/3201/2781 2052/3204/2781 2026/655/2781
f 2026/655/2782 2052/3204/2782 1726/3710/2782 1850/3711/2782
f 969/3460/2783 904/3712/2783 898/3713/2783 967/3461/2783
f 991/3476/2784 925/3475/2784 904/3712/2784 969/3460/2784
f 1257/3473/2785 1218/3472/2785 1315/3496/2785 1360/3629/2785
f 2552/3449/2786 2608/3643/2786 2661/3485/2786 2594/3455/2786
f 2537/3714/2787 2566/3715/2787 2668/3716/2787 2625/3717/2787
f 2433/3622/2788 2485/3492/2788 2548/3495/2788 2511/3448/2788
f 2367/3469/2789 2404/3468/2789 2485/3492/2789 2433/3622/2789
f 2594/3455/2790 2661/3485/2790 2698/3488/2790 2632/3456/2790
f 2632/3456/2791 2698/3488/2791 2719/3628/2791 2654/3458/2791
f 2654/3458/2792 2719/3628/2792 2725/3718/2792 2656/3632/2792
f 1533/3644/2793 1505/3510/2793 1924/3513/2793 1920/3645/2793
f 1178/3400/2794 1091/3446/2794 1073/3596/2794 1152/3401/2794
f 962/3474/2795 909/2158/2795 863/3500/2795 925/3475/2795
f 1015/3471/2796 965/2155/2796 909/2158/2796 962/3474/2796
f 1076/659/2797 1034/3664/2797 1098/3507/2797 1139/660/2797
f 2548/3495/2798 2590/3494/2798 2658/3652/2798 2608/3643/2798
f 2404/3468/2799 2423/3719/2799 2526/3493/2799 2485/3492/2799
f 2309/3466/2800 2331/3497/2800 2423/3719/2800 2404/3468/2800
f 2308/3202/2801 2330/3654/2801 2118/3655/2801 2090/3203/2801
f 2726/3635/2802 2795/663/2802 2787/666/2802 2720/3636/2802
f 1833/3483/2803 1827/3317/2803 2129/2609/2803 2119/3484/2803
f 2787/666/2804 2834/665/2804 2798/3660/2804 2759/3647/2804
f 51/1755/2805 72/1754/2805 90/2229/2805 71/2220/2805
f 2525/3720/2806 2536/3113/2806 2441/3721/2806 2422/3653/2806
f 2526/3493/2807 2535/3674/2807 2623/3666/2807 2590/3494/2807
f 1033/3359/2808 1000/3506/2808 934/2156/2808 965/2155/2808
f 2423/3719/2809 2440/3538/2809 2535/3674/2809 2526/3493/2809
f 2422/3653/2810 2441/3721/2810 2340/3722/2810 2330/3654/2810
f 2119/3484/2811 2129/2609/2811 2341/2612/2811 2331/3497/2811
f 2817/3723/2812 2851/3724/2812 2913/3550/2812 2868/3725/2812
f 2128/3726/2813 2136/3727/2813 1713/3728/2813 1825/3729/2813
f 2797/3525/2814 2822/3524/2814 2848/3540/2814 2833/3539/2814
f 2798/3660/2815 2821/3672/2815 2765/3730/2815 2750/3661/2815
f 2750/3661/2816 2765/3730/2816 2703/3731/2816 2690/3732/2816
f 170/1748/2817 150/1983/2817 143/2059/2817 167/1988/2817
f 2623/3666/2818 2638/3675/2818 2704/3676/2818 2689/3667/2818
f 934/2156/2819 919/3532/2819 857/2283/2819 874/2157/2819
f 2441/3721/2820 2446/3733/2820 2344/3734/2820 2340/3722/2820
f 2340/3722/2821 2344/3734/2821 2136/3727/2821 2128/3726/2821
f 2355/99/2822 2361/152/2822 2479/157/2822 2472/85/2822
f 1864/3735/2823 1862/3347/2823 1676/3341/2823 1682/3340/2823
f 2116/3564/2824 2232/3563/2824 2218/3568/2824 2102/3688/2824
f 1521/3328/2825 1405/3327/2825 1424/3356/2825 1541/3686/2825
f 1636/3663/2826 1601/3662/2826 1558/3571/2826 1612/3736/2826
f 1612/3736/2827 1558/3571/2827 1502/3572/2827 1588/3685/2827
f 1565/3687/2828 1473/3569/2828 1503/3555/2828 1589/3554/2828
f 1613/3556/2829 1559/536/2829 1600/539/2829 1637/3559/2829
f 1986/3558/2830 2023/3557/2830 1980/3690/2830 1966/3689/2830
f 108/2369/2831 142/2011/2831 111/2014/2831 89/3737/2831
f 1499/3738/2832 1387/3574/2832 1391/3326/2832 1507/3325/2832
f 1305/3739/2833 1281/3740/2833 1492/3741/2833 1525/3742/2833
f 1391/3326/2834 1291/3576/2834 1301/3354/2834 1405/3327/2834
f 2023/3557/2835 2093/3577/2835 2016/3580/2835 1980/3690/2835
f 1424/3356/2836 1317/3355/2836 1348/3380/2836 1473/3569/2836
f 2121/547/2837 2235/546/2837 2276/3573/2837 2151/3335/2837
f 1502/3572/2838 1388/3381/2838 1347/3362/2838 1472/2008/2838
f 1601/3662/2839 1531/3697/2839 1452/3384/2839 1558/3571/2839
f 1642/3342/2840 1606/3693/2840 1531/3697/2840 1601/3662/2840
f 1980/3690/2841 2016/3580/2841 1968/394/2841 1946/3544/2841
f 1946/3544/2842 1968/394/2842 1858/397/2842 1862/3545/2842
f 2333/3390/2843 2408/3389/2843 2412/3589/2843 2337/3420/2843
f 1654/3349/2844 1646/3706/2844 1550/3699/2844 1606/3693/2844
f 1530/538/2845 1438/3409/2845 1551/3411/2845 1607/3364/2845
f 1453/537/2846 1352/3407/2846 1438/3409/2846 1530/538/2846
f 1389/3570/2847 1299/3405/2847 1352/3407/2847 1453/537/2847
f 2234/156/2848 2324/155/2848 2271/3583/2848 2170/3361/2848
f 1347/3362/2849 1275/3383/2849 1246/3399/2849 1316/3363/2849
f 1316/3363/2850 1246/3399/2850 1222/3372/2850 1300/531/2850
f 2332/3567/2851 2409/3600/2851 2400/3388/2851 2322/3387/2851
f 1859/3348/2852 1856/3705/2852 1646/3706/2852 1654/3349/2852
f 1976/395/2853 1998/656/2853 1722/3743/2853 1729/396/2853
f 1646/3706/2854 1624/3419/2854 1484/3421/2854 1550/3699/2854
f 2185/3578/2855 2269/3709/2855 2138/653/2855 2072/3579/2855
f 2271/3583/2856 2338/3582/2856 2269/3709/2856 2185/3578/2856
f 2349/154/2857 2418/3704/2857 2384/3581/2857 2324/155/2857
f 1351/3385/2858 1284/3426/2858 1238/3428/2858 1298/3382/2858
f 2639/3696/2859 2696/3695/2859 2626/3744/2859 2557/3745/2859
f 1223/3398/2860 1153/3397/2860 1179/3437/2860 1247/3378/2860
f 1222/3372/2861 1152/3401/2861 1134/3414/2861 1215/3373/2861
f 2569/3746/2862 2655/3634/2862 2653/3637/2862 2559/3747/2862
f 1125/3394/2863 1054/3619/2863 1064/3605/2863 1135/3395/2863
f 2471/3701/2864 2550/3457/2864 2560/3459/2864 2489/3587/2864
f 2269/3709/2865 2326/3708/2865 2212/654/2865 2138/653/2865
f 2502/3748/2866 2557/3745/2866 2505/3749/2866 2426/3750/2866
f 1239/3404/2867 1187/3613/2867 1229/3610/2867 1285/3406/2867
f 2418/3704/2868 2492/388/2868 2436/3623/2868 2384/3581/2868
f 2444/3703/2869 2531/385/2869 2492/388/2869 2418/3704/2869
f 2470/3702/2870 2549/3620/2870 2531/385/2870 2444/3703/2870
f 2488/3599/2871 2559/3747/2871 2549/3620/2871 2470/3702/2871
f 1998/656/2872 2026/655/2872 1850/3711/2872 1722/3743/2872
f 1597/3631/2873 1571/3630/2873 1899/3646/2873 1853/3707/2873
f 2559/3747/2874 2653/3637/2874 2631/3621/2874 2549/3620/2874
f 1410/3422/2875 1359/3442/2875 1256/3453/2875 1296/3423/2875
f 1092/3436/2876 1030/3353/2876 1072/3648/2876 1131/3612/2876
f 2492/388/2877 2551/387/2877 2510/3624/2877 2436/3623/2877
f 1186/3427/2878 1112/3452/2878 1071/3444/2878 1130/3443/2878
f 2394/3626/2879 2432/3625/2879 2366/3639/2879 2326/3708/2879
f 1091/3446/2880 1029/3445/2880 991/3476/2880 1073/3596/2880
f 2027/3603/2881 2053/2854/2881 2264/3467/2881 2213/3595/2881
f 2498/3598/2882 2569/3746/2882 2559/3747/2882 2488/3599/2882
f 1848/3440/2883 1846/3751/2883 1532/3477/2883 1570/3441/2883
f 970/3465/2884 903/3464/2884 926/3351/2884 992/3350/2884
f 1081/3752/2885 983/3753/2885 941/3754/2885 1040/3755/2885
f 1030/3353/2886 961/3352/2886 1016/3491/2886 1072/3648/2886
f 2551/387/2887 2607/3430/2887 2547/3641/2887 2510/3624/2887
f 1072/3648/2888 1016/3491/2888 1076/659/2888 1113/658/2888
f 1181/3756/2889 1149/3757/2889 1057/3758/2889 1086/3759/2889
f 1359/3442/2890 1314/3478/2890 1219/3470/2890 1256/3453/2890
f 1281/3740/2891 1267/3760/2891 1467/3761/2891 1492/3741/2891
f 2052/3204/2892 2090/3203/2892 1719/3657/2892 1726/3710/2892
f 2719/3628/2893 2788/3627/2893 2796/3668/2893 2725/3718/2893
f 1532/3477/2894 1504/3762/2894 1292/3763/2894 1314/3478/2894
f 1314/3478/2895 1292/3763/2895 1200/3764/2895 1219/3470/2895
f 2484/3642/2896 2525/3720/2896 2422/3653/2896 2405/3640/2896
f 1016/3491/2897 966/3490/2897 1034/3664/2897 1076/659/2897
f 2547/3641/2898 2589/3650/2898 2525/3720/2898 2484/3642/2898
f 1219/3470/2899 1200/3764/2899 1097/3358/2899 1138/3357/2899
f 926/3351/2900 864/2367/2900 910/3489/2900 961/3352/2900
f 925/3475/2901 863/3500/2901 835/3502/2901 904/3712/2901
f 1846/3751/2902 1832/3765/2902 1504/3762/2902 1532/3477/2902
f 1832/3765/2903 1824/3514/2903 1494/3517/2903 1504/3762/2903
f 2330/3654/2904 2340/3722/2904 2128/3726/2904 2118/3655/2904
f 1292/3763/2905 1282/3766/2905 1183/3526/2905 1200/3764/2905
f 1200/3764/2906 1183/3526/2906 1088/3505/2906 1097/3358/2906
f 2657/3649/2907 2690/3732/2907 2624/3110/2907 2589/3650/2907
f 2589/3650/2908 2624/3110/2908 2536/3113/2908 2525/3720/2908
f 2713/3651/2909 2750/3661/2909 2690/3732/2909 2657/3649/2909
f 2331/3497/2910 2341/2612/2910 2440/3538/2910 2423/3719/2910
f 1504/3762/2911 1494/3517/2911 1282/3766/2911 1292/3763/2911
f 2118/3655/2912 2128/3726/2912 1825/3729/2912 1700/3656/2912
f 2844/664/2913 2857/3767/2913 2847/3671/2913 2834/665/2913
f 1494/3517/2914 1486/3516/2914 1278/3768/2914 1282/3766/2914
f 1282/3766/2915 1278/3768/2915 1176/3527/2915 1183/3526/2915
f 2536/3113/2916 2543/3112/2916 2446/3733/2916 2441/3721/2916
f 2690/3732/2917 2703/3731/2917 2637/3111/2917 2624/3110/2917
f 1088/3505/2918 1079/3528/2918 985/3531/2918 1000/3506/2918
f 1377/3096/2919 1408/3769/2919 1381/3298/2919 1341/3222/2919
f 1182/3536/2920 1177/3535/2920 1279/3770/2920 1283/3771/2920
f 826/2285/2921 801/2284/2921 775/3772/2921 790/3501/2921
f 790/3501/2922 775/3772/2922 765/3773/2922 780/3658/2922
f 1735/3774/2923 2334/3775/2923 2329/3776/2923
f 1735/3774/2924 2329/3776/2924 2321/3777/2924
f 1735/3774/2925 2321/3777/2925 2305/3778/2925
f 1735/3774/2926 2305/3778/2926 2274/3779/2926
f 1735/3774/2927 2274/3779/2927 2231/3780/2927
f 1735/3774/2928 2231/3780/2928 2167/3781/2928
f 1735/3774/2929 2167/3781/2929 2089/3782/2929
f 1735/3774/2930 2089/3782/2930 2014/3783/2930
f 1735/3774/2931 2014/3783/2931 1962/3784/2931
f 1735/3774/2932 1962/3784/2932 1733/3785/2932
f 1736/3786/2933 1738/3787/2933 2005/3788/2933 1963/3789/2933
f 1609/3790/2934 1475/3791/2934 1619/3792/2934 1661/3793/2934
f 2089/3782/2935 2292/3794/2935 2148/3795/2935 2014/3783/2935
f 2273/3796/2936 2428/3797/2936 2457/3798/2936 2304/3799/2936
f 1393/3800/2937 1225/3801/2937 1195/3802/2937 1350/3803/2937
f 1349/3804/2938 1194/3805/2938 1224/3806/2938 1392/3807/2938
f 2088/3808/2939 2291/2382/2939 2346/3809/2939 2166/3810/2939
f 1319/3811/2940 1166/3812/2940 1129/3813/2940 1303/3814/2940
f 1303/3814/2941 1129/3813/2941 1109/3815/2941 1295/3816/2941
f 1295/3816/2942 1109/3815/2942 1099/3817/2942 1288/3818/2942
f 1109/3815/2943 975/2405/2943 973/3819/2943 1099/3817/2943
f 1475/3791/2944 1368/3820/2944 1577/3821/2944 1619/3792/2944
f 1128/2056/2945 1002/2055/2945 1039/3822/2945 1167/3823/2945
f 1195/3802/2946 1081/3752/2946 1040/3755/2946 1166/3812/2946
f 1224/3806/2947 1121/3824/2947 1197/3825/2947 1276/3826/2947
f 1277/3827/2948 1196/3828/2948 1120/3829/2948 1225/3801/2948
f 2291/2382/2949 2353/2381/2949 2427/3830/2949 2346/3809/2949
f 2321/3777/2950 2495/3831/2950 2456/3832/2950 2305/3778/2950
f 2494/3833/2951 2622/3834/2951 2648/3835/2951 2514/3836/2951
f 1739/3837/2952 1741/3838/2952 1576/3839/2952 1618/3840/2952
f 975/2405/2953 878/2404/2953 865/3841/2953 973/3819/2953
f 2255/3842/2954 2318/3843/2954 2098/3844/2954 2046/3845/2954
f 1002/2055/2955 902/3846/2955 942/3847/2955 1039/3822/2955
f 1039/3822/2956 942/3847/2956 984/3848/2956 1082/3849/2956
f 2868/3725/2957 2913/3550/2957 2975/3553/2957 2905/3850/2957
f 1121/3824/2958 1066/3851/2958 1118/3852/2958 1197/3825/2958
f 1270/557/2959 1209/556/2959 1119/3853/2959 1196/3828/2959
f 1271/3854/2960 1208/3855/2960 1305/3739/2960 1368/3820/2960
f 2047/3856/2961 2099/3857/2961 2319/3858/2961 2256/2380/2961
f 1577/3821/2962 1525/3742/2962 1742/3859/2962 1903/3860/2962
f 1744/3861/2963 1747/3862/2963 1493/3863/2963 1524/3864/2963
f 2722/3865/2964 2807/3866/2964 2839/3616/2964 2745/3615/2964
f 2682/3867/2965 2755/3868/2965 2807/3866/2965 2722/3865/2965
f 2505/3749/2966 2538/3869/2966 2443/3870/2966 2415/3871/2966
f 2557/3745/2967 2626/3744/2967 2538/3869/2967 2505/3749/2967
f 1066/3851/2968 997/3872/2968 1085/3873/2968 1118/3852/2968
f 983/3753/2969 928/3874/2969 868/3875/2969 941/3754/2969
f 2319/3858/2970 2343/3876/2970 2442/3877/2970 2414/3878/2970
f 2099/3857/2971 2130/3879/2971 2343/3876/2971 2319/3858/2971
f 2757/3880/2972 2849/3479/2972 2840/3482/2972 2746/3881/2972
f 784/3882/2973 718/3883/2973 697/3884/2973 773/3885/2973
f 2905/3850/2974 2975/3553/2974 2986/3886/2974 2926/3887/2974
f 1280/3888/2975 1266/3889/2975 1149/3757/2975 1181/3756/2975
f 1439/3698/2976 1353/3424/2976 1284/3426/2976 1351/3385/2976
f 1086/3759/2977 1057/3758/2977 955/2360/2977 998/3890/2977
f 997/3872/2978 956/3891/2978 1058/3892/2978 1085/3873/2978
f 867/3893/2979 805/3894/2979 887/3895/2979 927/3896/2979
f 1180/3897/2980 1148/3898/2980 1267/3760/2980 1281/3740/2980
f 816/3899/2981 755/3900/2981 718/3883/2981 784/3882/2981
f 1857/3585/2982 1855/3601/2982 1999/3604/2982 1977/3586/2982
f 1749/3901/2983 1753/3902/2983 1446/3903/2983 1466/3904/2983
f 717/3905/2984 647/3906/2984 709/3907/2984 756/3908/2984
f 756/3908/2985 709/3907/2985 771/3909/2985 805/3894/2985
f 888/2363/2986 852/2362/2986 772/3910/2986 806/3911/2986
f 2667/3912/2987 2688/572/2987 2592/575/2987 2565/2460/2987
f 1057/3758/2988 1032/3913/2988 936/2361/2988 955/2360/2988
f 1058/3892/2989 1031/3914/2989 1126/3915/2989 1148/3898/2989
f 1148/3898/2990 1126/3915/2990 1251/3916/2990 1267/3760/2990
f 2906/3481/2991 2976/2396/2991 2914/2876/2991 2867/3917/2991
f 1748/3918/2992 1750/3919/2992 2177/3920/2992 2157/3921/2992
f 648/3922/2993 631/3923/2993 613/3924/2993 637/3925/2993
f 966/3490/2994 933/3504/2994 999/3665/2994 1034/3664/2994
f 1250/3926/2995 1242/3927/2995 1115/3928/2995 1127/3929/2995
f 771/3909/2996 749/3930/2996 829/3931/2996 851/3932/2996
f 2591/3933/2997 2603/3934/2997 2701/3935/2997 2687/3936/2997
f 936/2361/2998 922/3937/2998 830/3938/2998 852/2362/2998
f 1031/3914/2999 1019/137/2999 1114/140/2999 1126/3915/2999
f 709/3907/3000 671/3939/3000 749/3930/3000 771/3909/3000
f 710/3940/3001 672/3941/3001 631/3923/3001 648/3922/3001
f 1750/3919/3002 1754/3942/3002 2183/3943/3002 2177/3920/3002
f 3145/1525/3003 3123/1365/3003 3147/1539/3003 3161/1298/3003
f 2951/3551/3004 2968/3944/3004 3001/3945/3004 2992/3552/3004
f 671/3946/3005 656/3947/3005 744/3948/3005 749/3949/3005
f 295/469/3006 357/2233/3006 359/2236/3006 293/470/3006
f 829/3931/3007 824/3950/3007 916/3951/3007 921/3952/3007
f 1992/2958/3008 1974/3258/3008 1954/3152/3008 1970/2959/3008
f 2793/3953/3009 2800/1079/3009 2880/3954/3009 2873/3955/3009
f 2381/3956/3010 2383/3957/3010 2513/3958/3010 2508/3959/3010
f 2183/3943/3011 2189/3960/3011 2383/3957/3011 2381/3956/3011
f 2992/3552/3012 3001/3945/3012 3021/3961/3012 3010/3962/3012
f 622/3963/3013 619/3964/3013 601/3965/3013 602/3966/3013
f 2189/3960/3014 2195/3967/3014 2390/3968/3014 2383/3957/3014
f 656/3947/3015 650/3969/3015 734/3970/3015 744/3948/3015
f 744/3948/3016 734/3970/3016 818/3971/3016 824/3972/3016
f 824/3972/3017 818/3971/3017 912/3973/3017 916/3974/3017
f 2799/3309/3018 2804/3975/3018 2710/3976/3018 2707/3310/3018
f 823/3977/3019 821/3978/3019 736/3979/3019 743/3980/3019
f 743/3980/3020 736/3979/3020 652/3981/3020 655/3982/3020
f 655/3982/3021 652/3981/3021 619/3964/3021 622/3963/3021
f 1055/476/3022 1061/493/3022 959/57/3022 953/56/3022
f 1735/3983/3023 1737/3984/3023 1660/3985/3023
f 1735/3983/3024 1660/3985/3024 1608/3986/3024
f 1735/3983/3025 1608/3986/3025 1535/3987/3025
f 1735/3983/3026 1535/3987/3026 1457/3988/3026
f 1735/3983/3027 1457/3988/3027 1393/3800/3027
f 1735/3983/3028 1393/3800/3028 1350/3803/3028
f 1735/3983/3029 1350/3803/3029 1319/3811/3029
f 1735/3983/3030 1319/3811/3030 1303/3814/3030
f 1735/3983/3031 1303/3814/3031 1295/3816/3031
f 1735/3983/3032 1295/3816/3032 1288/3818/3032
f 1289/3989/3033 1099/3990/3033 1108/2053/3033 1294/3991/3033
f 1963/3789/3034 2005/3788/3034 2149/2379/3034 2015/3992/3034
f 1302/3993/3035 1128/2056/3035 1167/3823/3035 1318/3994/3035
f 1350/3803/3036 1195/3802/3036 1166/3812/3036 1319/3811/3036
f 2274/3779/3037 2429/3995/3037 2399/3996/3037 2231/3780/3037
f 1392/3807/3038 1224/3806/3038 1276/3826/3038 1456/3997/3038
f 2167/3781/3039 2347/3998/3039 2292/3794/3039 2089/3782/3039
f 1534/3999/3040 1331/4000/3040 1475/3791/3040 1609/3790/3040
f 1294/3991/3041 1108/2053/3041 1128/2056/3041 1302/3993/3041
f 1661/3793/3042 1619/3792/3042 1738/4001/3042 1889/4002/3042
f 1099/3990/3043 974/4003/3043 976/2054/3043 1108/2053/3043
f 1129/3813/3044 1001/2402/3044 975/2405/3044 1109/3815/3044
f 2495/3831/3045 2621/4004/3045 2584/4005/3045 2456/3832/3045
f 2428/3797/3046 2542/4006/3046 2583/4007/3046 2457/3798/3046
f 1457/3988/3047 1277/3827/3047 1225/3801/3047 1393/3800/3047
f 1194/3805/3048 1082/3849/3048 1121/3824/3048 1224/3806/3048
f 2305/3778/3049 2456/3832/3049 2429/3995/3049 2274/3779/3049
f 2457/3798/3050 2583/4007/3050 2622/3834/3050 2494/3833/3050
f 2329/3776/3051 2515/4008/3051 2495/3831/3051 2321/3777/3051
f 2004/4009/3052 2046/3845/3052 1702/4010/3052 1739/4011/3052
f 1740/4012/3053 1743/4013/3053 2099/3857/3053 2047/3856/3053
f 1368/3820/3054 1305/3739/3054 1525/3742/3054 1577/3821/3054
f 2621/4004/3055 2721/3606/3055 2681/3609/3055 2584/4005/3055
f 815/4014/3056 756/3908/3056 805/3894/3056 867/3893/3056
f 2427/3830/3057 2504/4015/3057 2558/4016/3057 2503/4017/3057
f 2503/4017/3058 2558/4016/3058 2640/4018/3058 2542/4006/3058
f 2542/4006/3059 2640/4018/3059 2682/3867/3059 2583/4007/3059
f 2352/4019/3060 2415/3871/3060 2318/3843/3060 2255/3842/3060
f 976/2054/3061 877/4020/3061 902/3846/3061 1002/2055/3061
f 974/4003/3062 866/4021/3062 877/4020/3062 976/2054/3062
f 866/4021/3063 774/4022/3063 783/4023/3063 877/4020/3063
f 901/2403/3064 816/3899/3064 784/3882/3064 878/2404/3064
f 2415/3871/3065 2443/3870/3065 2342/4024/3065 2318/3843/3065
f 1118/3852/3066 1085/3873/3066 1180/3897/3066 1208/3855/3066
f 2558/4016/3067 2625/3717/3067 2695/4025/3067 2640/4018/3067
f 984/3848/3068 927/3896/3068 997/3872/3068 1066/3851/3068
f 1209/556/3069 1181/3756/3069 1086/3759/3069 1119/3853/3069
f 1208/3855/3070 1180/3897/3070 1281/3740/3070 1305/3739/3070
f 475/2028/3071 366/2630/3071 364/2043/3071 477/2026/3071
f 1525/3742/3072 1492/3741/3072 1703/4026/3072 1742/3859/3072
f 1746/4027/3073 1748/3918/3073 2157/3921/3073 2130/3879/3073
f 2130/3879/3074 2157/3921/3074 2357/4028/3074 2343/3876/3074
f 2343/3876/3075 2357/4028/3075 2474/4029/3075 2442/3877/3075
f 2442/3877/3076 2474/4029/3076 2566/3715/3076 2537/3714/3076
f 2626/3744/3077 2667/3912/3077 2565/2460/3077 2538/3869/3077
f 2049/3288/3078 2201/3211/3078 2227/3082/3078 2077/3197/3078
f 2695/4025/3079 2735/4030/3079 2817/3723/3079 2755/3868/3079
f 2755/3868/3080 2817/3723/3080 2868/3725/3080 2807/3866/3080
f 2807/3866/3081 2868/3725/3081 2905/3850/3081 2839/3616/3081
f 1747/3862/3082 1749/3901/3082 1466/3904/3082 1493/3863/3082
f 698/4031/3083 636/4032/3083 647/3906/3083 717/3905/3083
f 2157/3921/3084 2177/3920/3084 2373/4033/3084 2357/4028/3084
f 1575/2845/3085 1423/2844/3085 1481/2866/3085 1593/3193/3085
f 1683/4034/3086 1677/3368/3086 1863/3371/3086 1892/4035/3086
f 72/1754/3087 107/2192/3087 129/2195/3087 90/2229/3087
f 956/3891/3088 935/4036/3088 1031/3914/3088 1058/3892/3088
f 805/3894/3089 771/3909/3089 851/3932/3089 887/3895/3089
f 2475/2461/3090 2497/2374/3090 2372/4037/3090 2356/4038/3090
f 1267/3760/3091 1251/3916/3091 1447/4039/3091 1467/3761/3091
f 2156/4040/3092 2176/4041/3092 1752/4042/3092 1704/4043/3092
f 1657/3560/3093 1643/3365/3093 1677/3368/3093 1683/4034/3093
f 647/3906/3094 630/4044/3094 671/3939/3094 709/3907/3094
f 2851/3724/3095 2873/3955/3095 2951/3551/3095 2913/3550/3095
f 2496/4045/3096 2508/3959/3096 2603/3934/3096 2591/3933/3096
f 851/3932/3097 829/3931/3097 921/3952/3097 935/4036/3097
f 935/4036/3098 921/3952/3098 1019/137/3098 1031/3914/3098
f 2852/2879/3099 2874/2878/3099 2794/3308/3099 2772/4046/3099
f 271/1758/3100 234/1893/3100 228/1894/3100 269/1921/3100
f 2177/3920/3101 2183/3943/3101 2381/3956/3101 2373/4033/3101
f 636/4032/3102 612/4047/3102 630/4044/3102 647/3906/3102
f 1754/3942/3103 1756/4048/3103 2189/3960/3103 2183/3943/3103
f 672/4049/3104 655/3982/3104 622/3963/3104 631/4050/3104
f 2873/3955/3105 2880/3954/3105 2968/3944/3105 2951/3551/3105
f 2508/3959/3106 2513/3958/3106 2606/4051/3106 2603/3934/3106
f 2603/3934/3107 2606/4051/3107 2708/1076/3107 2701/3935/3107
f 921/3952/3108 916/3951/3108 1018/138/3108 1019/137/3108
f 1115/4052/3109 1110/1178/3109 1017/4053/3109 1020/4054/3109
f 2952/2877/3110 2967/4055/3110 2879/4056/3110 2874/2878/3110
f 630/4057/3111 623/2203/3111 656/3947/3111 671/3946/3111
f 2182/4058/3112 2188/4059/3112 1699/4060/3112 1723/4061/3112
f 1756/4048/3113 1759/4062/3113 2195/3967/3113 2189/3960/3113
f 1241/441/3114 1235/4063/3114 1431/4064/3114 1435/442/3114
f 2383/3957/3115 2390/3968/3115 2517/4065/3115 2513/3958/3115
f 2879/4056/3116 2888/4066/3116 2804/3975/3116 2799/3309/3116
f 2606/4051/3117 2612/4067/3117 2709/1077/3117 2708/1076/3117
f 916/3951/3118 912/4068/3118 1009/4069/3118 1018/138/3118
f 2800/1079/3119 2801/1078/3119 2886/4070/3119 2880/3954/3119
f 1111/139/3120 1102/4071/3120 1235/4063/3120 1241/441/3120
f 2968/3944/3121 2970/4072/3121 3004/4073/3121 3001/3945/3121
f 3001/3945/3122 3004/4073/3122 3022/4074/3122 3021/3961/3122
f 1735/4075/3123 1289/3989/3123 1294/3991/3123
f 1735/4075/3124 1294/3991/3124 1302/3993/3124
f 1735/4075/3125 1302/3993/3125 1318/3994/3125
f 1735/4075/3126 1318/3994/3126 1349/3804/3126
f 1735/4075/3127 1349/3804/3127 1392/3807/3127
f 1735/4075/3128 1392/3807/3128 1456/3997/3128
f 1735/4075/3129 1456/3997/3129 1534/3999/3129
f 1735/4075/3130 1534/3999/3130 1609/3790/3130
f 1735/4075/3131 1609/3790/3131 1661/3793/3131
f 1735/4075/3132 1661/3793/3132 1889/4002/3132
f 2334/3775/3133 2524/4076/3133 2515/4008/3133 2329/3776/3133
f 2320/4077/3134 2494/3833/3134 2514/3836/3134 2328/4078/3134
f 2015/3992/3135 2149/2379/3135 2291/2382/3135 2088/3808/3135
f 1456/3997/3136 1276/3826/3136 1331/4000/3136 1534/3999/3136
f 1961/2831/3137 1989/2830/3137 2037/3075/3137 1983/3199/3137
f 2166/3810/3138 2346/3809/3138 2398/4079/3138 2230/4080/3138
f 1535/3987/3139 1332/4081/3139 1277/3827/3139 1457/3988/3139
f 1608/3986/3140 1474/4082/3140 1332/4081/3140 1535/3987/3140
f 1660/3985/3141 1618/3840/3141 1474/4082/3141 1608/3986/3141
f 2328/4078/3142 2514/3836/3142 2524/4083/3142 2335/4084/3142
f 1962/3784/3143 2004/4009/3143 1739/4011/3143 1733/3785/3143
f 2515/4008/3144 2647/4085/3144 2621/4004/3144 2495/3831/3144
f 1166/3812/3145 1040/3755/3145 1001/2402/3145 1129/3813/3145
f 2347/3998/3146 2426/3750/3146 2352/4019/3146 2292/3794/3146
f 2346/3809/3147 2427/3830/3147 2503/4017/3147 2398/4079/3147
f 2398/4079/3148 2503/4017/3148 2542/4006/3148 2428/3797/3148
f 2456/3832/3149 2584/4005/3149 2541/4086/3149 2429/3995/3149
f 2292/3794/3150 2352/4019/3150 2255/3842/3150 2148/3795/3150
f 2005/3788/3151 2047/3856/3151 2256/2380/3151 2149/2379/3151
f 2524/4076/3152 2649/4087/3152 2647/4085/3152 2515/4008/3152
f 2648/3835/3153 2745/3615/3153 2758/3618/3153 2650/4088/3153
f 2622/3834/3154 2722/3865/3154 2745/3615/3154 2648/3835/3154
f 2256/2380/3155 2319/3858/3155 2414/3878/3155 2353/2381/3155
f 2353/2381/3156 2414/3878/3156 2504/4015/3156 2427/3830/3156
f 2541/4086/3157 2639/3696/3157 2557/3745/3157 2502/3748/3157
f 1196/3828/3158 1119/3853/3158 1065/4089/3158 1120/3829/3158
f 2426/3750/3159 2505/3749/3159 2415/3871/3159 2352/4019/3159
f 2583/4007/3160 2682/3867/3160 2722/3865/3160 2622/3834/3160
f 904/3712/3161 835/3502/3161 827/3659/3161 898/3713/3161
f 1741/3838/3162 1744/3861/3162 1524/3864/3162 1576/3839/3162
f 1743/4013/3163 1746/4027/3163 2130/3879/3163 2099/3857/3163
f 1524/3864/3164 1493/3863/3164 1280/3888/3164 1304/555/3164
f 1304/555/3165 1280/3888/3165 1181/3756/3165 1209/556/3165
f 2640/4018/3166 2695/4025/3166 2755/3868/3166 2682/3867/3166
f 2504/4015/3167 2537/3714/3167 2625/3717/3167 2558/4016/3167
f 1119/3853/3168 1086/3759/3168 998/3890/3168 1065/4089/3168
f 2414/3878/3169 2442/3877/3169 2537/3714/3169 2504/4015/3169
f 1259/381/3170 1255/223/3170 1451/226/3170 1459/382/3170
f 2746/3881/3171 2840/3482/3171 2808/3607/3171 2721/3606/3171
f 2098/3844/3172 2131/4090/3172 1904/4091/3172 1745/4092/3172
f 2839/3616/3173 2905/3850/3173 2926/3887/3173 2850/3617/3173
f 2840/3482/3174 2906/3481/3174 2867/3917/3174 2808/3607/3174
f 2808/3607/3175 2867/3917/3175 2818/4093/3175 2756/3608/3175
f 1085/3873/3176 1058/3892/3176 1148/3898/3176 1180/3897/3176
f 998/3890/3177 955/2360/3177 888/2363/3177 928/3874/3177
f 927/3896/3178 887/3895/3178 956/3891/3178 997/3872/3178
f 928/3874/3179 888/2363/3179 806/3911/3179 868/3875/3179
f 1167/3823/3180 1039/3822/3180 1082/3849/3180 1194/3805/3180
f 2342/4024/3181 2356/4038/3181 2156/4040/3181 2131/4090/3181
f 774/4022/3182 698/4031/3182 717/3905/3182 783/4023/3182
f 1977/3586/3183 1999/3604/3183 2139/3590/3183 2073/2833/3183
f 1466/3904/3184 1446/3903/3184 1250/3926/3184 1266/3889/3184
f 806/3911/3185 772/3910/3185 710/3940/3185 755/3900/3185
f 2735/4030/3186 2771/4094/3186 2851/3724/3186 2817/3723/3186
f 2736/4095/3187 2772/4046/3187 2688/572/3187 2667/3912/3187
f 2668/3716/3188 2687/3936/3188 2771/4094/3188 2735/4030/3188
f 2474/4029/3189 2496/4045/3189 2591/3933/3189 2566/3715/3189
f 2357/4028/3190 2373/4033/3190 2496/4045/3190 2474/4029/3190
f 2356/4038/3191 2372/4037/3191 2176/4041/3191 2156/4040/3191
f 718/3883/3192 648/3922/3192 637/3925/3192 697/3884/3192
f 2975/3553/3193 2992/3552/3193 3010/3962/3193 2986/3886/3193
f 2976/2396/3194 2993/2395/3194 2952/2877/3194 2914/2876/3194
f 2373/4033/3195 2381/3956/3195 2508/3959/3195 2496/4045/3195
f 1127/3929/3196 1115/3928/3196 1020/4096/3196 1032/3913/3196
f 2772/4046/3197 2794/3308/3197 2702/573/3197 2688/572/3197
f 2687/3936/3198 2701/3935/3198 2793/3953/3198 2771/4094/3198
f 2771/4094/3199 2793/3953/3199 2873/3955/3199 2851/3724/3199
f 772/3910/3200 750/4097/3200 672/3941/3200 710/3940/3200
f 2372/4037/3201 2380/4098/3201 2182/4099/3201 2176/4041/3201
f 1753/3902/3202 1755/4100/3202 1440/4101/3202 1446/3903/3202
f 3011/2394/3203 3020/4102/3203 3000/4103/3203 2993/2395/3203
f 2993/2395/3204 3000/4103/3204 2967/4055/3204 2952/2877/3204
f 1552/4104/3205 1500/4105/3205 1508/2080/3205 1560/2079/3205
f 2874/2878/3206 2879/4056/3206 2799/3309/3206 2794/3308/3206
f 1020/4054/3207 1017/4053/3207 915/4106/3207 922/4107/3207
f 2702/573/3208 2707/3310/3208 2605/4108/3208 2604/574/3208
f 2604/574/3209 2605/4108/3209 2512/4109/3209 2509/2373/3209
f 2509/2373/3210 2512/4109/3210 2382/4110/3210 2380/4098/3210
f 2380/4098/3211 2382/4110/3211 2188/4111/3211 2182/4099/3211
f 631/4050/3212 622/3963/3212 602/3966/3212 613/4112/3212
f 3020/4102/3213 3022/4113/3213 3006/4114/3213 3000/4103/3213
f 1434/4115/3214 1428/4116/3214 1232/1176/3214 1240/1175/3214
f 2512/4117/3215 2520/4118/3215 2388/4119/3215 2382/4120/3215
f 153/603/3216 172/602/3216 176/2371/3216 159/1270/3216
f 1017/4053/3217 1010/4121/3217 913/4122/3217 915/4106/3217
f 2707/3310/3218 2710/3976/3218 2613/4123/3218 2605/4108/3218
f 2605/4108/3219 2613/4123/3219 2520/4124/3219 2512/4109/3219
f 2880/3954/3220 2886/4070/3220 2970/4072/3220 2968/3944/3220
f 2382/4120/3221 2388/4119/3221 2192/4125/3221 2188/4059/3221
f 2188/4059/3222 2192/4125/3222 1760/4126/3222 1699/4060/3222
f 1735/4127/3223 1736/3786/3223 1963/3789/3223
f 1735/4127/3224 1963/3789/3224 2015/3992/3224
f 1735/4127/3225 2015/3992/3225 2088/3808/3225
f 1735/4127/3226 2088/3808/3226 2166/3810/3226
f 1735/4127/3227 2166/3810/3227 2230/4080/3227
f 1735/4127/3228 2230/4080/3228 2273/3796/3228
f 1735/4127/3229 2273/3796/3229 2304/3799/3229
f 1735/4127/3230 2304/3799/3230 2320/4077/3230
f 1735/4127/3231 2320/4077/3231 2328/4078/3231
f 1735/4127/3232 2328/4078/3232 2335/4084/3232
f 111/3509/3233 156/4128/3233 128/2375/3233 91/2359/3233
f 2014/3783/3234 2148/3795/3234 2004/4009/3234 1962/3784/3234
f 2304/3799/3235 2457/3798/3235 2494/3833/3235 2320/4077/3235
f 1550/3699/3236 1484/3421/3236 1353/3424/3236 1439/3698/3236
f 2230/4080/3237 2398/4079/3237 2428/3797/3237 2273/3796/3237
f 2231/3780/3238 2399/3996/3238 2347/3998/3238 2167/3781/3238
f 1318/3994/3239 1167/3823/3239 1194/3805/3239 1349/3804/3239
f 1969/3367/3240 1977/3586/3240 2073/2833/3240 2017/2832/3240
f 43/2215/3241 51/1755/3241 71/2220/3241 59/2211/3241
f 1737/3984/3242 1739/3837/3242 1618/3840/3242 1660/3985/3242
f 2514/3836/3243 2648/3835/3243 2650/4088/3243 2524/4083/3243
f 2148/3795/3244 2255/3842/3244 2046/3845/3244 2004/4009/3244
f 1474/4082/3245 1367/554/3245 1270/557/3245 1332/4081/3245
f 1332/4081/3246 1270/557/3246 1196/3828/3246 1277/3827/3246
f 2429/3995/3247 2541/4086/3247 2502/3748/3247 2399/3996/3247
f 2399/3996/3248 2502/3748/3248 2426/3750/3248 2347/3998/3248
f 1276/3826/3249 1197/3825/3249 1271/3854/3249 1331/4000/3249
f 1331/4000/3250 1271/3854/3250 1368/3820/3250 1475/3791/3250
f 1618/3840/3251 1576/3839/3251 1367/554/3251 1474/4082/3251
f 1619/3792/3252 1577/3821/3252 1903/3860/3252 1738/4001/3252
f 1738/3787/3253 1740/4012/3253 2047/3856/3253 2005/3788/3253
f 1576/3839/3254 1524/3864/3254 1304/555/3254 1367/554/3254
f 1040/3755/3255 941/3754/3255 901/2403/3255 1001/2402/3255
f 1197/3825/3256 1118/3852/3256 1208/3855/3256 1271/3854/3256
f 1120/3829/3257 1065/4089/3257 983/3753/3257 1081/3752/3257
f 1082/3849/3258 984/3848/3258 1066/3851/3258 1121/3824/3258
f 2584/4005/3259 2681/3609/3259 2639/3696/3259 2541/4086/3259
f 162/2368/3260 184/2383/3260 174/2012/3260 142/2011/3260
f 2647/4085/3261 2746/3881/3261 2721/3606/3261 2621/4004/3261
f 2046/3845/3262 2098/3844/3262 1745/4092/3262 1702/4010/3262
f 2649/4087/3263 2757/3880/3263 2746/3881/3263 2647/4085/3263
f 877/4020/3264 783/4023/3264 815/4014/3264 902/3846/3264
f 941/3754/3265 868/3875/3265 816/3899/3265 901/2403/3265
f 942/3847/3266 867/3893/3266 927/3896/3266 984/3848/3266
f 793/372/3267 787/669/3267 725/667/3267 741/373/3267
f 1065/4089/3268 998/3890/3268 928/3874/3268 983/3753/3268
f 2360/525/3269 2364/549/3269 2164/146/3269 2160/145/3269
f 902/3846/3270 815/4014/3270 867/3893/3270 942/3847/3270
f 2318/3843/3271 2342/4024/3271 2131/4090/3271 2098/3844/3271
f 878/2404/3272 784/3882/3272 773/3885/3272 865/3841/3272
f 1492/3741/3273 1467/3761/3273 1905/4129/3273 1703/4026/3273
f 783/4023/3274 717/3905/3274 756/3908/3274 815/4014/3274
f 868/3875/3275 806/3911/3275 755/3900/3275 816/3899/3275
f 2538/3869/3276 2565/2460/3276 2475/2461/3276 2443/3870/3276
f 2625/3717/3277 2668/3716/3277 2735/4030/3277 2695/4025/3277
f 2696/3695/3278 2736/4095/3278 2667/3912/3278 2626/3744/3278
f 2756/3608/3279 2818/4093/3279 2736/4095/3279 2696/3695/3279
f 2443/3870/3280 2475/2461/3280 2356/4038/3280 2342/4024/3280
f 1493/3863/3281 1466/3904/3281 1266/3889/3281 1280/3888/3281
f 2131/4090/3282 2156/4040/3282 1704/4043/3282 1904/4091/3282
f 2925/3480/3283 2987/2393/3283 2976/2396/3283 2906/3481/3283
f 1225/3801/3284 1120/3829/3284 1081/3752/3284 1195/3802/3284
f 1266/3889/3285 1250/3926/3285 1127/3929/3285 1149/3757/3285
f 2818/4093/3286 2852/2879/3286 2772/4046/3286 2736/4095/3286
f 887/3895/3287 851/3932/3287 935/4036/3287 956/3891/3287
f 2566/3715/3288 2591/3933/3288 2687/3936/3288 2668/3716/3288
f 1149/3757/3289 1127/3929/3289 1032/3913/3289 1057/3758/3289
f 2867/3917/3290 2914/2876/3290 2852/2879/3290 2818/4093/3290
f 755/3900/3291 710/3940/3291 648/3922/3291 718/3883/3291
f 1467/3761/3292 1447/4039/3292 1751/4130/3292 1905/4129/3292
f 1447/4039/3293 1441/443/3293 1896/3141/3293 1751/4130/3293
f 1446/3903/3294 1440/4101/3294 1242/3927/3294 1250/3926/3294
f 1126/3915/3295 1114/140/3295 1243/440/3295 1251/3916/3295
f 340/1735/3296 377/2097/3296 375/2454/3296 338/1736/3296
f 73/2358/3297 106/2376/3297 86/692/3297 58/691/3297
f 1032/3913/3298 1020/4096/3298 922/3937/3298 936/2361/3298
f 852/2362/3299 830/3938/3299 750/4097/3299 772/3910/3299
f 2497/2374/3300 2509/2373/3300 2380/4098/3300 2372/4037/3300
f 1251/3916/3301 1243/440/3301 1441/443/3301 1447/4039/3301
f 2176/4041/3302 2182/4099/3302 1723/4131/3302 1752/4042/3302
f 612/4132/3303 603/2200/3303 623/2203/3303 630/4057/3303
f 1440/4133/3304 1434/4115/3304 1240/1175/3304 1242/4134/3304
f 1242/4134/3305 1240/1175/3305 1110/1178/3305 1115/4052/3305
f 749/3930/3306 744/4135/3306 824/3950/3306 829/3931/3306
f 2701/3935/3307 2708/1076/3307 2800/1079/3307 2793/3953/3307
f 922/4107/3308 915/4106/3308 823/3977/3308 830/4136/3308
f 830/4136/3309 823/3977/3309 743/3980/3309 750/4137/3309
f 750/4137/3310 743/3980/3310 655/3982/3310 672/4049/3310
f 336/1821/3311 299/1756/3311 303/1759/3311 337/2077/3311
f 1755/4138/3312 1757/4139/3312 1434/4115/3312 1440/4133/3312
f 1435/442/3313 1431/4064/3313 1759/4140/3313 1923/3140/3313
f 623/2203/3314 617/2202/3314 650/3969/3314 656/3947/3314
f 2967/4055/3315 2972/4141/3315 2888/4066/3315 2879/4056/3315
f 1110/1178/3316 1105/1177/3316 1010/4121/3316 1017/4053/3316
f 1018/138/3317 1009/4069/3317 1102/4071/3317 1111/139/3317
f 915/4106/3318 913/4122/3318 821/3978/3318 823/3977/3318
f 2513/3958/3319 2517/4065/3319 2612/4067/3319 2606/4051/3319
f 3000/4103/3320 3006/4114/3320 2972/4141/3320 2967/4055/3320
f 479/1768/3321 362/2044/3321 361/1817/3321 481/1769/3321
f 1757/4139/3322 1760/4142/3322 1428/4116/3322 1434/4115/3322
